# Blender v2.93.18 OBJ File: 'Trailer Prancha 4.blend'
# www.blender.org
mtllib Trailer Prancha body_phys.mtl
o body_stickers_piece_5
v -24.088017 11.955552 16.459229
v -24.088017 11.955552 2.519296
v -24.088017 14.868979 2.519296
v -24.088017 14.868979 16.459229
v 22.224483 12.584140 16.459379
v 22.224483 15.497573 16.459379
v 22.224483 15.497573 2.519146
v 22.224483 12.584140 2.519146
v -24.088017 11.955552 36.091385
v -24.088017 11.955552 22.151449
v -24.088017 14.868979 22.151449
v -24.088017 14.868979 36.091385
v 22.224483 12.584140 36.091534
v 22.224483 15.497573 36.091534
v 22.224483 15.497573 22.151300
v 22.224483 12.584140 22.151300
v -24.088017 -2.329486 85.363228
v -24.088017 -2.329486 71.423294
v -24.088017 0.583942 71.423294
v -24.088017 0.583942 85.363228
v 22.224483 -1.700893 85.363373
v 22.224483 1.212535 85.363373
v 22.224483 1.212535 71.423141
v 22.224483 -1.700893 71.423141
v -24.088017 11.955552 55.529964
v -24.088017 11.955552 41.590019
v -24.088017 14.868979 41.590019
v -24.088017 14.868979 55.529964
v 22.224483 12.584140 55.530113
v 22.224483 15.497573 55.530113
v 22.224483 15.497573 41.589870
v 22.224483 12.584140 41.589870
v -53.941788 -14.717515 103.129242
v -53.941788 -14.717515 89.189308
v -53.941788 -11.804087 89.189308
v -53.941788 -11.804087 103.129242
v 51.629173 -14.717520 103.129395
v 51.629173 -11.804087 103.129395
v 51.629173 -11.804087 89.189163
v 51.629173 -14.717520 89.189163
v -53.941788 -14.717515 122.761436
v -53.941788 -14.717515 108.821503
v -53.941788 -11.804087 108.821503
v -53.941788 -11.804087 122.761436
v 51.629173 -14.717520 122.761589
v 51.629173 -11.804087 122.761589
v 51.629173 -11.804087 108.821350
v 51.629173 -14.717520 108.821350
v -53.941788 -14.717515 142.435791
v -53.941788 -14.717515 128.495850
v -53.941788 -11.804087 128.495850
v -53.941788 -11.804087 142.435791
v 51.629173 -14.717520 142.435944
v 51.629173 -11.804087 142.435944
v 51.629173 -11.804087 128.495697
v 51.629173 -14.717520 128.495697
v -53.941788 -14.717515 162.067978
v -53.941788 -14.717515 148.128052
v -53.941788 -11.804087 148.128052
v -53.941788 -11.804087 162.067978
v 51.629173 -14.717520 162.068130
v 51.629173 -11.804087 162.068130
v 51.629173 -11.804087 148.127899
v 51.629173 -14.717520 148.127899
v -53.941788 -14.717515 181.742340
v -53.941788 -14.717515 167.802414
v -53.941788 -11.804087 167.802414
v -53.941788 -11.804087 181.742340
v 51.629173 -14.717520 181.742493
v 51.629173 -11.804087 181.742493
v 51.629173 -11.804087 167.802261
v 51.629173 -14.717520 167.802261
v -53.941788 -14.717515 201.374512
v -53.941788 -14.717515 187.434586
v -53.941788 -11.804087 187.434586
v -53.941788 -11.804087 201.374512
v 51.629173 -14.717520 201.374664
v 51.629173 -11.804087 201.374664
v 51.629173 -11.804087 187.434433
v 51.629173 -14.717520 187.434433
v -53.941788 -14.717515 221.171295
v -53.941788 -14.717515 207.231369
v -53.941788 -11.804087 207.231369
v -53.941788 -11.804087 221.171295
v 51.629173 -14.717520 221.171448
v 51.629173 -11.804087 221.171448
v 51.629173 -11.804087 207.231216
v 51.629173 -14.717520 207.231216
v -53.941788 -14.717515 240.803467
v -53.941788 -14.717515 226.863541
v -53.941788 -11.804087 226.863541
v -53.941788 -11.804087 240.803467
v 51.629173 -14.717520 240.803619
v 51.629173 -11.804087 240.803619
v 51.629173 -11.804087 226.863388
v 51.629173 -14.717520 226.863388
v -53.941788 -14.717515 260.454712
v -53.941788 -14.717515 246.514801
v -53.941788 -11.804087 246.514801
v -53.941788 -11.804087 260.454712
v 51.629173 -14.717520 260.454865
v 51.629173 -11.804087 260.454865
v 51.629173 -11.804087 246.514648
v 51.629173 -14.717520 246.514648
v -53.941788 -14.717515 280.086914
v -53.941788 -14.717515 266.146973
v -53.941788 -11.804087 266.146973
v -53.941788 -11.804087 280.086914
v 51.629173 -14.717520 280.087036
v 51.629173 -11.804087 280.087036
v 51.629173 -11.804087 266.146820
v 51.629173 -14.717520 266.146820
v -53.941788 -14.717515 299.792023
v -53.941788 -14.717515 285.852081
v -53.941788 -11.804087 285.852081
v -53.941788 -11.804087 299.792023
v 51.629173 -14.717520 299.792145
v 51.629173 -11.804087 299.792145
v 51.629173 -11.804087 285.851929
v 51.629173 -14.717520 285.851929
v -53.941788 -14.717515 319.424164
v -53.941788 -14.717515 305.484253
v -53.941788 -11.804087 305.484253
v -53.941788 -11.804087 319.424164
v 51.629173 -14.717520 319.424316
v 51.629173 -11.804087 319.424316
v 51.629173 -11.804087 305.484100
v 51.629173 -14.717520 305.484100
v -43.855316 -21.880873 505.217896
v -43.855316 -18.967436 505.217896
v -31.343840 -18.967436 505.217896
v -31.343840 -21.880873 505.217896
v -18.844049 -21.880882 505.217896
v -31.355946 -21.880882 505.217896
v -31.355946 -18.967445 505.217896
v -18.844049 -18.967445 505.217896
v -14.492990 -21.880873 505.217896
v -14.492990 -18.967436 505.217896
v -1.466942 -18.967436 505.217896
v -1.466942 -21.880873 505.217896
v 11.546923 -21.880882 505.217896
v -1.479540 -21.880882 505.217896
v -1.479540 -18.967445 505.217896
v 11.546923 -18.967445 505.217896
v 15.422667 -21.880873 505.217896
v 15.422667 -18.967436 505.217896
v 28.448711 -18.967436 505.217896
v 28.448711 -21.880873 505.217896
v 41.462540 -21.880882 505.217896
v 28.436113 -21.880882 505.217896
v 28.436113 -18.967445 505.217896
v 41.462540 -18.967445 505.217896
v -53.715988 -21.880873 505.217896
v -53.715988 -18.967436 505.217896
v -46.592030 -18.967436 505.217896
v -46.592030 -21.880873 505.217896
v 44.882896 -21.880873 505.217896
v 44.882896 -18.967436 505.217896
v 52.006870 -18.967436 505.217896
v 52.006870 -21.880873 505.217896
v 51.622311 -13.628816 326.682495
v 51.622311 -9.408401 339.857849
v 51.622311 -10.854237 325.793732
v 51.622311 -6.633832 338.969055
v 51.622330 -6.634824 338.965912
v 51.622330 -9.409404 339.854706
v 51.622330 -4.535839 345.518524
v 51.622330 -7.310409 346.407318
v -53.941753 -9.408401 339.857849
v -53.941753 -13.628816 326.682495
v -53.941753 -10.854237 325.793732
v -53.941753 -6.633832 338.969055
v -53.941780 -9.409404 339.854706
v -53.941780 -6.634824 338.965912
v -53.941780 -4.535839 345.518524
v -53.941780 -7.310409 346.407318
v -24.142057 10.749032 3.686225
v -24.142057 10.749032 19.222086
v -24.142057 4.534691 19.222086
v -24.142057 4.534691 3.686225
v 21.676722 10.749032 19.222086
v 21.676722 10.749032 3.686225
v 21.676722 4.534691 3.686225
v 21.676722 4.534691 19.222086
vt 0.889800 0.220987
vt 0.889800 0.102487
vt 0.080764 0.102487
vt 0.080764 0.220987
vt 0.889800 0.220987
vt 0.080764 0.220987
vt 0.080764 0.102487
vt 0.889800 0.102487
vt 0.889800 0.220987
vt 0.889800 0.102487
vt 0.080764 0.102487
vt 0.080764 0.220987
vt 0.889800 0.220987
vt 0.080764 0.220987
vt 0.080764 0.102487
vt 0.889800 0.102487
vt 0.889800 0.220987
vt 0.889800 0.102487
vt 0.080764 0.102487
vt 0.080764 0.220987
vt 0.889800 0.220987
vt 0.080764 0.220987
vt 0.080764 0.102487
vt 0.889800 0.102487
vt 0.889800 0.220987
vt 0.889800 0.102487
vt 0.080764 0.102487
vt 0.080764 0.220987
vt 0.889800 0.220987
vt 0.080764 0.220987
vt 0.080764 0.102487
vt 0.889800 0.102487
vt 0.889800 0.220987
vt 0.889800 0.102487
vt 0.080764 0.102487
vt 0.080764 0.220987
vt 0.889800 0.220987
vt 0.080764 0.220987
vt 0.080764 0.102487
vt 0.889800 0.102487
vt 0.889800 0.220987
vt 0.889800 0.102487
vt 0.080764 0.102487
vt 0.080764 0.220987
vt 0.889800 0.220987
vt 0.080764 0.220987
vt 0.080764 0.102487
vt 0.889800 0.102487
vt 0.889800 0.220987
vt 0.889800 0.102487
vt 0.080764 0.102487
vt 0.080764 0.220987
vt 0.889800 0.220987
vt 0.080764 0.220987
vt 0.080764 0.102487
vt 0.889800 0.102487
vt 0.889800 0.220987
vt 0.889800 0.102487
vt 0.080764 0.102487
vt 0.080764 0.220987
vt 0.889800 0.220987
vt 0.080764 0.220987
vt 0.080764 0.102487
vt 0.889800 0.102487
vt 0.889800 0.220987
vt 0.889800 0.102487
vt 0.080764 0.102487
vt 0.080764 0.220987
vt 0.889800 0.220987
vt 0.080764 0.220987
vt 0.080764 0.102487
vt 0.889800 0.102487
vt 0.889800 0.220987
vt 0.889800 0.102487
vt 0.080764 0.102487
vt 0.080764 0.220987
vt 0.889800 0.220987
vt 0.080764 0.220987
vt 0.080764 0.102487
vt 0.889800 0.102487
vt 0.889800 0.220987
vt 0.889800 0.102487
vt 0.080764 0.102487
vt 0.080764 0.220987
vt 0.889800 0.220987
vt 0.080764 0.220987
vt 0.080764 0.102487
vt 0.889800 0.102487
vt 0.889800 0.220987
vt 0.889800 0.102487
vt 0.080764 0.102487
vt 0.080764 0.220987
vt 0.889800 0.220987
vt 0.080764 0.220987
vt 0.080764 0.102487
vt 0.889800 0.102487
vt 0.889800 0.220987
vt 0.889800 0.102487
vt 0.080764 0.102487
vt 0.080764 0.220987
vt 0.889800 0.220987
vt 0.080764 0.220987
vt 0.080764 0.102487
vt 0.889800 0.102487
vt 0.889800 0.220987
vt 0.889800 0.102487
vt 0.080764 0.102487
vt 0.080764 0.220987
vt 0.889800 0.220987
vt 0.080764 0.220987
vt 0.080764 0.102487
vt 0.889800 0.102487
vt 0.889800 0.220987
vt 0.889800 0.102487
vt 0.080764 0.102487
vt 0.080764 0.220987
vt 0.889800 0.220987
vt 0.080764 0.220987
vt 0.080764 0.102487
vt 0.889800 0.102487
vt 0.889800 0.220987
vt 0.889800 0.102487
vt 0.080764 0.102487
vt 0.080764 0.220987
vt 0.889800 0.220987
vt 0.080764 0.220987
vt 0.080764 0.102487
vt 0.889800 0.102487
vt 0.889800 0.220987
vt 0.080764 0.220987
vt 0.080764 0.102487
vt 0.889800 0.102487
vt 0.889800 0.220987
vt 0.889800 0.102487
vt 0.080764 0.102487
vt 0.080764 0.220987
vt 0.889800 0.220987
vt 0.080764 0.220987
vt 0.080764 0.102487
vt 0.889800 0.102487
vt 0.889800 0.220987
vt 0.889800 0.102487
vt 0.080764 0.102487
vt 0.080764 0.220987
vt 0.889800 0.220987
vt 0.080764 0.220987
vt 0.080764 0.102487
vt 0.889800 0.102487
vt 0.889800 0.220987
vt 0.889800 0.102487
vt 0.080764 0.102487
vt 0.080764 0.220987
vt 0.895083 0.222457
vt 0.507343 0.222457
vt 0.507343 0.097652
vt 0.895083 0.097652
vt 0.895083 0.222457
vt 0.507343 0.222457
vt 0.507343 0.097652
vt 0.895083 0.097652
vt 0.889800 0.220987
vt 0.080764 0.102487
vt 0.889800 0.102487
vt 0.080764 0.220987
vt 0.895083 0.222457
vt 0.507343 0.097652
vt 0.507343 0.222457
vt 0.895083 0.097652
vt 0.889800 0.220987
vt 0.889800 0.102487
vt 0.080764 0.102487
vt 0.080764 0.220987
vt 0.895083 0.222457
vt 0.507343 0.222457
vt 0.507343 0.097652
vt 0.895083 0.097652
vt 0.918033 0.397429
vt 0.918033 0.674649
vt 0.099704 0.674649
vt 0.099704 0.397429
vt 0.918033 0.397429
vt 0.918033 0.674649
vt 0.099704 0.674649
vt 0.099704 0.397429
vn -1.0000 0.0000 0.0000
vn 1.0000 0.0000 0.0000
vn 0.0000 0.0000 1.0000
usemtl mat_0001_faixa.001
s 1
f 3/1/1 2/2/1 1/3/1
f 3/1/1 1/3/1 4/4/1
f 7/5/2 6/6/2 5/7/2
f 7/5/2 5/7/2 8/8/2
f 11/9/1 10/10/1 9/11/1
f 11/9/1 9/11/1 12/12/1
f 15/13/2 14/14/2 13/15/2
f 15/13/2 13/15/2 16/16/2
f 19/17/1 18/18/1 17/19/1
f 19/17/1 17/19/1 20/20/1
f 23/21/2 22/22/2 21/23/2
f 23/21/2 21/23/2 24/24/2
f 27/25/1 26/26/1 25/27/1
f 27/25/1 25/27/1 28/28/1
f 31/29/2 30/30/2 29/31/2
f 31/29/2 29/31/2 32/32/2
f 35/33/1 34/34/1 33/35/1
f 35/33/1 33/35/1 36/36/1
f 39/37/2 38/38/2 37/39/2
f 39/37/2 37/39/2 40/40/2
f 43/41/1 42/42/1 41/43/1
f 43/41/1 41/43/1 44/44/1
f 47/45/2 46/46/2 45/47/2
f 47/45/2 45/47/2 48/48/2
f 51/49/1 50/50/1 49/51/1
f 51/49/1 49/51/1 52/52/1
f 55/53/2 54/54/2 53/55/2
f 55/53/2 53/55/2 56/56/2
f 59/57/1 58/58/1 57/59/1
f 59/57/1 57/59/1 60/60/1
f 63/61/2 62/62/2 61/63/2
f 63/61/2 61/63/2 64/64/2
f 67/65/1 66/66/1 65/67/1
f 67/65/1 65/67/1 68/68/1
f 71/69/2 70/70/2 69/71/2
f 71/69/2 69/71/2 72/72/2
f 75/73/1 74/74/1 73/75/1
f 75/73/1 73/75/1 76/76/1
f 79/77/2 78/78/2 77/79/2
f 79/77/2 77/79/2 80/80/2
f 83/81/1 82/82/1 81/83/1
f 83/81/1 81/83/1 84/84/1
f 87/85/2 86/86/2 85/87/2
f 87/85/2 85/87/2 88/88/2
f 91/89/1 90/90/1 89/91/1
f 91/89/1 89/91/1 92/92/1
f 95/93/2 94/94/2 93/95/2
f 95/93/2 93/95/2 96/96/2
f 99/97/1 98/98/1 97/99/1
f 99/97/1 97/99/1 100/100/1
f 103/101/2 102/102/2 101/103/2
f 103/101/2 101/103/2 104/104/2
f 107/105/1 106/106/1 105/107/1
f 107/105/1 105/107/1 108/108/1
f 111/109/2 110/110/2 109/111/2
f 111/109/2 109/111/2 112/112/2
f 115/113/1 114/114/1 113/115/1
f 115/113/1 113/115/1 116/116/1
f 119/117/2 118/118/2 117/119/2
f 119/117/2 117/119/2 120/120/2
f 123/121/1 122/122/1 121/123/1
f 123/121/1 121/123/1 124/124/1
f 127/125/2 126/126/2 125/127/2
f 127/125/2 125/127/2 128/128/2
f 131/129/3 130/130/3 129/131/3
f 131/129/3 129/131/3 132/132/3
f 135/133/3 134/134/3 133/135/3
f 135/133/3 133/135/3 136/136/3
f 139/137/3 138/138/3 137/139/3
f 139/137/3 137/139/3 140/140/3
f 143/141/3 142/142/3 141/143/3
f 143/141/3 141/143/3 144/144/3
f 147/145/3 146/146/3 145/147/3
f 147/145/3 145/147/3 148/148/3
f 151/149/3 150/150/3 149/151/3
f 151/149/3 149/151/3 152/152/3
f 155/153/3 154/154/3 153/155/3
f 155/153/3 153/155/3 156/156/3
f 159/157/3 158/158/3 157/159/3
f 159/157/3 157/159/3 160/160/3
f 163/161/2 162/162/2 161/163/2
f 163/161/2 164/164/2 162/162/2
f 167/165/2 166/166/2 165/167/2
f 167/165/2 168/168/2 166/166/2
f 171/169/1 170/170/1 169/171/1
f 171/169/1 169/171/1 172/172/1
f 175/173/1 174/174/1 173/175/1
f 175/173/1 173/175/1 176/176/1
f 179/177/1 178/178/1 177/179/1
f 179/177/1 177/179/1 180/180/1
f 183/181/2 182/182/2 181/183/2
f 183/181/2 181/183/2 184/184/2
o floor_piece_4.224
v -52.950657 -3.171607 86.698761
v -23.041546 -3.171607 318.738739
v -23.041546 -3.171607 86.698761
v -52.950657 -3.171607 318.738739
v -20.997368 -3.058959 453.582642
v 19.058691 -3.058959 492.255157
v 19.058691 -3.058959 453.582642
v -20.997368 -3.058959 492.255157
v -20.997368 -3.058959 404.930298
v 19.058691 -3.058959 443.602814
v 19.058691 -3.058959 404.930298
v -20.997368 -3.058959 443.602814
v -20.997368 -3.058959 356.393921
v 19.058691 -3.058959 395.066437
v 19.058691 -3.058959 356.393921
v -20.997368 -3.058959 395.066437
v -18.464405 -3.171607 86.698799
v 17.622936 -3.171607 318.738739
v 17.622936 -3.171607 86.698799
v -18.464405 -3.171607 318.738739
v 21.520323 -3.171607 86.698761
v 51.429428 -3.171607 318.738739
v 51.429428 -3.171607 86.698761
v 21.520323 -3.171607 318.738739
v -9.394723 -10.836122 504.813599
v 8.686102 -15.824661 504.813599
v 8.686102 -10.836122 504.813599
v -9.394723 -15.824661 504.813599
v -55.768890 -33.521423 505.721008
v -55.768890 -39.409988 505.721008
v 55.272648 -33.521423 505.721008
v 55.272648 -39.409988 505.721008
v 55.140556 -22.799871 499.526367
v 55.138870 -23.396364 501.333801
v 55.140556 -23.396364 499.526367
v 55.138870 -22.799871 501.333801
v 55.079708 -22.627026 499.602539
v 54.990948 -22.627026 499.282562
v 55.051777 -22.799871 499.206390
v 54.839375 -22.627026 499.118073
v 54.900215 -22.799871 499.041901
v 55.051777 -23.396364 499.206390
v 55.140556 -23.746300 499.526367
v 55.051777 -23.746300 499.206390
v 54.900215 -23.396364 499.041901
v 54.685631 -23.396364 498.967224
v 54.900215 -23.746300 499.041901
v 54.685631 -22.799871 498.967224
v 40.293228 -22.799871 498.967224
v 54.624802 -22.627026 499.043488
v 40.293228 -22.627026 499.043488
v 40.293228 -22.448298 499.348022
v 25.326674 -22.627026 499.043396
v 25.265835 -22.799871 498.967163
v 25.265835 -23.396364 498.967163
v 25.051241 -22.799871 499.041840
v 25.051241 -23.396364 499.041840
v 24.899668 -23.396364 499.206299
v 24.899668 -23.746300 499.206299
v 25.051241 -23.746300 499.041840
v 24.899668 -27.204704 499.206299
v 25.265835 -23.746300 498.967163
v 25.051241 -27.204704 499.041840
v 25.051241 -30.366468 499.041840
v 25.265835 -30.366468 498.967163
v 25.265835 -27.204704 498.967163
v 40.293228 -27.204704 498.967224
v 40.287178 -30.364769 498.967224
v 40.293228 -23.746300 498.967224
v 40.293228 -23.396364 498.967224
v 54.681866 -27.245132 498.967224
v 54.685631 -23.746300 498.967224
v 54.866283 -27.246368 499.042725
v 54.520634 -28.496962 498.967224
v 54.671558 -28.548176 499.043488
v 55.023804 -27.244650 499.277100
v 54.827671 -28.601131 499.348022
v 55.130932 -27.243343 499.616760
v 55.138870 -23.746300 501.333801
v 55.072647 -27.198614 501.333801
v 54.948112 -28.642023 499.654816
v 54.948112 -28.642023 501.333801
v 54.364685 -30.168049 501.333801
v 55.130939 -27.243343 503.275421
v 54.364677 -30.168049 499.654816
v 54.364685 -30.168049 503.237366
v 54.948112 -28.642023 503.237366
v 54.827663 -28.601131 503.544373
v 54.262840 -30.086702 503.544373
v 53.546516 -30.969492 503.544373
v 54.130825 -29.981291 503.848846
v 53.443733 -30.830530 503.848846
v 52.803337 -31.295740 503.848846
v 52.750622 -31.132792 503.925018
v 53.344349 -30.696123 503.925018
v 53.001366 -30.232328 503.925018
v 52.568714 -30.570444 503.925018
v 54.003220 -29.879351 503.925018
v 54.671551 -28.548176 503.848846
v 54.520622 -28.496962 503.925018
v 53.562706 -29.527548 503.925018
v 53.999626 -28.320227 503.925018
v 40.287178 -30.364769 503.925018
v 54.681858 -27.245132 503.925018
v 40.293228 -27.204704 503.925018
v 40.289433 -30.717270 503.925018
v 25.265835 -27.204704 503.925110
v 25.265835 -30.366468 503.925110
v 25.265835 -30.716417 503.925110
v 25.051241 -30.366468 503.850281
v 25.051241 -27.204704 503.850281
v 24.899677 -27.204704 503.685944
v 25.051241 -23.746300 503.850281
v 25.265835 -23.746300 503.925110
v 25.265835 -23.396364 503.925110
v 40.293228 -23.396364 503.925018
v 40.293228 -23.746300 503.925018
v 54.685623 -23.746300 503.925018
v 54.685623 -23.396364 503.925018
v 54.866276 -27.246368 503.849609
v 54.900196 -23.746300 503.850281
v 55.023792 -27.244650 503.615082
v 55.051777 -23.746300 503.685944
v 54.900196 -23.396364 503.850281
v 55.051777 -23.396364 503.685944
v 54.900196 -22.799871 503.850281
v 54.685623 -22.799871 503.925018
v 40.293228 -22.799871 503.925018
v 40.293228 -22.627026 503.848846
v 54.624790 -22.627026 503.848846
v 40.293228 -22.448298 503.544373
v 54.839367 -22.627026 503.774017
v 54.490990 -22.448298 503.544373
v 40.293228 -22.310375 503.237366
v 54.705555 -22.448298 503.469635
v 54.320663 -22.310375 503.237366
v 54.320663 -22.310375 501.333801
v 54.535267 -22.310375 503.162689
v 40.293228 -22.310375 501.333801
v 25.630802 -22.310375 501.333801
v 25.630793 -22.310375 503.237366
v 40.293228 -22.310375 499.654816
v 54.320663 -22.310375 499.654816
v 25.630793 -22.310375 499.654816
v 25.245892 -22.448298 499.422638
v 25.416208 -22.310375 499.729492
v 25.460485 -22.448298 499.347961
v 25.112089 -22.627026 499.118073
v 24.960480 -22.627026 499.282471
v 24.899668 -22.799871 499.206299
v 24.810909 -22.799871 499.526276
v 24.810909 -23.396364 499.526276
v 24.812605 -23.396364 501.333801
v 24.812605 -23.746300 501.333801
v 24.810909 -23.746300 499.526276
v 24.810909 -27.204704 499.526276
v 24.812605 -27.204704 501.333801
v 24.812605 -30.366468 501.333801
v 24.810909 -30.366468 499.526276
v 24.810909 -30.366468 503.365906
v 24.810909 -27.204704 503.365906
v 24.810909 -23.746300 503.365906
v 24.810909 -23.396364 503.365906
v 24.899677 -23.396364 503.685944
v 24.899677 -23.746300 503.685944
v 25.051241 -23.396364 503.850281
v 25.051241 -22.799871 503.850281
v 25.265835 -22.799871 503.925110
v 25.326674 -22.627026 503.848846
v 25.460485 -22.448298 503.544373
v 25.112089 -22.627026 503.774017
v 24.960480 -22.627026 503.609711
v 25.245892 -22.448298 503.469635
v 24.899677 -22.799871 503.685944
v 24.810909 -22.799871 503.365906
v 24.871740 -22.627026 503.289703
v 24.812605 -22.799871 501.333801
v 24.871740 -22.627026 499.602478
v 24.873425 -22.627026 501.333801
v 25.007256 -22.448298 501.333801
v 25.005550 -22.448298 502.985229
v 25.005550 -22.448298 499.907074
v 25.094309 -22.448298 499.586884
v 25.175869 -22.310375 500.214020
v 25.264618 -22.310375 499.893982
v 25.416218 -22.310375 501.333801
v 25.264618 -22.310375 501.333801
v 25.175877 -22.310375 502.678223
v 25.264618 -22.310375 502.998291
v 25.177544 -22.310375 501.333801
v 25.416208 -22.310375 503.162689
v 25.094309 -22.448298 503.305237
v 24.899677 -30.366468 503.685944
v 25.051241 -30.716417 503.850281
v 24.899677 -30.716417 503.685944
v 24.899677 -31.312887 503.685944
v 24.810909 -30.716417 503.365906
v 25.051241 -31.312887 503.850281
v 25.112089 -31.485729 503.774017
v 25.326674 -31.485729 503.848846
v 25.265835 -31.312887 503.925110
v 40.293228 -31.312887 503.925018
v 40.293228 -31.485729 503.848846
v 51.744331 -31.485729 503.848846
v 51.744331 -31.664482 503.544373
v 40.293228 -31.664482 503.544373
v 25.460485 -31.664482 503.544373
v 40.293228 -31.802399 503.237366
v 51.744339 -31.802399 503.237366
v 51.744339 -31.802399 501.333801
v 52.899891 -31.594286 501.333801
v 52.899891 -31.594286 503.237366
v 52.857834 -31.464237 503.544373
v 53.625820 -31.076784 503.237366
v 53.625820 -31.076784 501.333801
v 52.899891 -31.594286 499.654816
v 53.625820 -31.076784 499.654816
v 53.546528 -30.969492 499.348022
v 52.857845 -31.464237 499.348022
v 52.803352 -31.295740 499.043488
v 51.744339 -31.485729 499.043488
v 51.744339 -31.664482 499.348022
v 51.744339 -31.802399 499.654816
v 40.293228 -31.485729 499.043488
v 40.293228 -31.664482 499.348022
v 40.293228 -31.802399 499.654816
v 25.326674 -31.485729 499.043396
v 25.460485 -31.664482 499.347961
v 25.245892 -31.664482 499.422638
v 25.112089 -31.485729 499.118073
v 25.630793 -31.802399 499.654816
v 40.293228 -31.802399 501.333801
v 25.630802 -31.802399 501.333801
v 25.416208 -31.802399 499.729492
v 25.416218 -31.802399 501.333801
v 25.264618 -31.802399 499.893982
v 25.094309 -31.664482 499.586884
v 24.960480 -31.485729 499.282471
v 25.005550 -31.664482 499.907074
v 24.871740 -31.485729 499.602478
v 24.810909 -31.312887 499.526276
v 24.873425 -31.485729 501.333801
v 24.812605 -31.312887 501.333801
v 24.810909 -31.312887 503.365906
v 24.812605 -30.716417 501.333801
v 24.871740 -31.485729 503.289703
v 25.005550 -31.664482 502.985229
v 25.094309 -31.664482 503.305237
v 24.960480 -31.485729 503.609711
v 25.245892 -31.664482 503.469635
v 25.416208 -31.802399 503.162689
v 25.630793 -31.802399 503.237366
v 25.264618 -31.802399 502.998291
v 25.264618 -31.802399 501.333801
v 25.175877 -31.802399 502.678223
v 25.007256 -31.664482 501.333801
v 25.175877 -31.802399 501.333801
v 25.175869 -31.802399 500.214020
v 24.810909 -30.716417 499.526276
v 24.899668 -31.312887 499.206299
v 24.899668 -30.716417 499.206299
v 25.051241 -31.312887 499.041840
v 25.051241 -30.716417 499.041840
v 24.899668 -30.366468 499.206299
v 25.265835 -30.716417 498.967163
v 25.265835 -31.312887 498.967163
v 40.293228 -31.312887 498.967224
v 40.289425 -30.717270 498.967224
v 51.744339 -31.312887 498.967224
v 51.744339 -30.716417 498.967224
v 52.750652 -31.132792 498.967224
v 53.443745 -30.830530 499.043488
v 53.344360 -30.696123 498.967224
v 52.568714 -30.570444 498.967224
v 53.001373 -30.232328 498.967224
v 53.562717 -29.527548 498.967224
v 54.003231 -29.879351 498.967224
v 54.130836 -29.981291 499.043488
v 54.262840 -30.086702 499.348022
v 53.999634 -28.320227 498.967224
v 51.744331 -31.312887 503.925018
v 51.744331 -30.716417 503.925018
v 54.705574 -22.448298 499.422699
v 54.535267 -22.310375 499.729584
v 54.490997 -22.448298 499.348022
v 54.857147 -22.448298 499.587036
v 54.535267 -22.310375 501.333801
v 54.686859 -22.310375 499.894043
v 54.686859 -22.310375 501.333801
v 54.775616 -22.310375 500.214020
v 54.945915 -22.448298 499.907074
v 54.944199 -22.448298 501.333801
v 55.078049 -22.627026 501.333801
v 55.079708 -22.627026 503.289703
v 54.945923 -22.448298 502.985229
v 54.857147 -22.448298 503.305237
v 54.686859 -22.310375 502.998291
v 54.775616 -22.310375 502.678162
v 54.773922 -22.310375 501.333801
v 54.990940 -22.627026 503.609711
v 55.051777 -22.799871 503.685944
v 55.140556 -22.799871 503.365906
v 55.140556 -23.396364 503.365906
v 55.140556 -23.746300 503.365906
v -56.773754 -23.396364 501.333801
v -56.775440 -23.396364 499.526367
v -56.773754 -23.746300 501.333801
v -56.775440 -22.799871 499.526367
v -56.773754 -22.799871 501.333801
v -56.775440 -23.396364 503.365906
v -56.775440 -22.799871 503.365906
v -56.686665 -22.799871 503.685944
v -56.625824 -22.627026 503.609711
v -56.714592 -22.627026 503.289703
v -56.492031 -22.448298 503.305237
v -56.580811 -22.448298 502.985229
v -56.712936 -22.627026 501.333801
v -56.580811 -22.448298 499.907074
v -56.579086 -22.448298 501.333801
v -56.714592 -22.627026 499.602539
v -56.492031 -22.448298 499.587036
v -56.625835 -22.627026 499.282562
v -56.340458 -22.448298 499.422699
v -56.686665 -22.799871 499.206390
v -56.474262 -22.627026 499.118073
v -56.125893 -22.448298 499.348022
v -56.259689 -22.627026 499.043488
v -56.535099 -22.799871 499.041901
v -56.320526 -22.799871 498.967224
v -56.686665 -23.396364 499.206390
v -56.535099 -23.396364 499.041901
v -56.686665 -23.746300 499.206390
v -56.320526 -23.396364 498.967224
v -56.535099 -23.746300 499.041901
v -56.501171 -27.246368 499.042725
v -56.320526 -23.746300 498.967224
v -56.658688 -27.244650 499.277100
v -56.306446 -28.548176 499.043488
v -56.462559 -28.601131 499.348022
v -56.765816 -27.243343 499.616760
v -56.775440 -23.746300 499.526367
v -56.707523 -27.198614 501.333801
v -56.583000 -28.642023 499.654816
v -56.583000 -28.642023 501.333801
v -55.999573 -30.168049 501.333801
v -56.765816 -27.243343 503.275421
v -55.999573 -30.168049 499.654816
v -55.999573 -30.168049 503.237366
v -56.583000 -28.642023 503.237366
v -56.462547 -28.601131 503.544373
v -55.897724 -30.086702 503.544373
v -55.181423 -30.969492 503.544373
v -55.765713 -29.981291 503.848846
v -55.078629 -30.830530 503.848846
v -54.438240 -31.295740 503.848846
v -54.385529 -31.132792 503.925018
v -54.979244 -30.696123 503.925018
v -55.638115 -29.879351 503.925018
v -54.636272 -30.232328 503.925018
v -54.203621 -30.570444 503.925018
v -41.924435 -30.717270 503.925018
v -53.379246 -30.716417 503.925018
v -53.379246 -31.312887 503.925018
v -53.379246 -31.485729 503.848846
v -41.928226 -31.312887 503.925018
v -41.928226 -31.485729 503.848846
v -26.900946 -31.312887 503.925110
v -26.900946 -30.716417 503.925110
v -26.686361 -30.716417 503.850281
v -26.686361 -30.366468 503.850281
v -26.900946 -30.366468 503.925110
v -41.922176 -30.364769 503.925018
v -26.900946 -27.204704 503.925110
v -26.686361 -27.204704 503.850281
v -26.534788 -27.204704 503.685944
v -26.686361 -23.746300 503.850281
v -26.900946 -23.746300 503.925110
v -26.900946 -23.396364 503.925110
v -41.928226 -23.396364 503.925018
v -41.928226 -23.746300 503.925018
v -56.316742 -27.245132 503.925018
v -41.928226 -27.204704 503.925018
v -56.320507 -23.746300 503.925018
v -56.501160 -27.246368 503.849609
v -56.535084 -23.746300 503.850281
v -56.320507 -23.396364 503.925018
v -56.320507 -22.799871 503.925018
v -56.535084 -23.396364 503.850281
v -41.928226 -22.799871 503.925018
v -41.928226 -22.627026 503.848846
v -26.900946 -22.799871 503.925110
v -26.961794 -22.627026 503.848846
v -26.686361 -22.799871 503.850281
v -26.686361 -23.396364 503.850281
v -26.534788 -23.396364 503.685944
v -26.534788 -23.746300 503.685944
v -26.446030 -23.746300 503.365906
v -26.446030 -27.204704 503.365906
v -26.446030 -30.366468 503.365906
v -26.447725 -27.204704 501.333801
v -26.534788 -30.366468 503.685944
v -26.534788 -30.716417 503.685944
v -26.534788 -31.312887 503.685944
v -26.686361 -31.312887 503.850281
v -26.446030 -30.716417 503.365906
v -26.446030 -31.312887 503.365906
v -26.447725 -30.716417 501.333801
v -26.447725 -30.366468 501.333801
v -26.446030 -30.716417 499.526276
v -26.446030 -30.366468 499.526276
v -26.446030 -27.204704 499.526276
v -26.534788 -30.716417 499.206299
v -26.534788 -30.366468 499.206299
v -26.686361 -30.716417 499.041840
v -26.534788 -27.204704 499.206299
v -26.686361 -30.366468 499.041840
v -26.686361 -27.204704 499.041840
v -26.900946 -30.716417 498.967163
v -26.900946 -30.366468 498.967163
v -26.900946 -27.204704 498.967163
v -41.922176 -30.364769 498.967224
v -41.924435 -30.717270 498.967224
v -54.636280 -30.232328 498.967224
v -54.203621 -30.570444 498.967224
v -53.379253 -30.716417 498.967224
v -41.928226 -31.312887 498.967224
v -53.379253 -31.312887 498.967224
v -54.385555 -31.132792 498.967224
v -54.438248 -31.295740 499.043488
v -53.379253 -31.485729 499.043488
v -54.492741 -31.464237 499.348022
v -53.379253 -31.664482 499.348022
v -41.928226 -31.485729 499.043488
v -26.900946 -31.312887 498.967163
v -41.928226 -31.664482 499.348022
v -26.961794 -31.485729 499.043396
v -27.095596 -31.664482 499.347961
v -26.686361 -31.312887 499.041840
v -26.747210 -31.485729 499.118073
v -26.881002 -31.664482 499.422638
v -26.595600 -31.485729 499.282471
v -26.534788 -31.312887 499.206299
v -26.446030 -31.312887 499.526276
v -26.506861 -31.485729 499.602478
v -26.447725 -31.312887 501.333801
v -26.508545 -31.485729 501.333801
v -26.506861 -31.485729 503.289703
v -26.640671 -31.664482 502.985229
v -26.729429 -31.664482 503.305237
v -26.595600 -31.485729 503.609711
v -26.881002 -31.664482 503.469635
v -26.747210 -31.485729 503.774017
v -27.095596 -31.664482 503.544373
v -26.961794 -31.485729 503.848846
v -41.928226 -31.664482 503.544373
v -53.379246 -31.664482 503.544373
v -41.928226 -31.802399 503.237366
v -53.379253 -31.802399 503.237366
v -53.379253 -31.802399 501.333801
v -54.534798 -31.594286 501.333801
v -54.534798 -31.594286 503.237366
v -54.492741 -31.464237 503.544373
v -55.260727 -31.076784 501.333801
v -55.260727 -31.076784 503.237366
v -54.534798 -31.594286 499.654816
v -55.260727 -31.076784 499.654816
v -55.181423 -30.969492 499.348022
v -55.897736 -30.086702 499.348022
v -55.078640 -30.830530 499.043488
v -54.979263 -30.696123 498.967224
v -55.765732 -29.981291 499.043488
v -55.638126 -29.879351 498.967224
v -56.155518 -28.496962 498.967224
v -55.197620 -29.527548 498.967224
v -55.634529 -28.320227 498.967224
v -56.316761 -27.245132 498.967224
v -41.928226 -23.746300 498.967224
v -41.928226 -27.204704 498.967224
v -41.928226 -23.396364 498.967224
v -26.900946 -23.746300 498.967163
v -26.686361 -23.746300 499.041840
v -26.900946 -23.396364 498.967163
v -26.900946 -22.799871 498.967163
v -41.928226 -22.799871 498.967224
v -26.686361 -23.396364 499.041840
v -26.686361 -22.799871 499.041840
v -26.534788 -23.396364 499.206299
v -26.534788 -23.746300 499.206299
v -26.446030 -23.746300 499.526276
v -26.447725 -23.746300 501.333801
v -26.446030 -23.396364 499.526276
v -26.446030 -22.799871 499.526276
v -26.534788 -22.799871 499.206299
v -26.447725 -23.396364 501.333801
v -26.447725 -22.799871 501.333801
v -26.446030 -22.799871 503.365906
v -26.446030 -23.396364 503.365906
v -26.534788 -22.799871 503.685944
v -26.595600 -22.627026 503.609711
v -26.747210 -22.627026 503.774017
v -26.881002 -22.448298 503.469635
v -27.095596 -22.448298 503.544373
v -41.928226 -22.448298 503.544373
v -27.265913 -22.310375 503.237366
v -41.928226 -22.310375 503.237366
v -41.928226 -22.310375 501.333801
v -56.125877 -22.448298 503.544373
v -55.955559 -22.310375 503.237366
v -56.340450 -22.448298 503.469635
v -56.170162 -22.310375 503.162689
v -55.955559 -22.310375 501.333801
v -55.955559 -22.310375 499.654816
v -56.170162 -22.310375 499.729584
v -56.170162 -22.310375 501.333801
v -56.321743 -22.310375 499.894043
v -56.321743 -22.310375 501.333801
v -56.321743 -22.310375 502.998291
v -56.410503 -22.310375 502.678162
v -56.410503 -22.310375 501.333801
v -56.410503 -22.310375 500.214020
v -41.928226 -22.310375 499.654816
v -41.928226 -22.448298 499.348022
v -27.095596 -22.448298 499.347961
v -27.265913 -22.310375 499.654816
v -27.265913 -22.310375 501.333801
v -27.051319 -22.310375 499.729492
v -26.881002 -22.448298 499.422638
v -26.729429 -22.448298 499.586884
v -26.595600 -22.627026 499.282471
v -26.747210 -22.627026 499.118073
v -26.961794 -22.627026 499.043396
v -41.928226 -22.627026 499.043488
v -26.506861 -22.627026 499.602478
v -26.640671 -22.448298 499.907074
v -26.508545 -22.627026 501.333801
v -26.640671 -22.448298 502.985229
v -26.642366 -22.448298 501.333801
v -26.506861 -22.627026 503.289703
v -26.729429 -22.448298 503.305237
v -26.899738 -22.310375 502.998291
v -27.051319 -22.310375 503.162689
v -27.051329 -22.310375 501.333801
v -26.899738 -22.310375 499.893982
v -26.899738 -22.310375 501.333801
v -26.810987 -22.310375 502.678223
v -26.810987 -22.310375 500.214020
v -26.812664 -22.310375 501.333801
v -56.474251 -22.627026 503.774017
v -56.535084 -22.799871 503.850281
v -56.259678 -22.627026 503.848846
v -56.686665 -23.396364 503.685944
v -56.686665 -23.746300 503.685944
v -56.775440 -23.746300 503.365906
v -56.658680 -27.244650 503.615082
v -56.306435 -28.548176 503.848846
v -56.155510 -28.496962 503.925018
v -55.634521 -28.320227 503.925018
v -55.197601 -29.527548 503.925018
v -53.379253 -31.802399 499.654816
v -41.928226 -31.802399 499.654816
v -41.928226 -31.802399 501.333801
v -27.265913 -31.802399 499.654816
v -27.051319 -31.802399 499.729492
v -27.265913 -31.802399 501.333801
v -27.051329 -31.802399 501.333801
v -27.051319 -31.802399 503.162689
v -27.265913 -31.802399 503.237366
v -26.899738 -31.802399 502.998291
v -26.810987 -31.802399 502.678223
v -26.899738 -31.802399 501.333801
v -26.810987 -31.802399 500.214020
v -26.899738 -31.802399 499.893982
v -26.812664 -31.802399 501.333801
v -26.642366 -31.664482 501.333801
v -26.640671 -31.664482 499.907074
v -26.729429 -31.664482 499.586884
v 45.732506 -25.175108 503.739136
v 45.732506 -25.175108 504.557434
v 46.236912 -27.102112 503.739136
v 44.360672 -23.766041 503.739136
v 44.360664 -23.766041 504.557434
v 42.488815 -23.252472 504.557800
v 42.494808 -27.108295 504.564178
v 40.618561 -23.772099 504.557800
v 45.738461 -29.030958 504.557434
v 38.752632 -27.114508 504.557800
v 39.257038 -29.041576 504.557800
v 39.251007 -25.185705 504.557800
v 40.628906 -30.450602 504.557434
v 42.500755 -30.964159 504.557434
v 44.371075 -30.444412 504.557434
v 46.236862 -27.102121 504.557434
v 45.738476 -29.030958 503.739136
v 44.371094 -30.444431 503.739136
v 42.500782 -30.964136 503.739136
v 40.628937 -30.450592 503.739136
v 39.257114 -29.041548 503.739136
v 38.752689 -27.114498 503.739136
v 39.251083 -25.185705 503.739136
v 40.618618 -23.772116 503.739136
v 42.488853 -23.252472 503.739136
v 53.264317 -25.321310 503.739136
v 51.983433 -24.005758 503.739136
v 51.983418 -24.005758 504.557434
v 53.735188 -27.120523 503.739136
v 53.264278 -25.321310 504.557800
v 50.241505 -27.126282 504.564178
v 53.735073 -27.120523 504.557800
v 53.269871 -28.921284 503.739136
v 53.269852 -28.921293 504.557800
v 51.993153 -30.240932 503.739136
v 51.993107 -30.240932 504.557434
v 50.247074 -30.726212 503.739136
v 50.247074 -30.726212 504.557434
v 48.499462 -30.246687 503.739136
v 48.499462 -30.246677 504.557434
v 47.218578 -28.931255 503.739136
v 47.218578 -28.931255 504.557434
v 46.747738 -27.132008 503.739136
v 46.747738 -27.131979 504.557434
v 47.213047 -25.331202 503.738739
v 47.213047 -25.331192 504.557434
v 48.489792 -24.011478 503.738739
v 48.489792 -24.011459 504.557434
v 50.235954 -23.526262 504.557434
v 50.235954 -23.526253 503.739136
v 37.701332 -25.308474 503.739136
v 38.172199 -27.107599 503.739136
v 36.420460 -23.992912 503.739136
v 36.420441 -23.992912 504.557434
v 37.701305 -25.308474 504.557434
v 34.678436 -27.113371 504.564178
v 38.172146 -27.107609 504.557434
v 37.706913 -28.908447 503.739136
v 37.706882 -28.908447 504.557434
v 36.430233 -30.228111 503.739136
v 36.430176 -30.228092 504.557434
v 34.683960 -30.713352 504.557434
v 34.684017 -30.713327 503.739136
v 32.936394 -30.233860 503.739136
v 32.936348 -30.233873 504.557434
v 31.655577 -28.918325 503.739136
v 31.184631 -27.119158 503.739136
v 31.655519 -28.918354 504.557800
v 31.184547 -27.119165 504.557800
v 31.649977 -25.318371 503.739136
v 31.649921 -25.318371 504.557800
v 32.926750 -23.998587 503.739136
v 32.926666 -23.998571 504.557800
v 34.672894 -23.513426 503.739136
v 34.672836 -23.513426 504.557800
v 30.031054 -25.941578 503.739136
v 29.185135 -25.072735 504.557434
v 30.342028 -27.129826 503.739136
v 29.185154 -25.072735 503.739136
v 30.031054 -25.941578 504.557800
v 28.034683 -27.133646 504.564178
v 30.341970 -27.129826 504.557800
v 30.034742 -28.319141 503.739136
v 30.034725 -28.319141 504.557800
v 29.191538 -29.190687 503.739136
v 29.191521 -29.190687 504.557434
v 28.038336 -29.511162 503.739136
v 28.038336 -29.511162 504.557343
v 26.884148 -29.194479 503.739136
v 26.884148 -29.194469 504.557343
v 26.038219 -28.325718 504.557343
v 26.038219 -28.325718 503.739136
v 25.727257 -27.137424 503.739136
v 26.034586 -25.948122 503.738678
v 25.727257 -27.137405 504.557343
v 26.034586 -25.948109 504.557343
v 26.877800 -25.076500 504.557343
v 26.877800 -25.076509 503.738678
v 28.031004 -24.756052 503.739136
v 28.031004 -24.756052 504.557343
v 54.837597 -24.500853 499.831665
v 55.631702 -23.806299 500.494843
v 55.631702 -24.500853 499.831726
v 54.837513 -25.450693 499.588165
v 54.837513 -23.806299 500.494843
v 54.837513 -23.553156 501.399567
v 55.632088 -23.553156 501.399567
v 55.632088 -23.809282 502.303650
v 55.638294 -25.453751 501.396667
v 55.632088 -25.456812 503.205078
v 55.631702 -27.098185 500.489807
v 55.631702 -25.450693 499.588165
v 55.632088 -26.406673 502.961639
v 55.632088 -24.506083 502.964203
v 55.631714 -27.101217 502.298462
v 55.631714 -27.354353 501.393799
v 55.631817 -26.401459 499.828888
v 54.837597 -26.401459 499.828888
v 54.837513 -27.098185 500.489807
v 54.837513 -27.354353 501.393799
v 54.837513 -27.101217 502.298462
v 54.837597 -26.406673 502.961365
v 54.837597 -25.456812 503.205078
v 54.837597 -24.506083 502.964203
v 54.837513 -23.809282 502.303253
v -45.995632 -23.766041 504.557434
v -47.367466 -25.175108 503.739136
v -45.995644 -23.766041 503.739136
v -47.367466 -25.175108 504.557434
v -44.123806 -23.252472 504.557800
v -44.129787 -27.108295 504.564178
v -40.892056 -29.041576 504.557800
v -47.871815 -27.102121 504.557434
v -40.387650 -27.114508 504.557800
v -40.886024 -25.185705 504.557800
v -42.263905 -30.450602 504.557434
v -42.253559 -23.772099 504.557800
v -44.135742 -30.964159 504.557434
v -46.006035 -30.444412 504.557434
v -47.373421 -29.030958 504.557434
v -47.373440 -29.030958 503.739136
v -46.006054 -30.444431 503.739136
v -44.135761 -30.964136 503.739136
v -42.263935 -30.450592 503.739136
v -40.892113 -29.041548 503.739136
v -40.387707 -27.114498 503.739136
v -40.886089 -25.185705 503.739136
v -42.253616 -23.772116 503.739136
v -44.123833 -23.252472 503.739136
v -47.871872 -27.102112 503.739136
v -54.899212 -25.321310 503.739136
v -54.899174 -25.321310 504.557800
v -55.370083 -27.120523 503.739136
v -53.618340 -24.005758 503.739136
v -53.618320 -24.005758 504.557434
v -51.870865 -23.526262 504.557434
v -51.876427 -27.126282 504.564178
v -48.382683 -27.131979 504.557434
v -48.853531 -28.931255 504.557434
v -48.847988 -25.331192 504.557434
v -50.134403 -30.246677 504.557434
v -51.881989 -30.726212 504.557434
v -53.628021 -30.240932 504.557434
v -55.369968 -27.120523 504.557800
v -50.124725 -24.011459 504.557434
v -54.904755 -28.921293 504.557800
v -54.904774 -28.921284 503.739136
v -53.628059 -30.240932 503.739136
v -51.881989 -30.726212 503.739136
v -50.134403 -30.246687 503.739136
v -48.853531 -28.931255 503.739136
v -48.382683 -27.132008 503.739136
v -48.847988 -25.331202 503.738739
v -50.124725 -24.011478 503.738739
v -51.870865 -23.526253 503.739136
v -39.336349 -25.308474 503.739136
v -38.055496 -23.992912 503.739136
v -39.336323 -25.308474 504.557434
v -39.807217 -27.107599 503.739136
v -38.055477 -23.992912 504.557434
v -36.307880 -23.513426 504.557800
v -36.313480 -27.113371 504.564178
v -32.819611 -27.119165 504.557800
v -33.290592 -28.918354 504.557800
v -33.284996 -25.318371 504.557800
v -34.571400 -30.233873 504.557434
v -36.319004 -30.713352 504.557434
v -39.341900 -28.908447 504.557434
v -34.561718 -23.998571 504.557800
v -38.065212 -30.228092 504.557434
v -39.807163 -27.107609 504.557434
v -39.341930 -28.908447 503.739136
v -38.065262 -30.228111 503.739136
v -36.319050 -30.713327 503.739136
v -34.571449 -30.233860 503.739136
v -33.290642 -28.918325 503.739136
v -32.819706 -27.119158 503.739136
v -33.285049 -25.318371 503.739136
v -34.561806 -23.998587 503.739136
v -36.307930 -23.513426 503.739136
v -31.666138 -25.941578 503.739136
v -30.820236 -25.072735 503.739136
v -31.666138 -25.941578 504.557800
v -31.977100 -27.129826 503.739136
v -30.820217 -25.072735 504.557434
v -29.666096 -24.756052 504.557343
v -29.669775 -27.133646 504.564178
v -27.362368 -27.137405 504.557343
v -27.673330 -28.325718 504.557343
v -27.669697 -25.948109 504.557343
v -28.512901 -25.076500 504.557343
v -30.826603 -29.190687 504.557434
v -31.669807 -28.319141 504.557800
v -31.977053 -27.129826 504.557800
v -28.519251 -29.194469 504.557343
v -29.673428 -29.511162 504.557343
v -29.673428 -29.511162 503.739136
v -28.519251 -29.194479 503.739136
v -27.673330 -28.325718 503.739136
v -27.362368 -27.137424 503.739136
v -27.669697 -25.948122 503.738678
v -28.512901 -25.076509 503.738678
v -29.666096 -24.756052 503.739136
v -30.826622 -29.190687 503.739136
v -31.669817 -28.319141 503.739136
v -56.472485 -24.500853 499.831665
v -57.266590 -24.500853 499.831726
v -56.472397 -25.450693 499.588165
v -56.472397 -23.806299 500.494843
v -57.266590 -23.806299 500.494843
v -57.266964 -23.553156 501.399567
v -57.273182 -25.453751 501.396667
v -57.266964 -25.456812 503.205078
v -57.266964 -26.406673 502.961639
v -57.266590 -27.101217 502.298462
v -57.266964 -23.809282 502.303650
v -57.266590 -27.098185 500.489807
v -57.266701 -26.401459 499.828888
v -57.266964 -24.506083 502.964203
v -57.266590 -27.354353 501.393799
v -57.266590 -25.450693 499.588165
v -56.472485 -26.401459 499.828888
v -56.472397 -27.098185 500.489807
v -56.472397 -27.354353 501.393799
v -56.472397 -27.101217 502.298462
v -56.472485 -26.406673 502.961365
v -56.472485 -25.456812 503.205078
v -56.472485 -24.506083 502.964203
v -56.472397 -23.809282 502.303253
v -56.472397 -23.553156 501.399567
v 55.701260 -18.712818 502.670593
v 55.701260 -18.959703 503.098206
v 55.730984 -18.712818 502.633575
v 55.701260 -18.627075 502.184326
v 55.756180 -18.712818 502.528198
v 55.773014 -18.712818 502.370453
v 55.778923 -18.712818 502.184326
v 55.773014 -18.712818 501.998260
v 55.756180 -18.712818 501.840454
v 55.730984 -18.712818 501.735046
v 55.701260 -18.712818 501.698059
v 55.757126 -18.959703 501.340027
v 55.701260 -18.959703 501.270447
v 55.776524 -19.337957 501.046783
v 55.701260 -19.337957 500.953003
v 55.786842 -19.801958 500.890778
v 55.701260 -19.801958 500.784180
v 55.786842 -20.295732 500.890778
v 55.701260 -20.295732 500.784180
v 55.776524 -20.759729 501.046783
v 55.701260 -20.759729 500.953003
v 55.757126 -21.137983 501.340027
v 55.701260 -21.137983 501.270447
v 55.730984 -21.384872 501.735046
v 55.701260 -21.384872 501.698059
v 55.701260 -21.470615 502.184326
v 55.701260 -21.384872 502.670593
v 55.730984 -21.384872 502.633575
v 55.756180 -21.384872 502.528198
v 55.773014 -21.384872 502.370453
v 55.778923 -21.384872 502.184326
v 55.773014 -21.384872 501.998260
v 55.756180 -21.384872 501.840454
v 55.804482 -21.137983 501.538147
v 55.840324 -20.759729 501.313660
v 55.836121 -21.137983 501.834595
v 55.882961 -20.759729 501.713104
v 55.847233 -21.137983 502.184326
v 55.836121 -21.137983 502.534027
v 55.897923 -20.759729 502.184326
v 55.882961 -20.759729 502.655518
v 55.924904 -20.295732 502.184326
v 55.907875 -20.295732 501.648468
v 55.907875 -19.801958 501.648468
v 55.859394 -19.801958 501.194275
v 55.859394 -20.295732 501.194275
v 55.840324 -19.337957 501.313660
v 55.882961 -19.337957 501.713104
v 55.804482 -18.959703 501.538147
v 55.836121 -18.959703 501.834595
v 55.897923 -19.337957 502.184326
v 55.847233 -18.959703 502.184326
v 55.882961 -19.337957 502.655518
v 55.836121 -18.959703 502.534027
v 55.804482 -18.959703 502.830566
v 55.840324 -19.337957 503.054962
v 55.776524 -19.337957 503.321930
v 55.786842 -19.801958 503.477936
v 55.859394 -19.801958 503.174377
v 55.786842 -20.295732 503.477936
v 55.859394 -20.295732 503.174377
v 55.907875 -19.801958 502.720154
v 55.907875 -20.295732 502.720154
v 55.924904 -19.801958 502.184326
v 55.840324 -20.759729 503.054962
v 55.776524 -20.759729 503.321930
v 55.757126 -21.137983 503.028687
v 55.804482 -21.137983 502.830566
v 55.701260 -21.137983 503.098206
v 55.701260 -20.759729 503.415619
v 55.701260 -20.295732 503.584534
v 55.701260 -19.801958 503.584534
v 55.701260 -19.337957 503.415619
v 55.757126 -18.959703 503.028687
v -57.320431 -18.712818 502.633575
v -57.290707 -18.959703 503.098267
v -57.290707 -18.712818 502.670593
v -57.290707 -18.627075 502.184326
v -57.346569 -18.959703 503.028687
v -57.345631 -18.712818 502.528198
v -57.393929 -18.959703 502.830566
v -57.362465 -18.712818 502.370453
v -57.425568 -18.959703 502.534027
v -57.368378 -18.712818 502.184326
v -57.436676 -18.959703 502.184326
v -57.362465 -18.712818 501.998260
v -57.425568 -18.959703 501.834595
v -57.345631 -18.712818 501.840515
v -57.393929 -18.959703 501.538147
v -57.320431 -18.712818 501.735046
v -57.290707 -18.712818 501.698059
v -57.346569 -18.959703 501.340027
v -57.429771 -19.337957 501.313660
v -57.290707 -18.959703 501.270447
v -57.365971 -19.337957 501.046783
v -57.448845 -19.801958 501.194275
v -57.290707 -19.337957 500.953003
v -57.376293 -19.801958 500.890778
v -57.448845 -20.295732 501.194275
v -57.290707 -19.801958 500.784180
v -57.376293 -20.295732 500.890778
v -57.290707 -20.295732 500.784180
v -57.429771 -20.759729 501.313660
v -57.365971 -20.759729 501.046783
v -57.290707 -20.759729 500.953003
v -57.393929 -21.137983 501.538147
v -57.346569 -21.137983 501.340027
v -57.290707 -21.137983 501.270447
v -57.345631 -21.384872 501.840515
v -57.320431 -21.384872 501.735046
v -57.290707 -21.470615 502.184326
v -57.290707 -21.384872 501.698059
v -57.320431 -21.384872 502.633575
v -57.290707 -21.384872 502.670593
v -57.345631 -21.384872 502.528198
v -57.362465 -21.384872 502.370453
v -57.368378 -21.384872 502.184326
v -57.362465 -21.384872 501.998260
v -57.425568 -21.137983 501.834595
v -57.472404 -20.759729 501.713104
v -57.436676 -21.137983 502.184326
v -57.425568 -21.137983 502.534027
v -57.487370 -20.759729 502.184326
v -57.472404 -20.759729 502.655518
v -57.514351 -20.295732 502.184326
v -57.497322 -20.295732 501.648560
v -57.497322 -19.801958 501.648560
v -57.514351 -19.801958 502.184326
v -57.472404 -19.337957 501.713104
v -57.487370 -19.337957 502.184326
v -57.497322 -19.801958 502.720154
v -57.472404 -19.337957 502.655518
v -57.429771 -19.337957 503.054962
v -57.448845 -19.801958 503.174438
v -57.376293 -19.801958 503.477936
v -57.376293 -20.295732 503.477936
v -57.448845 -20.295732 503.174438
v -57.365971 -20.759729 503.321930
v -57.429771 -20.759729 503.054962
v -57.497322 -20.295732 502.720154
v -57.346569 -21.137983 503.028687
v -57.393929 -21.137983 502.830566
v -57.290707 -21.137983 503.098267
v -57.290707 -20.759729 503.415619
v -57.290707 -20.295732 503.584534
v -57.290707 -19.801958 503.584534
v -57.365971 -19.337957 503.321930
v -57.290707 -19.337957 503.415619
v 31.801517 -38.966228 496.981445
v 31.801517 -27.836237 496.981445
v 31.908836 -39.626484 496.981445
v 55.570328 -38.966228 496.981445
v 55.570328 -27.836237 496.981506
v 55.570328 -25.688507 496.981506
v 55.570328 -20.475004 496.981506
v 31.801517 -25.688507 496.981445
v 31.801517 -20.475004 496.981445
v 55.409336 -39.626484 496.981445
v 32.552925 -40.320274 496.981445
v 54.872562 -40.320274 496.981445
v 33.894783 -40.879383 496.981445
v 53.423386 -40.828812 496.981445
v -33.597466 -39.626484 496.981445
v -56.357864 -40.320255 496.981201
v -57.001961 -39.626484 496.981201
v -33.436455 -38.966228 496.981293
v -34.134224 -40.320255 496.981445
v -55.016041 -40.879372 496.981201
v -35.583393 -40.828812 496.981445
v -57.109306 -38.966228 496.981201
v -33.436455 -27.836237 496.981293
v -57.109306 -27.836237 496.981201
v -33.436455 -25.688507 496.981445
v -57.109306 -25.688507 496.981201
v -33.436455 -20.475004 496.981293
v -57.109306 -20.475004 496.981201
v 54.624802 -22.627026 499.043488
v 40.293228 -22.627026 499.043488
v 25.326674 -22.627026 499.043396
v 54.866283 -27.246368 499.042725
v 54.671558 -28.548176 499.043488
v 54.130825 -29.981291 503.848846
v 53.443733 -30.830530 503.848846
v 52.803337 -31.295740 503.848846
v 54.866276 -27.246368 503.849609
v 54.624790 -22.627026 503.848846
v 40.293228 -22.627026 503.848846
v 54.839367 -22.627026 503.774017
v 25.112089 -22.627026 499.118073
v 25.112089 -22.627026 503.774017
v 25.326674 -22.627026 503.848846
v 25.177544 -22.310375 501.333801
v 40.293228 -31.485729 503.848846
v 51.744331 -31.485729 503.848846
v 25.326674 -31.485729 503.848846
v 25.112089 -31.485729 503.774017
v 25.175877 -31.802399 501.333801
v 54.130836 -29.981291 499.043488
v 53.443745 -30.830530 499.043488
v 52.803352 -31.295740 499.043488
v 25.112089 -31.485729 499.118073
v 25.326674 -31.485729 499.043396
v 40.293228 -31.485729 499.043488
v 51.744339 -31.485729 499.043488
v 54.773922 -22.310375 501.333801
v 54.671551 -28.548176 503.848846
v 54.839375 -22.627026 499.118073
v -56.474262 -22.627026 499.118073
v -56.259689 -22.627026 499.043488
v -56.501171 -27.246368 499.042725
v -55.078629 -30.830530 503.848846
v -55.765713 -29.981291 503.848846
v -54.438240 -31.295740 503.848846
v -53.379253 -31.485729 499.043488
v -54.438248 -31.295740 499.043488
v -41.928226 -31.485729 499.043488
v -26.961794 -31.485729 499.043396
v -26.747210 -31.485729 499.118073
v -26.747210 -31.485729 503.774017
v -26.961794 -31.485729 503.848846
v -41.928226 -31.485729 503.848846
v -55.078640 -30.830530 499.043488
v -55.765732 -29.981291 499.043488
v -56.306446 -28.548176 499.043488
v -26.747210 -22.627026 503.774017
v -26.961794 -22.627026 503.848846
v -56.410503 -22.310375 501.333801
v -26.747210 -22.627026 499.118073
v -26.961794 -22.627026 499.043396
v -41.928226 -22.627026 499.043488
v -26.812664 -22.310375 501.333801
v -56.259678 -22.627026 503.848846
v -56.474251 -22.627026 503.774017
v -41.928226 -22.627026 503.848846
v -56.306435 -28.548176 503.848846
v -56.501160 -27.246368 503.849609
v -26.812664 -31.802399 501.333801
v -53.379246 -31.485729 503.848846
v 44.360664 -23.766041 504.557434
v 44.360664 -23.766041 504.557434
v 44.360672 -23.766041 503.739136
v 45.732506 -25.175108 504.557434
v 42.488815 -23.252472 504.557800
v 42.488815 -23.252472 504.557800
v 46.236862 -27.102121 504.557434
v 45.738461 -29.030958 504.557434
v 44.371075 -30.444412 504.557434
v 44.371075 -30.444412 504.557434
v 44.371094 -30.444431 503.739136
v 42.500755 -30.964159 504.557434
v 42.500755 -30.964159 504.557434
v 42.500782 -30.964136 503.739136
v 40.628906 -30.450602 504.557434
v 40.628906 -30.450602 504.557434
v 40.628937 -30.450592 503.739136
v 40.618561 -23.772099 504.557800
v 40.618561 -23.772099 504.557800
v 40.618618 -23.772116 503.739136
v 42.488853 -23.252472 503.739136
v 39.257038 -29.041576 504.557800
v 38.752632 -27.114508 504.557800
v 39.251007 -25.185705 504.557800
v 53.735073 -27.120523 504.557800
v 53.264278 -25.321310 504.557800
v 51.983418 -24.005758 504.557434
v 51.983418 -24.005758 504.557434
v 53.269852 -28.921293 504.557800
v 51.993107 -30.240932 504.557434
v 51.993107 -30.240932 504.557434
v 51.993153 -30.240932 503.739136
v 50.247074 -30.726212 504.557434
v 50.247074 -30.726212 504.557434
v 50.247074 -30.726212 503.739136
v 48.499462 -30.246677 504.557434
v 48.499462 -30.246677 504.557434
v 48.499462 -30.246687 503.739136
v 47.218578 -28.931255 504.557434
v 46.747738 -27.131979 504.557434
v 47.213047 -25.331192 504.557434
v 48.489792 -24.011459 504.557434
v 48.489792 -24.011459 504.557434
v 50.235954 -23.526262 504.557434
v 50.235954 -23.526262 504.557434
v 48.489792 -24.011478 503.738739
v 50.235954 -23.526253 503.739136
v 51.983433 -24.005758 503.739136
v 38.172146 -27.107609 504.557434
v 37.701305 -25.308474 504.557434
v 36.420441 -23.992912 504.557434
v 36.420441 -23.992912 504.557434
v 37.706882 -28.908447 504.557434
v 36.430176 -30.228092 504.557434
v 36.430176 -30.228092 504.557434
v 34.683960 -30.713352 504.557434
v 34.683960 -30.713352 504.557434
v 36.430233 -30.228111 503.739136
v 34.684017 -30.713327 503.739136
v 32.936348 -30.233873 504.557434
v 32.936348 -30.233873 504.557434
v 32.936394 -30.233860 503.739136
v 31.655519 -28.918354 504.557800
v 31.184547 -27.119165 504.557800
v 31.649921 -25.318371 504.557800
v 32.926666 -23.998571 504.557800
v 32.926666 -23.998571 504.557800
v 32.926750 -23.998587 503.739136
v 34.672836 -23.513426 504.557800
v 34.672836 -23.513426 504.557800
v 34.672894 -23.513426 503.739136
v 36.420460 -23.992912 503.739136
v 30.341970 -27.129826 504.557800
v 30.031054 -25.941578 504.557800
v 29.185135 -25.072735 504.557434
v 29.185135 -25.072735 504.557434
v 30.034725 -28.319141 504.557800
v 29.191521 -29.190687 504.557434
v 29.191521 -29.190687 504.557434
v 29.191538 -29.190687 503.739136
v 28.038336 -29.511162 504.557343
v 28.038336 -29.511162 504.557343
v 28.038336 -29.511162 503.739136
v 26.884148 -29.194469 504.557343
v 26.884148 -29.194469 504.557343
v 26.038219 -28.325718 504.557343
v 26.884148 -29.194479 503.739136
v 25.727257 -27.137405 504.557343
v 26.034586 -25.948109 504.557343
v 26.877800 -25.076500 504.557343
v 26.877800 -25.076500 504.557343
v 26.877800 -25.076509 503.738678
v 28.031004 -24.756052 504.557343
v 28.031004 -24.756052 504.557343
v 28.031004 -24.756052 503.739136
v 29.185154 -25.072735 503.739136
v 54.837513 -23.806299 500.494843
v 55.631702 -23.806299 500.494843
v 55.631702 -23.806299 500.494843
v 55.632088 -23.809282 502.303650
v 55.632088 -23.809282 502.303650
v 55.632088 -23.553156 501.399567
v 55.632088 -23.553156 501.399567
v 54.837513 -23.553156 501.399567
v 55.631702 -25.450693 499.588165
v 55.631817 -26.401459 499.828888
v 55.631702 -27.098185 500.489807
v 55.631702 -27.098185 500.489807
v 54.837513 -27.098185 500.489807
v 55.631714 -27.354353 501.393799
v 55.631714 -27.354353 501.393799
v 54.837513 -27.354353 501.393799
v 55.631714 -27.101217 502.298462
v 55.631714 -27.101217 502.298462
v 54.837513 -27.101217 502.298462
v 54.837513 -23.809282 502.303253
v 55.632088 -26.406673 502.961639
v 55.632088 -24.506083 502.964203
v 55.632088 -25.456812 503.205078
v 55.631702 -24.500853 499.831726
v -45.995632 -23.766041 504.557434
v -45.995632 -23.766041 504.557434
v -45.995644 -23.766041 503.739136
v -47.367466 -25.175108 504.557434
v -44.123806 -23.252472 504.557800
v -44.123806 -23.252472 504.557800
v -46.006035 -30.444412 504.557434
v -46.006035 -30.444412 504.557434
v -47.373421 -29.030958 504.557434
v -47.871815 -27.102121 504.557434
v -46.006054 -30.444431 503.739136
v -44.135761 -30.964136 503.739136
v -44.135742 -30.964159 504.557434
v -44.135742 -30.964159 504.557434
v -42.263935 -30.450592 503.739136
v -42.263905 -30.450602 504.557434
v -42.263905 -30.450602 504.557434
v -42.253616 -23.772116 503.739136
v -42.253559 -23.772099 504.557800
v -42.253559 -23.772099 504.557800
v -44.123833 -23.252472 503.739136
v -40.886024 -25.185705 504.557800
v -40.892056 -29.041576 504.557800
v -40.387650 -27.114508 504.557800
v -51.870865 -23.526262 504.557434
v -51.870865 -23.526262 504.557434
v -53.618320 -24.005758 504.557434
v -53.618320 -24.005758 504.557434
v -53.618340 -24.005758 503.739136
v -54.899174 -25.321310 504.557800
v -54.904755 -28.921293 504.557800
v -55.369968 -27.120523 504.557800
v -53.628021 -30.240932 504.557434
v -53.628021 -30.240932 504.557434
v -53.628059 -30.240932 503.739136
v -51.881989 -30.726212 503.739136
v -51.881989 -30.726212 504.557434
v -51.881989 -30.726212 504.557434
v -50.134403 -30.246687 503.739136
v -50.134403 -30.246677 504.557434
v -50.134403 -30.246677 504.557434
v -50.124725 -24.011478 503.738739
v -50.124725 -24.011459 504.557434
v -50.124725 -24.011459 504.557434
v -51.870865 -23.526253 503.739136
v -48.847988 -25.331192 504.557434
v -48.853531 -28.931255 504.557434
v -48.382683 -27.131979 504.557434
v -38.055477 -23.992912 504.557434
v -38.055477 -23.992912 504.557434
v -38.055496 -23.992912 503.739136
v -39.336323 -25.308474 504.557434
v -36.307880 -23.513426 504.557800
v -36.307880 -23.513426 504.557800
v -39.807163 -27.107609 504.557434
v -39.341900 -28.908447 504.557434
v -38.065262 -30.228111 503.739136
v -38.065212 -30.228092 504.557434
v -38.065212 -30.228092 504.557434
v -36.319050 -30.713327 503.739136
v -36.319004 -30.713352 504.557434
v -36.319004 -30.713352 504.557434
v -34.571449 -30.233860 503.739136
v -34.571400 -30.233873 504.557434
v -34.571400 -30.233873 504.557434
v -34.561806 -23.998587 503.739136
v -34.561718 -23.998571 504.557800
v -34.561718 -23.998571 504.557800
v -36.307930 -23.513426 503.739136
v -33.284996 -25.318371 504.557800
v -33.290592 -28.918354 504.557800
v -32.819611 -27.119165 504.557800
v -30.820217 -25.072735 504.557434
v -30.820217 -25.072735 504.557434
v -29.666096 -24.756052 504.557343
v -29.666096 -24.756052 504.557343
v -30.820236 -25.072735 503.739136
v -31.666138 -25.941578 504.557800
v -29.673428 -29.511162 503.739136
v -29.673428 -29.511162 504.557343
v -29.673428 -29.511162 504.557343
v -28.519251 -29.194469 504.557343
v -28.519251 -29.194469 504.557343
v -30.826603 -29.190687 504.557434
v -30.826603 -29.190687 504.557434
v -28.519251 -29.194479 503.739136
v -28.512901 -25.076509 503.738678
v -28.512901 -25.076500 504.557343
v -28.512901 -25.076500 504.557343
v -29.666096 -24.756052 503.739136
v -30.826622 -29.190687 503.739136
v -27.673330 -28.325718 504.557343
v -31.977053 -27.129826 504.557800
v -31.669807 -28.319141 504.557800
v -27.669697 -25.948109 504.557343
v -27.362368 -27.137405 504.557343
v -56.472397 -23.806299 500.494843
v -57.266590 -23.806299 500.494843
v -57.266590 -23.806299 500.494843
v -57.266590 -24.500853 499.831726
v -57.266964 -23.553156 501.399567
v -57.266964 -23.553156 501.399567
v -57.266590 -25.450693 499.588165
v -57.266701 -26.401459 499.828888
v -56.472397 -27.098185 500.489807
v -57.266590 -27.098185 500.489807
v -57.266590 -27.098185 500.489807
v -56.472397 -27.354353 501.393799
v -57.266590 -27.354353 501.393799
v -57.266590 -27.354353 501.393799
v -56.472397 -27.101217 502.298462
v -57.266590 -27.101217 502.298462
v -57.266590 -27.101217 502.298462
v -56.472397 -23.809282 502.303253
v -57.266964 -23.809282 502.303650
v -57.266964 -23.809282 502.303650
v -56.472397 -23.553156 501.399567
v -57.266964 -24.506083 502.964203
v -57.266964 -25.456812 503.205078
v -57.266964 -26.406673 502.961639
v 55.570328 -25.688507 496.981506
v 31.801517 -25.688507 496.981445
v 54.872562 -40.320274 496.981445
v 54.872562 -40.320274 496.981445
v 32.552925 -40.320274 496.981445
v 33.894783 -40.879383 496.981445
v -33.436455 -38.966228 496.981293
v -33.436455 -38.966228 496.981293
v -57.001961 -39.626484 496.981201
v -57.109306 -38.966228 496.981201
v -33.436455 -25.688507 496.981445
v -33.436455 -25.688507 496.981445
v -57.109306 -25.688507 496.981201
v -57.109306 -27.836237 496.981201
vt 0.959223 0.984175
vt 0.031384 0.864580
vt 0.959223 0.864580
vt 0.031384 0.984175
vt 0.280709 0.987484
vt 0.146350 0.848318
vt 0.280709 0.848318
vt 0.146350 0.987484
vt 0.280709 0.987484
vt 0.146350 0.848318
vt 0.280709 0.848318
vt 0.146350 0.987484
vt 0.280709 0.987484
vt 0.146350 0.848318
vt 0.280709 0.848318
vt 0.146350 0.987484
vt 0.959223 0.984175
vt 0.031384 0.864580
vt 0.959223 0.864580
vt 0.031384 0.984175
vt 0.959223 0.984175
vt 0.031384 0.864580
vt 0.959223 0.864580
vt 0.031384 0.984175
vt 0.187645 0.016880
vt 0.379000 0.016880
vt 0.187645 0.069675
vt 0.379000 0.069675
vt 0.012632 0.172004
vt 0.724279 0.200217
vt 0.012632 0.200217
vt 0.724279 0.172004
vt 0.529126 0.059957
vt 0.529006 0.059995
vt 0.529126 0.059995
vt 0.529006 0.059957
vt 0.528986 0.059995
vt 0.529011 0.060006
vt 0.528991 0.060006
vt 0.528980 0.060006
vt 0.528975 0.059995
vt 0.528986 0.059957
vt 0.528975 0.059957
vt 0.529006 0.059934
vt 0.528986 0.059934
vt 0.528970 0.059995
vt 0.528975 0.059934
vt 0.528970 0.059957
vt 0.528970 0.059995
vt 0.528975 0.060006
vt 0.528975 0.060006
vt 0.528975 0.060006
vt 0.528995 0.060018
vt 0.528975 0.060006
vt 0.528975 0.060006
vt 0.528970 0.059995
vt 0.528975 0.060006
vt 0.528970 0.059957
vt 0.528975 0.059957
vt 0.528975 0.059995
vt 0.528986 0.059957
vt 0.528986 0.059934
vt 0.528975 0.059934
vt 0.528970 0.059934
vt 0.528986 0.059712
vt 0.528975 0.059712
vt 0.528975 0.059508
vt 0.528970 0.059508
vt 0.528970 0.059712
vt 0.528970 0.059712
vt 0.528970 0.059934
vt 0.528970 0.059510
vt 0.528970 0.059957
vt 0.528970 0.059934
vt 0.528970 0.059600
vt 0.528975 0.059574
vt 0.528975 0.059436
vt 0.528970 0.059447
vt 0.528975 0.059436
vt 0.528975 0.059574
vt 0.528990 0.059568
vt 0.528995 0.059425
vt 0.529049 0.059564
vt 0.529126 0.059934
vt 0.529101 0.059638
vt 0.529126 0.059416
vt 0.529014 0.059416
vt 0.529126 0.059416
vt 0.529014 0.059416
vt 0.529014 0.059416
vt 0.529049 0.059564
vt 0.529014 0.059416
vt 0.528995 0.059425
vt 0.528995 0.059425
vt 0.528975 0.059436
vt 0.528995 0.059425
vt 0.528975 0.059436
vt 0.528975 0.059436
vt 0.528975 0.059436
vt 0.528975 0.059436
vt 0.528970 0.059447
vt 0.528975 0.059436
vt 0.528970 0.059447
vt 0.528970 0.059447
vt 0.528970 0.059486
vt 0.528970 0.059486
vt 0.528975 0.059436
vt 0.528970 0.059447
vt 0.528970 0.059486
vt 0.528970 0.059486
vt 0.528970 0.059510
vt 0.528970 0.059600
vt 0.528970 0.059712
vt 0.528970 0.059712
vt 0.528970 0.059486
vt 0.528970 0.059508
vt 0.528970 0.059486
vt 0.528975 0.059508
vt 0.528975 0.059712
vt 0.528986 0.059712
vt 0.528975 0.059934
vt 0.528970 0.059934
vt 0.528970 0.059957
vt 0.528970 0.059957
vt 0.528970 0.059934
vt 0.528970 0.059934
vt 0.528970 0.059957
vt 0.528975 0.059934
vt 0.528975 0.059574
vt 0.528975 0.059574
vt 0.528990 0.059568
vt 0.528986 0.059934
vt 0.528975 0.059957
vt 0.528986 0.059957
vt 0.528975 0.059995
vt 0.528970 0.059995
vt 0.528970 0.059995
vt 0.528975 0.060006
vt 0.528975 0.060006
vt 0.528975 0.060006
vt 0.528975 0.060006
vt 0.528995 0.060018
vt 0.528980 0.060006
vt 0.528995 0.060018
vt 0.528980 0.060006
vt 0.529014 0.060027
vt 0.529000 0.060018
vt 0.529014 0.060027
vt 0.529126 0.060027
vt 0.529126 0.060027
vt 0.529019 0.060027
vt 0.529014 0.060027
vt 0.529014 0.060027
vt 0.529126 0.060027
vt 0.529014 0.060027
vt 0.529014 0.060027
vt 0.528995 0.060018
vt 0.529000 0.060018
vt 0.529019 0.060027
vt 0.528980 0.060006
vt 0.528991 0.060006
vt 0.528986 0.059995
vt 0.528980 0.060006
vt 0.529006 0.059995
vt 0.529006 0.059957
vt 0.529126 0.059934
vt 0.529126 0.059957
vt 0.529006 0.059934
vt 0.529006 0.059712
vt 0.529126 0.059712
vt 0.529126 0.059508
vt 0.529006 0.059508
vt 0.529006 0.059508
vt 0.529006 0.059934
vt 0.529006 0.059712
vt 0.529006 0.059957
vt 0.528986 0.059957
vt 0.528986 0.059934
vt 0.528975 0.059957
vt 0.528970 0.059995
vt 0.528975 0.059995
vt 0.528975 0.060006
vt 0.528975 0.060006
vt 0.528995 0.060018
vt 0.528980 0.060006
vt 0.528980 0.060006
vt 0.528986 0.059995
vt 0.528991 0.060006
vt 0.529000 0.060018
vt 0.529006 0.059995
vt 0.529011 0.060006
vt 0.529126 0.059995
vt 0.529126 0.060006
vt 0.529011 0.060006
vt 0.529126 0.060018
vt 0.529030 0.060018
vt 0.529030 0.060018
vt 0.529010 0.060018
vt 0.529030 0.060027
vt 0.529050 0.060027
vt 0.529126 0.060027
vt 0.529126 0.060027
vt 0.529030 0.060027
vt 0.529126 0.060027
vt 0.529050 0.060027
vt 0.529126 0.060027
vt 0.529019 0.060027
vt 0.529010 0.060018
vt 0.528986 0.059508
vt 0.528975 0.059486
vt 0.528986 0.059486
vt 0.528986 0.059447
vt 0.528975 0.059447
vt 0.529006 0.059486
vt 0.528980 0.059436
vt 0.528975 0.059436
vt 0.528970 0.059447
vt 0.528970 0.059447
vt 0.528975 0.059436
vt 0.528975 0.059436
vt 0.528975 0.059436
vt 0.528995 0.059425
vt 0.528975 0.059436
vt 0.528995 0.059425
vt 0.528975 0.059436
vt 0.528995 0.059425
vt 0.529014 0.059416
vt 0.529014 0.059416
vt 0.529126 0.059416
vt 0.529126 0.059416
vt 0.529014 0.059416
vt 0.528995 0.059425
vt 0.529014 0.059416
vt 0.529126 0.059416
vt 0.529014 0.059416
vt 0.529014 0.059416
vt 0.528995 0.059425
vt 0.528995 0.059425
vt 0.528975 0.059436
vt 0.528975 0.059436
vt 0.528995 0.059425
vt 0.528975 0.059436
vt 0.529014 0.059416
vt 0.528995 0.059425
vt 0.529014 0.059416
vt 0.528975 0.059436
vt 0.528995 0.059425
vt 0.529014 0.059416
vt 0.528980 0.059436
vt 0.529000 0.059425
vt 0.529126 0.059416
vt 0.529126 0.059416
vt 0.529019 0.059416
vt 0.529126 0.059416
vt 0.529030 0.059416
vt 0.529010 0.059425
vt 0.528991 0.059436
vt 0.529030 0.059425
vt 0.529011 0.059436
vt 0.529126 0.059436
vt 0.529006 0.059447
vt 0.529126 0.059447
vt 0.529006 0.059447
vt 0.529011 0.059436
vt 0.529126 0.059486
vt 0.529030 0.059425
vt 0.529010 0.059425
vt 0.528991 0.059436
vt 0.529000 0.059425
vt 0.528980 0.059436
vt 0.529019 0.059416
vt 0.529014 0.059416
vt 0.529030 0.059416
vt 0.529050 0.059416
vt 0.529126 0.059416
vt 0.529126 0.059425
vt 0.529126 0.059416
vt 0.529126 0.059416
vt 0.529050 0.059416
vt 0.529006 0.059486
vt 0.528986 0.059486
vt 0.528986 0.059447
vt 0.528975 0.059447
vt 0.528975 0.059486
vt 0.528986 0.059508
vt 0.528970 0.059447
vt 0.528970 0.059486
vt 0.528970 0.059447
vt 0.528975 0.059436
vt 0.528975 0.059436
vt 0.528970 0.059447
vt 0.528975 0.059436
vt 0.528970 0.059486
vt 0.528970 0.059486
vt 0.528970 0.059447
vt 0.528975 0.059436
vt 0.528970 0.059447
vt 0.528975 0.059436
vt 0.528970 0.059486
vt 0.528970 0.059486
vt 0.528970 0.059486
vt 0.528970 0.059447
vt 0.528975 0.059436
vt 0.528975 0.059436
vt 0.528995 0.059425
vt 0.528975 0.059436
vt 0.528970 0.059486
vt 0.528980 0.059436
vt 0.528970 0.059447
vt 0.528970 0.059486
vt 0.528995 0.060018
vt 0.529000 0.060018
vt 0.529019 0.060027
vt 0.528980 0.060006
vt 0.529010 0.060018
vt 0.529030 0.060027
vt 0.529126 0.060027
vt 0.529126 0.060027
vt 0.529050 0.060027
vt 0.529030 0.060018
vt 0.529126 0.060018
vt 0.529126 0.060006
vt 0.529011 0.060006
vt 0.529030 0.060018
vt 0.529010 0.060018
vt 0.529030 0.060027
vt 0.529050 0.060027
vt 0.529126 0.060027
vt 0.529126 0.060027
vt 0.528991 0.060006
vt 0.528986 0.059995
vt 0.529006 0.059995
vt 0.529006 0.059957
vt 0.529006 0.059934
vt 0.528975 0.059436
vt 0.529006 0.059957
vt 0.529126 0.059957
vt 0.529006 0.059995
vt 0.529126 0.059934
vt 0.529006 0.059957
vt 0.529126 0.059995
vt 0.529006 0.059995
vt 0.528986 0.059995
vt 0.528991 0.060006
vt 0.529011 0.060006
vt 0.529010 0.060018
vt 0.529030 0.060018
vt 0.529126 0.060006
vt 0.529011 0.060006
vt 0.529030 0.060018
vt 0.529126 0.060018
vt 0.529010 0.060018
vt 0.528991 0.060006
vt 0.529000 0.060018
vt 0.528986 0.059995
vt 0.528980 0.060006
vt 0.528980 0.060006
vt 0.528995 0.060018
vt 0.528975 0.059995
vt 0.528975 0.060006
vt 0.528975 0.060006
vt 0.528986 0.059957
vt 0.528970 0.059995
vt 0.528975 0.059957
vt 0.528970 0.059957
vt 0.528986 0.059934
vt 0.528975 0.059934
vt 0.528975 0.059574
vt 0.528990 0.059568
vt 0.528975 0.059574
vt 0.528970 0.059934
vt 0.528995 0.059425
vt 0.528975 0.059436
vt 0.529049 0.059564
vt 0.529006 0.059934
vt 0.529101 0.059638
vt 0.529126 0.059416
vt 0.529014 0.059416
vt 0.529126 0.059416
vt 0.529014 0.059416
vt 0.529014 0.059416
vt 0.529049 0.059564
vt 0.529014 0.059416
vt 0.528995 0.059425
vt 0.528995 0.059425
vt 0.528975 0.059436
vt 0.528995 0.059425
vt 0.528975 0.059436
vt 0.528975 0.059436
vt 0.528975 0.059436
vt 0.528970 0.059447
vt 0.528975 0.059436
vt 0.528975 0.059436
vt 0.528970 0.059447
vt 0.528970 0.059447
vt 0.528970 0.059486
vt 0.528970 0.059486
vt 0.528970 0.059486
vt 0.528970 0.059486
vt 0.528970 0.059447
vt 0.528975 0.059436
vt 0.528970 0.059447
vt 0.528975 0.059436
vt 0.528970 0.059447
vt 0.528970 0.059486
vt 0.528975 0.059486
vt 0.528975 0.059508
vt 0.528970 0.059508
vt 0.528970 0.059712
vt 0.528970 0.059510
vt 0.528975 0.059712
vt 0.528986 0.059712
vt 0.528975 0.059934
vt 0.528970 0.059934
vt 0.528970 0.059957
vt 0.528970 0.059957
vt 0.528970 0.059934
vt 0.528970 0.059934
vt 0.528970 0.059600
vt 0.528970 0.059712
vt 0.528975 0.059574
vt 0.528975 0.059934
vt 0.528970 0.059957
vt 0.528970 0.059995
vt 0.528970 0.059995
vt 0.528975 0.059957
vt 0.528970 0.059995
vt 0.528975 0.060006
vt 0.528975 0.059957
vt 0.528975 0.060006
vt 0.528975 0.059995
vt 0.528986 0.059957
vt 0.528986 0.059934
vt 0.529006 0.059934
vt 0.529006 0.059712
vt 0.528986 0.059508
vt 0.529006 0.059508
vt 0.529126 0.059712
vt 0.528986 0.059486
vt 0.528986 0.059447
vt 0.529006 0.059486
vt 0.528975 0.059447
vt 0.529006 0.059447
vt 0.529126 0.059486
vt 0.529126 0.059508
vt 0.529006 0.059508
vt 0.529006 0.059486
vt 0.528986 0.059486
vt 0.529006 0.059712
vt 0.528986 0.059508
vt 0.528975 0.059486
vt 0.528975 0.059508
vt 0.528986 0.059712
vt 0.528970 0.059486
vt 0.528975 0.059712
vt 0.528970 0.059508
vt 0.528970 0.059712
vt 0.528970 0.059510
vt 0.528970 0.059486
vt 0.528970 0.059486
vt 0.528970 0.059486
vt 0.528970 0.059447
vt 0.528970 0.059486
vt 0.528970 0.059447
vt 0.528970 0.059447
vt 0.528975 0.059436
vt 0.528975 0.059436
vt 0.528975 0.059436
vt 0.528995 0.059425
vt 0.528975 0.059436
vt 0.528995 0.059425
vt 0.528975 0.059436
vt 0.528975 0.059436
vt 0.528970 0.059447
vt 0.528995 0.059425
vt 0.528975 0.059436
vt 0.528975 0.059436
vt 0.528995 0.059425
vt 0.528975 0.059447
vt 0.528980 0.059436
vt 0.528980 0.059436
vt 0.529000 0.059425
vt 0.528991 0.059436
vt 0.528986 0.059447
vt 0.529006 0.059447
vt 0.529126 0.059447
vt 0.529011 0.059436
vt 0.529011 0.059436
vt 0.529126 0.059436
vt 0.529030 0.059425
vt 0.529010 0.059425
vt 0.528991 0.059436
vt 0.529000 0.059425
vt 0.528980 0.059436
vt 0.528980 0.059436
vt 0.528995 0.059425
vt 0.528975 0.059436
vt 0.528975 0.059436
vt 0.528995 0.059425
vt 0.528975 0.059436
vt 0.529014 0.059416
vt 0.528995 0.059425
vt 0.529014 0.059416
vt 0.529126 0.059416
vt 0.529126 0.059416
vt 0.529014 0.059416
vt 0.528995 0.059425
vt 0.529014 0.059416
vt 0.529126 0.059416
vt 0.529014 0.059416
vt 0.529014 0.059416
vt 0.528995 0.059425
vt 0.528995 0.059425
vt 0.528975 0.059436
vt 0.528975 0.059436
vt 0.528970 0.059447
vt 0.528975 0.059436
vt 0.528975 0.059436
vt 0.528970 0.059447
vt 0.528975 0.059436
vt 0.528970 0.059447
vt 0.528970 0.059486
vt 0.528970 0.059486
vt 0.528970 0.059600
vt 0.528970 0.059934
vt 0.528970 0.059712
vt 0.528970 0.059957
vt 0.528970 0.059934
vt 0.528970 0.059957
vt 0.528975 0.059934
vt 0.528970 0.059995
vt 0.528975 0.059957
vt 0.528970 0.059995
vt 0.528975 0.059995
vt 0.528986 0.059957
vt 0.528986 0.059934
vt 0.529006 0.059934
vt 0.529126 0.059934
vt 0.529006 0.059957
vt 0.529006 0.059995
vt 0.529126 0.059957
vt 0.528986 0.059995
vt 0.529126 0.059995
vt 0.529006 0.059995
vt 0.529006 0.059957
vt 0.528986 0.059995
vt 0.528991 0.060006
vt 0.528980 0.060006
vt 0.528980 0.060006
vt 0.529000 0.060018
vt 0.528995 0.060018
vt 0.528975 0.060006
vt 0.529014 0.060027
vt 0.528995 0.060018
vt 0.529014 0.060027
vt 0.529126 0.060027
vt 0.529014 0.060027
vt 0.528995 0.060018
vt 0.529000 0.060018
vt 0.529019 0.060027
vt 0.529126 0.060027
vt 0.529014 0.060027
vt 0.529019 0.060027
vt 0.529126 0.060027
vt 0.529030 0.060027
vt 0.529126 0.060027
vt 0.529030 0.060027
vt 0.529050 0.060027
vt 0.529126 0.060027
vt 0.529126 0.060027
vt 0.529050 0.060027
vt 0.529014 0.060027
vt 0.528995 0.060018
vt 0.528995 0.060018
vt 0.529014 0.060027
vt 0.529126 0.060027
vt 0.529019 0.060027
vt 0.529000 0.060018
vt 0.529010 0.060018
vt 0.528991 0.060006
vt 0.528980 0.060006
vt 0.528980 0.060006
vt 0.528975 0.060006
vt 0.528975 0.060006
vt 0.528975 0.060006
vt 0.528975 0.060006
vt 0.529011 0.060006
vt 0.529030 0.060018
vt 0.529126 0.060006
vt 0.529011 0.060006
vt 0.529030 0.060018
vt 0.529126 0.060018
vt 0.529010 0.060018
vt 0.529030 0.060027
vt 0.529019 0.060027
vt 0.529126 0.060027
vt 0.529030 0.060027
vt 0.529126 0.060027
vt 0.529050 0.060027
vt 0.529050 0.060027
vt 0.529126 0.060027
vt 0.529126 0.060027
vt 0.528980 0.060006
vt 0.528975 0.059995
vt 0.528975 0.060006
vt 0.528980 0.060006
vt 0.528975 0.060006
vt 0.528975 0.060006
vt 0.528986 0.059957
vt 0.528986 0.059934
vt 0.529006 0.059934
vt 0.528990 0.059568
vt 0.528975 0.059436
vt 0.528975 0.059574
vt 0.528975 0.059436
vt 0.528970 0.059447
vt 0.528970 0.059486
vt 0.528970 0.059486
vt 0.529014 0.059416
vt 0.529014 0.059416
vt 0.529126 0.059416
vt 0.529014 0.059416
vt 0.529019 0.059416
vt 0.529126 0.059416
vt 0.529014 0.059416
vt 0.529126 0.059416
vt 0.529019 0.059416
vt 0.529030 0.059416
vt 0.529050 0.059416
vt 0.529126 0.059416
vt 0.529030 0.059416
vt 0.529050 0.059416
vt 0.529126 0.059416
vt 0.529126 0.059425
vt 0.529126 0.059416
vt 0.529030 0.059425
vt 0.529010 0.059425
vt 0.528975 0.059436
vt 0.321483 0.106008
vt 0.321483 0.106008
vt 0.327788 0.112293
vt 0.319165 0.097414
vt 0.327787 0.112293
vt 0.327788 0.112293
vt 0.327787 0.112293
vt 0.336390 0.114584
vt 0.321483 0.106008
vt 0.327788 0.112293
vt 0.336362 0.097387
vt 0.336390 0.114584
vt 0.344985 0.112266
vt 0.351270 0.105962
vt 0.321455 0.088812
vt 0.319165 0.097414
vt 0.327739 0.082508
vt 0.353560 0.097359
vt 0.351242 0.088765
vt 0.344937 0.082481
vt 0.336335 0.080190
vt 0.319165 0.097414
vt 0.321455 0.088812
vt 0.321455 0.088812
vt 0.327739 0.082508
vt 0.327739 0.082508
vt 0.327739 0.082508
vt 0.327739 0.082508
vt 0.336335 0.080190
vt 0.336335 0.080190
vt 0.336335 0.080190
vt 0.336335 0.080190
vt 0.344937 0.082481
vt 0.344937 0.082481
vt 0.344937 0.082481
vt 0.344937 0.082481
vt 0.351242 0.088765
vt 0.351242 0.088765
vt 0.353560 0.097359
vt 0.353560 0.097359
vt 0.351269 0.105962
vt 0.351270 0.105962
vt 0.344985 0.112266
vt 0.344985 0.112266
vt 0.344985 0.112266
vt 0.344985 0.112266
vt 0.336389 0.114584
vt 0.336389 0.114584
vt 0.336390 0.114584
vt 0.285567 0.112232
vt 0.285567 0.112232
vt 0.279262 0.105947
vt 0.279262 0.105947
vt 0.276944 0.097353
vt 0.279262 0.105947
vt 0.285567 0.112232
vt 0.294141 0.097325
vt 0.276944 0.097353
vt 0.276944 0.097353
vt 0.279234 0.088751
vt 0.279234 0.088751
vt 0.279234 0.088751
vt 0.285519 0.082447
vt 0.285519 0.082447
vt 0.285519 0.082447
vt 0.294114 0.080129
vt 0.285519 0.082447
vt 0.285519 0.082447
vt 0.294114 0.080129
vt 0.294114 0.080129
vt 0.294114 0.080129
vt 0.294114 0.080129
vt 0.302716 0.082419
vt 0.302716 0.082419
vt 0.302716 0.082419
vt 0.302716 0.082419
vt 0.302716 0.082419
vt 0.309021 0.088703
vt 0.309021 0.088703
vt 0.309021 0.088703
vt 0.311339 0.097298
vt 0.311339 0.097298
vt 0.311339 0.097298
vt 0.309048 0.105900
vt 0.309048 0.105900
vt 0.309048 0.105900
vt 0.302764 0.112204
vt 0.302764 0.112204
vt 0.302764 0.112204
vt 0.294168 0.114522
vt 0.294168 0.114522
vt 0.294168 0.114522
vt 0.302764 0.112204
vt 0.302764 0.112204
vt 0.294168 0.114522
vt 0.294168 0.114522
vt 0.285567 0.112232
vt 0.285567 0.112232
vt 0.279318 0.106008
vt 0.279318 0.106008
vt 0.277000 0.097414
vt 0.285623 0.112293
vt 0.285623 0.112293
vt 0.279318 0.106008
vt 0.285623 0.112293
vt 0.294198 0.097387
vt 0.277001 0.097414
vt 0.277001 0.097414
vt 0.279291 0.088812
vt 0.279291 0.088812
vt 0.279291 0.088812
vt 0.285575 0.082508
vt 0.285575 0.082508
vt 0.285575 0.082508
vt 0.294171 0.080190
vt 0.294170 0.080190
vt 0.285575 0.082508
vt 0.294171 0.080190
vt 0.285575 0.082508
vt 0.294170 0.080190
vt 0.294171 0.080190
vt 0.302773 0.082481
vt 0.302773 0.082481
vt 0.302773 0.082481
vt 0.302773 0.082481
vt 0.309078 0.088765
vt 0.309078 0.088765
vt 0.311396 0.097359
vt 0.309078 0.088765
vt 0.302773 0.082481
vt 0.311396 0.097359
vt 0.311396 0.097359
vt 0.309105 0.105962
vt 0.309105 0.105962
vt 0.309105 0.105962
vt 0.302820 0.112266
vt 0.302821 0.112266
vt 0.302821 0.112266
vt 0.302820 0.112266
vt 0.302821 0.112266
vt 0.294225 0.114584
vt 0.294225 0.114584
vt 0.294225 0.114584
vt 0.294225 0.114584
vt 0.294225 0.114584
vt 0.285623 0.112293
vt 0.285623 0.112293
vt 0.320373 0.150865
vt 0.320373 0.150865
vt 0.326678 0.157149
vt 0.326678 0.157149
vt 0.318055 0.142270
vt 0.320373 0.150865
vt 0.326678 0.157149
vt 0.335252 0.142243
vt 0.318056 0.142270
vt 0.318056 0.142270
vt 0.320346 0.133668
vt 0.320346 0.133668
vt 0.320346 0.133668
vt 0.326630 0.127364
vt 0.326630 0.127364
vt 0.326630 0.127364
vt 0.335225 0.125046
vt 0.326630 0.127364
vt 0.326630 0.127364
vt 0.335225 0.125046
vt 0.335225 0.125046
vt 0.335225 0.125046
vt 0.335225 0.125046
vt 0.343827 0.127337
vt 0.343827 0.127337
vt 0.343827 0.127337
vt 0.350132 0.133621
vt 0.350132 0.133621
vt 0.343827 0.127337
vt 0.350132 0.133621
vt 0.343827 0.127337
vt 0.352450 0.142215
vt 0.352450 0.142215
vt 0.350159 0.150818
vt 0.350159 0.150818
vt 0.352450 0.142215
vt 0.350159 0.150818
vt 0.343875 0.157122
vt 0.343875 0.157122
vt 0.343875 0.157122
vt 0.343875 0.157122
vt 0.343875 0.157122
vt 0.335280 0.159440
vt 0.335280 0.159440
vt 0.335280 0.159440
vt 0.326678 0.157149
vt 0.335280 0.159440
vt 0.335280 0.159440
vt 0.326678 0.157149
vt 0.327787 0.112293
vt 0.327788 0.112293
vt 0.321483 0.106008
vt 0.321483 0.106008
vt 0.319165 0.097414
vt 0.336389 0.114584
vt 0.336390 0.114584
vt 0.327787 0.112293
vt 0.327788 0.112293
vt 0.336390 0.114584
vt 0.344985 0.112266
vt 0.336362 0.097387
vt 0.336390 0.114584
vt 0.336389 0.114584
vt 0.344985 0.112266
vt 0.327788 0.112293
vt 0.351270 0.105962
vt 0.353560 0.097359
vt 0.351242 0.088765
vt 0.327739 0.082508
vt 0.321455 0.088812
vt 0.336335 0.080190
vt 0.319165 0.097414
vt 0.321483 0.106008
vt 0.344937 0.082481
vt 0.321455 0.088812
vt 0.321455 0.088812
vt 0.319165 0.097414
vt 0.327739 0.082508
vt 0.327739 0.082508
vt 0.327739 0.082508
vt 0.327739 0.082508
vt 0.336335 0.080190
vt 0.336335 0.080190
vt 0.336335 0.080190
vt 0.336335 0.080190
vt 0.344937 0.082481
vt 0.344937 0.082481
vt 0.344937 0.082481
vt 0.344937 0.082481
vt 0.351242 0.088765
vt 0.351242 0.088765
vt 0.353560 0.097359
vt 0.353560 0.097359
vt 0.351269 0.105962
vt 0.351270 0.105962
vt 0.344985 0.112266
vt 0.344985 0.112266
vt 0.344985 0.112266
vt 0.321483 0.106008
vt 0.327788 0.112293
vt 0.321483 0.106008
vt 0.327787 0.112293
vt 0.327788 0.112293
vt 0.336390 0.114584
vt 0.327787 0.112293
vt 0.321483 0.106008
vt 0.336362 0.097387
vt 0.327788 0.112293
vt 0.336390 0.114584
vt 0.351242 0.088765
vt 0.344937 0.082481
vt 0.353560 0.097359
vt 0.319165 0.097414
vt 0.321455 0.088812
vt 0.351270 0.105962
vt 0.344985 0.112266
vt 0.336335 0.080190
vt 0.327739 0.082508
vt 0.321455 0.088812
vt 0.319165 0.097414
vt 0.321455 0.088812
vt 0.327739 0.082508
vt 0.327739 0.082508
vt 0.327739 0.082508
vt 0.336335 0.080190
vt 0.327739 0.082508
vt 0.336335 0.080190
vt 0.336335 0.080190
vt 0.344937 0.082481
vt 0.336335 0.080190
vt 0.344937 0.082481
vt 0.344937 0.082481
vt 0.351242 0.088765
vt 0.344937 0.082481
vt 0.351242 0.088765
vt 0.353560 0.097359
vt 0.353560 0.097359
vt 0.351269 0.105962
vt 0.351270 0.105962
vt 0.344985 0.112266
vt 0.344985 0.112266
vt 0.344985 0.112266
vt 0.336389 0.114584
vt 0.344985 0.112266
vt 0.336390 0.114584
vt 0.336389 0.114584
vt 0.319165 0.097414
vt 0.279262 0.105947
vt 0.285567 0.112232
vt 0.279262 0.105947
vt 0.276944 0.097353
vt 0.285567 0.112232
vt 0.285567 0.112232
vt 0.294168 0.114522
vt 0.285567 0.112232
vt 0.285567 0.112232
vt 0.294141 0.097325
vt 0.294168 0.114522
vt 0.279262 0.105947
vt 0.309048 0.105900
vt 0.311339 0.097298
vt 0.309021 0.088703
vt 0.302716 0.082419
vt 0.302764 0.112204
vt 0.294114 0.080129
vt 0.285519 0.082447
vt 0.279234 0.088751
vt 0.276944 0.097353
vt 0.279234 0.088751
vt 0.276944 0.097353
vt 0.279234 0.088751
vt 0.285519 0.082447
vt 0.285519 0.082447
vt 0.285519 0.082447
vt 0.294114 0.080129
vt 0.285519 0.082447
vt 0.294114 0.080129
vt 0.302716 0.082419
vt 0.294114 0.080129
vt 0.294114 0.080129
vt 0.302716 0.082419
vt 0.309021 0.088703
vt 0.302716 0.082419
vt 0.302716 0.082419
vt 0.311339 0.097298
vt 0.309021 0.088703
vt 0.309048 0.105900
vt 0.311339 0.097298
vt 0.302764 0.112204
vt 0.309048 0.105900
vt 0.302764 0.112204
vt 0.302764 0.112204
vt 0.294168 0.114522
vt 0.302764 0.112204
vt 0.294168 0.114522
vt 0.294168 0.114522
vt 0.285623 0.112293
vt 0.279318 0.106008
vt 0.285623 0.112293
vt 0.279318 0.106008
vt 0.277000 0.097414
vt 0.285623 0.112293
vt 0.294225 0.114584
vt 0.285623 0.112293
vt 0.279318 0.106008
vt 0.294198 0.097387
vt 0.285623 0.112293
vt 0.294225 0.114584
vt 0.309105 0.105962
vt 0.311396 0.097359
vt 0.309078 0.088765
vt 0.302773 0.082481
vt 0.302821 0.112266
vt 0.294171 0.080190
vt 0.285575 0.082508
vt 0.279291 0.088812
vt 0.277001 0.097414
vt 0.279291 0.088812
vt 0.277001 0.097414
vt 0.279291 0.088812
vt 0.285575 0.082508
vt 0.285575 0.082508
vt 0.285575 0.082508
vt 0.294170 0.080190
vt 0.285575 0.082508
vt 0.294171 0.080190
vt 0.294170 0.080190
vt 0.302773 0.082481
vt 0.294171 0.080190
vt 0.302773 0.082481
vt 0.309078 0.088765
vt 0.302773 0.082481
vt 0.302773 0.082481
vt 0.311396 0.097359
vt 0.309078 0.088765
vt 0.309105 0.105962
vt 0.311396 0.097359
vt 0.302820 0.112266
vt 0.309105 0.105962
vt 0.302821 0.112266
vt 0.302820 0.112266
vt 0.294225 0.114584
vt 0.302821 0.112266
vt 0.294225 0.114584
vt 0.294225 0.114584
vt 0.326678 0.157149
vt 0.320373 0.150865
vt 0.326678 0.157149
vt 0.320373 0.150865
vt 0.318055 0.142270
vt 0.326678 0.157149
vt 0.335252 0.142243
vt 0.335280 0.159440
vt 0.326678 0.157149
vt 0.335280 0.159440
vt 0.326678 0.157149
vt 0.320373 0.150865
vt 0.350159 0.150818
vt 0.352450 0.142215
vt 0.350132 0.133621
vt 0.343827 0.127337
vt 0.343875 0.157122
vt 0.335225 0.125046
vt 0.326630 0.127364
vt 0.320346 0.133668
vt 0.318056 0.142270
vt 0.335225 0.125046
vt 0.326630 0.127364
vt 0.335225 0.125046
vt 0.335225 0.125046
vt 0.343827 0.127337
vt 0.335225 0.125046
vt 0.343827 0.127337
vt 0.343827 0.127337
vt 0.350132 0.133621
vt 0.343827 0.127337
vt 0.350132 0.133621
vt 0.352450 0.142215
vt 0.350159 0.150818
vt 0.352450 0.142215
vt 0.343875 0.157122
vt 0.350159 0.150818
vt 0.343875 0.157122
vt 0.335280 0.159440
vt 0.343875 0.157122
vt 0.343875 0.157122
vt 0.335280 0.159440
vt 0.335280 0.159440
vt 0.326630 0.127364
vt 0.320346 0.133668
vt 0.326630 0.127364
vt 0.320346 0.133668
vt 0.326630 0.127364
vt 0.318056 0.142270
vt 0.321483 0.106008
vt 0.327788 0.112293
vt 0.321483 0.106008
vt 0.319165 0.097414
vt 0.327787 0.112293
vt 0.327788 0.112293
vt 0.336390 0.114584
vt 0.327787 0.112293
vt 0.321483 0.106008
vt 0.336362 0.097387
vt 0.327788 0.112293
vt 0.336390 0.114584
vt 0.351270 0.105962
vt 0.353560 0.097359
vt 0.351242 0.088765
vt 0.344937 0.082481
vt 0.336335 0.080190
vt 0.344985 0.112266
vt 0.327739 0.082508
vt 0.321455 0.088812
vt 0.319165 0.097414
vt 0.321455 0.088812
vt 0.319165 0.097414
vt 0.321455 0.088812
vt 0.327739 0.082508
vt 0.327739 0.082508
vt 0.336335 0.080190
vt 0.327739 0.082508
vt 0.327739 0.082508
vt 0.336335 0.080190
vt 0.336335 0.080190
vt 0.344937 0.082481
vt 0.336335 0.080190
vt 0.344937 0.082481
vt 0.344937 0.082481
vt 0.351242 0.088765
vt 0.344937 0.082481
vt 0.353560 0.097359
vt 0.351242 0.088765
vt 0.351269 0.105962
vt 0.353560 0.097359
vt 0.351270 0.105962
vt 0.344985 0.112266
vt 0.344985 0.112266
vt 0.344985 0.112266
vt 0.336389 0.114584
vt 0.344985 0.112266
vt 0.336389 0.114584
vt 0.336390 0.114584
vt 0.517623 0.092202
vt 0.510540 0.095966
vt 0.511104 0.095966
vt 0.503691 0.097273
vt 0.508933 0.095966
vt 0.506528 0.095966
vt 0.503691 0.095966
vt 0.500854 0.095966
vt 0.498449 0.095966
vt 0.496842 0.095966
vt 0.496278 0.095966
vt 0.490820 0.092202
vt 0.489760 0.092202
vt 0.486350 0.086436
vt 0.484921 0.086436
vt 0.483971 0.079363
vt 0.482346 0.079363
vt 0.483971 0.071836
vt 0.482346 0.071836
vt 0.486350 0.064762
vt 0.484921 0.064762
vt 0.490820 0.058996
vt 0.489760 0.058996
vt 0.496842 0.055233
vt 0.496278 0.055233
vt 0.503691 0.053926
vt 0.510540 0.055233
vt 0.511104 0.055233
vt 0.508933 0.055233
vt 0.506528 0.055233
vt 0.503691 0.055233
vt 0.500854 0.055233
vt 0.498449 0.055233
vt 0.493840 0.058996
vt 0.498360 0.058996
vt 0.490419 0.064762
vt 0.503691 0.058996
vt 0.496508 0.064762
vt 0.509022 0.058996
vt 0.503691 0.064762
vt 0.510874 0.064762
vt 0.503691 0.071836
vt 0.495523 0.071836
vt 0.495523 0.079363
vt 0.488598 0.071836
vt 0.488598 0.079363
vt 0.490419 0.086436
vt 0.496508 0.086436
vt 0.493840 0.092202
vt 0.498360 0.092202
vt 0.503691 0.086436
vt 0.503691 0.092202
vt 0.510874 0.086436
vt 0.509022 0.092202
vt 0.516964 0.086436
vt 0.513542 0.092202
vt 0.523411 0.079363
vt 0.521033 0.086436
vt 0.518784 0.079363
vt 0.523411 0.071836
vt 0.518784 0.071836
vt 0.511860 0.079363
vt 0.511860 0.071836
vt 0.503691 0.079363
vt 0.516964 0.064762
vt 0.516562 0.058996
vt 0.521033 0.064762
vt 0.513542 0.058996
vt 0.517623 0.058996
vt 0.522461 0.064762
vt 0.525036 0.071836
vt 0.525036 0.079363
vt 0.522461 0.086436
vt 0.516562 0.092202
vt 0.517623 0.092202
vt 0.510540 0.095966
vt 0.516562 0.092202
vt 0.511104 0.095966
vt 0.503691 0.097273
vt 0.508933 0.095966
vt 0.513542 0.092202
vt 0.506528 0.095966
vt 0.509022 0.092202
vt 0.503691 0.095966
vt 0.500854 0.095966
vt 0.503691 0.092202
vt 0.498360 0.092202
vt 0.498449 0.095966
vt 0.493840 0.092202
vt 0.496842 0.095966
vt 0.496278 0.095966
vt 0.490820 0.092202
vt 0.490419 0.086436
vt 0.489760 0.092202
vt 0.486350 0.086436
vt 0.488598 0.079363
vt 0.484921 0.086436
vt 0.483971 0.079363
vt 0.482346 0.079363
vt 0.488598 0.071836
vt 0.483971 0.071836
vt 0.482346 0.071836
vt 0.490419 0.064762
vt 0.486350 0.064762
vt 0.484921 0.064762
vt 0.493840 0.058996
vt 0.490820 0.058996
vt 0.498449 0.055233
vt 0.489760 0.058996
vt 0.496842 0.055233
vt 0.496278 0.055233
vt 0.503691 0.053926
vt 0.510540 0.055233
vt 0.508933 0.055233
vt 0.511104 0.055233
vt 0.506528 0.055233
vt 0.503691 0.055233
vt 0.500854 0.055233
vt 0.498360 0.058996
vt 0.496508 0.064762
vt 0.503691 0.058996
vt 0.509022 0.058996
vt 0.503691 0.064762
vt 0.510874 0.064762
vt 0.503691 0.071836
vt 0.495523 0.071836
vt 0.495523 0.079363
vt 0.503691 0.079363
vt 0.496508 0.086436
vt 0.503691 0.086436
vt 0.511860 0.079363
vt 0.510874 0.086436
vt 0.518784 0.079363
vt 0.516964 0.086436
vt 0.523411 0.071836
vt 0.523411 0.079363
vt 0.518784 0.071836
vt 0.521033 0.064762
vt 0.516964 0.064762
vt 0.511860 0.071836
vt 0.516562 0.058996
vt 0.513542 0.058996
vt 0.517623 0.058996
vt 0.522461 0.064762
vt 0.525036 0.071836
vt 0.525036 0.079363
vt 0.521033 0.086436
vt 0.522461 0.086436
vt 0.013247 0.035487
vt 0.155741 0.112793
vt 0.013247 0.112793
vt 0.013890 0.031286
vt 0.155741 0.035487
vt 0.155741 0.126459
vt 0.155741 0.126459
vt 0.013247 0.126459
vt 0.155741 0.150234
vt 0.013247 0.126459
vt 0.013247 0.150234
vt 0.154776 0.031286
vt 0.017752 0.026871
vt 0.151558 0.026871
vt 0.025796 0.023313
vt 0.017752 0.026871
vt 0.151558 0.026871
vt 0.142870 0.023635
vt 0.151558 0.026871
vt 0.025796 0.023313
vt 0.151547 0.026871
vt 0.154765 0.031286
vt 0.018316 0.026871
vt 0.014455 0.031286
vt 0.155730 0.035487
vt 0.142859 0.023635
vt 0.026361 0.023313
vt 0.014455 0.031286
vt 0.013811 0.035487
vt 0.155730 0.035487
vt 0.155730 0.035487
vt 0.155730 0.112793
vt 0.013811 0.035487
vt 0.013811 0.112793
vt 0.155730 0.126459
vt 0.155730 0.126459
vt 0.155730 0.150234
vt 0.013811 0.126459
vt 0.013811 0.112793
vt 0.013811 0.126459
vt 0.155730 0.126459
vt 0.013811 0.150234
vn 0.0000 1.0000 0.0000
vn 0.0000 0.0000 1.0000
vn 1.0000 0.0000 0.0000
vn 0.9702 0.1939 -0.1449
vn 0.9857 0.1683 0.0000
vn 0.9909 0.0000 -0.1344
vn 0.8445 0.2322 -0.4825
vn 0.8227 0.5559 -0.1186
vn 0.6596 0.6544 -0.3696
vn 0.4723 0.4893 -0.7331
vn 0.5342 0.2441 -0.8093
vn 0.8739 0.0000 -0.4861
vn 0.5484 0.0000 -0.8361
vn 0.9908 -0.0031 -0.1355
vn 0.8731 -0.0076 -0.4874
vn 0.1730 0.2245 -0.9590
vn 0.5506 -0.0058 -0.8347
vn 0.1667 0.0000 -0.9860
vn 0.0000 0.2062 -0.9785
vn 0.0000 0.4037 -0.9149
vn 0.1255 0.4371 -0.8906
vn 0.0000 0.8624 -0.5061
vn 0.0000 0.8885 -0.4588
vn 0.0900 0.8757 -0.4744
vn -0.0901 0.8757 -0.4743
vn -0.1729 0.2245 -0.9590
vn -0.1256 0.4370 -0.8906
vn -0.1667 0.0000 -0.9860
vn -0.5484 0.0000 -0.8362
vn -0.5341 0.2441 -0.8094
vn -0.8739 0.0000 -0.4861
vn -0.8739 0.0000 -0.4860
vn -0.5486 0.0000 -0.8360
vn -0.1665 0.0000 -0.9860
vn -0.1668 0.0000 -0.9860
vn 0.0000 0.0000 -1.0000
vn 0.1672 -0.0008 -0.9859
vn 0.2005 -0.0134 -0.9796
vn 0.3801 -0.0243 -0.9246
vn 0.4186 -0.1104 -0.9014
vn 0.2286 -0.0579 -0.9718
vn 0.8468 -0.2278 -0.4807
vn 0.8282 -0.0678 -0.5563
vn 0.9001 -0.0760 -0.4291
vn 0.8755 -0.2320 -0.4237
vn 0.9870 -0.0726 -0.1432
vn 1.0000 -0.0039 0.0001
vn 0.9986 -0.0521 0.0020
vn 0.9725 -0.2326 0.0003
vn 0.9510 -0.2435 -0.1902
vn 0.8658 -0.5003 0.0000
vn 0.8483 -0.4928 0.1937
vn 0.8483 -0.4928 -0.1938
vn 0.9868 -0.0728 0.1449
vn 0.9510 -0.2435 0.1901
vn 0.7812 -0.4500 0.4326
vn 0.8756 -0.2320 0.4237
vn 0.7636 -0.4308 0.4810
vn 0.6159 -0.6522 0.4419
vn 0.6027 -0.6290 0.4910
vn 0.3429 -0.7938 0.5023
vn 0.2858 -0.3047 0.9085
vn 0.3672 -0.2164 0.9046
vn 0.1608 -0.1649 0.9731
vn 0.1559 -0.3764 0.9132
vn 0.0960 -0.2166 0.9715
vn 0.2102 -0.1158 0.9707
vn 0.4180 -0.1104 0.9017
vn 0.2283 -0.0579 0.9719
vn 0.2000 -0.0134 0.9797
vn -0.1669 0.0000 0.9860
vn -0.5486 0.0000 0.8361
vn -0.5485 0.0000 0.8361
vn -0.8738 0.0000 0.4863
vn -0.1670 0.0000 0.9859
vn 0.1673 -0.0008 0.9859
vn 0.1668 0.0000 0.9860
vn 0.5506 -0.0058 0.8347
vn 0.3793 -0.0243 0.9249
vn 0.8285 -0.0678 0.5559
vn 0.9001 -0.0760 0.4289
vn 0.8730 -0.0076 0.4877
vn 0.5483 0.0000 0.8362
vn 0.8738 0.0000 0.4863
vn 0.5341 0.2442 0.8094
vn 0.1731 0.2243 0.9590
vn 0.0000 0.2060 0.9785
vn 0.1257 0.4368 0.8907
vn 0.0000 0.4032 0.9151
vn 0.0000 0.8624 0.5062
vn 0.0902 0.8757 0.4743
vn 0.0000 0.8886 0.4587
vn 0.4724 0.4896 0.7328
vn 0.0713 0.8980 0.4342
vn 0.2542 0.8787 0.4041
vn 0.0000 0.9778 0.2095
vn 0.2423 0.9018 0.3578
vn 0.0280 0.9758 0.2170
vn 0.1201 0.9767 0.1778
vn 0.0280 0.9757 -0.2171
vn -0.0280 0.9757 -0.2170
vn -0.0280 0.9758 0.2170
vn 0.0000 0.9778 -0.2097
vn -0.0712 0.8980 -0.4342
vn -0.2422 0.9018 -0.3579
vn -0.1201 0.9767 -0.1778
vn -0.2541 0.8787 -0.4040
vn -0.6596 0.6544 -0.3697
vn -0.8444 0.2322 -0.4826
vn -0.4724 0.4895 -0.7329
vn -0.9702 0.1939 -0.1449
vn -0.9909 0.0000 -0.1344
vn -1.0000 0.0000 0.0000
vn -0.9909 0.0000 0.1344
vn -0.9909 0.0000 0.1345
vn -0.8738 0.0000 0.4862
vn -0.1733 0.2246 0.9589
vn -0.5342 0.2442 0.8093
vn -0.1258 0.4372 0.8905
vn -0.0902 0.8757 0.4743
vn -0.0713 0.8980 0.4342
vn -0.2542 0.8787 0.4041
vn -0.4724 0.4896 0.7328
vn -0.8444 0.2322 0.4827
vn -0.6596 0.6544 0.3697
vn -0.2423 0.9018 0.3578
vn -0.9702 0.1939 0.1449
vn -0.8227 0.5559 0.1186
vn -0.9857 0.1683 0.0000
vn -0.8821 0.4711 0.0000
vn -0.8227 0.5559 -0.1185
vn -0.7204 0.6935 0.0001
vn -0.6530 0.7539 -0.0718
vn -0.6530 0.7539 0.0719
vn -0.4590 0.8582 -0.2296
vn -0.2378 0.9657 -0.1040
vn -0.3363 0.9416 -0.0183
vn -0.2377 0.9657 0.1041
vn -0.3362 0.9416 0.0184
vn -0.6294 0.7771 0.0001
vn -0.1200 0.9767 0.1778
vn -0.4591 0.8582 0.2296
vn -0.8444 -0.2322 0.4827
vn -0.5342 -0.2442 0.8093
vn -0.4725 -0.4896 0.7328
vn -0.1258 -0.4372 0.8905
vn -0.1732 -0.2246 0.9589
vn 0.0000 -0.2061 0.9785
vn 0.0000 -0.4033 0.9151
vn 0.0341 -0.4030 0.9145
vn 0.0000 -0.8624 0.5063
vn 0.0791 -0.8864 0.4560
vn 0.0790 -0.8597 0.5046
vn 0.0000 -0.8886 0.4587
vn -0.0902 -0.8756 0.4744
vn -0.0713 -0.8980 0.4342
vn 0.0000 -0.9778 0.2095
vn 0.0861 -0.9746 0.2065
vn 0.0890 -0.9960 0.0000
vn 0.3883 -0.9215 0.0000
vn 0.3783 -0.9034 0.2017
vn 0.3474 -0.8218 0.4516
vn 0.6699 -0.7154 0.1985
vn 0.6843 -0.7291 0.0000
vn 0.6699 -0.7154 -0.1986
vn 0.3784 -0.9034 -0.2018
vn 0.6158 -0.6522 -0.4420
vn 0.3474 -0.8218 -0.4516
vn 0.3429 -0.7938 -0.5022
vn 0.0790 -0.8598 -0.5045
vn 0.0791 -0.8864 -0.4561
vn 0.0000 -0.8624 -0.5062
vn 0.0861 -0.9746 -0.2066
vn 0.0000 -0.8885 -0.4588
vn 0.0000 -0.9778 -0.2097
vn -0.0901 -0.8757 -0.4743
vn -0.0713 -0.8980 -0.4342
vn -0.0280 -0.9757 -0.2170
vn -0.2541 -0.8787 -0.4041
vn -0.2423 -0.9018 -0.3579
vn 0.0000 -1.0000 0.0000
vn -0.1200 -0.9767 -0.1778
vn -0.2378 -0.9657 -0.1040
vn -0.4590 -0.8582 -0.2296
vn -0.6596 -0.6544 -0.3697
vn -0.6530 -0.7539 -0.0718
vn -0.8227 -0.5559 -0.1185
vn -0.8821 -0.4711 0.0000
vn -0.9702 -0.1939 -0.1449
vn -0.9857 -0.1683 0.0000
vn -0.9702 -0.1939 0.1449
vn -0.8227 -0.5559 0.1186
vn -0.6530 -0.7539 0.0719
vn -0.4591 -0.8582 0.2296
vn -0.6596 -0.6544 0.3698
vn -0.2423 -0.9018 0.3579
vn -0.2542 -0.8786 0.4042
vn -0.1201 -0.9767 0.1778
vn -0.0280 -0.9758 0.2170
vn -0.2378 -0.9657 0.1041
vn -0.3361 -0.9416 0.0184
vn -0.7219 -0.6920 0.0000
vn -0.6331 -0.7740 0.0000
vn -0.3362 -0.9416 -0.0184
vn -0.8444 -0.2322 -0.4826
vn -0.5340 -0.2442 -0.8094
vn -0.5484 0.0000 -0.8361
vn -0.1728 -0.2245 -0.9590
vn -0.1666 0.0000 -0.9860
vn 0.0000 -0.2063 -0.9785
vn 0.0000 -0.4037 -0.9149
vn -0.1256 -0.4370 -0.8906
vn 0.0204 -0.2173 -0.9759
vn 0.0342 -0.4034 -0.9143
vn 0.0962 -0.2168 -0.9714
vn 0.1562 -0.3768 -0.9130
vn 0.1610 -0.1651 -0.9730
vn 0.2860 -0.3050 -0.9084
vn 0.2104 -0.1159 -0.9707
vn 0.3676 -0.2166 -0.9044
vn 0.7636 -0.4308 -0.4809
vn 0.7812 -0.4499 -0.4326
vn 0.6027 -0.6290 -0.4909
vn -0.4725 -0.4895 -0.7329
vn 0.0204 -0.2170 0.9760
vn 0.0713 0.8979 -0.4342
vn 0.2423 0.9018 -0.3578
vn 0.1201 0.9767 -0.1778
vn 0.2542 0.8787 -0.4040
vn 0.4590 0.8582 -0.2296
vn 0.2378 0.9657 -0.1041
vn 0.3363 0.9416 -0.0183
vn 0.6530 0.7539 -0.0718
vn 0.7204 0.6935 0.0001
vn 0.8820 0.4711 0.0000
vn 0.8227 0.5559 0.1186
vn 0.6530 0.7539 0.0719
vn 0.4591 0.8582 0.2296
vn 0.2377 0.9657 0.1041
vn 0.3362 0.9416 0.0184
vn 0.6294 0.7771 0.0001
vn 0.6595 0.6544 0.3697
vn 0.8444 0.2323 0.4827
vn 0.9702 0.1939 0.1450
vn 0.9909 0.0000 0.1345
vn 0.9908 -0.0031 0.1356
vn 0.8468 -0.2278 0.4807
vn -1.0000 -0.0039 0.0001
vn -0.8444 0.2323 0.4827
vn -0.6595 0.6544 0.3697
vn -0.8820 0.4711 0.0000
vn -0.8227 0.5559 -0.1186
vn -0.7219 0.6920 0.0000
vn -0.6596 0.6544 -0.3696
vn -0.2423 0.9018 -0.3578
vn -0.8445 0.2322 -0.4825
vn -0.2542 0.8787 -0.4040
vn -0.4723 0.4893 -0.7331
vn -0.0713 0.8979 -0.4342
vn -0.5342 0.2441 -0.8093
vn -0.0900 0.8757 -0.4744
vn -0.1255 0.4370 -0.8906
vn -0.1730 0.2245 -0.9590
vn -0.8731 -0.0076 -0.4874
vn -0.5506 -0.0058 -0.8347
vn -0.8282 -0.0678 -0.5562
vn -0.9001 -0.0760 -0.4291
vn -0.3801 -0.0243 -0.9246
vn -0.1672 -0.0008 -0.9859
vn -0.8755 -0.2320 -0.4237
vn -0.8468 -0.2278 -0.4807
vn -0.9870 -0.0725 -0.1432
vn -0.9908 -0.0031 -0.1355
vn -0.9986 -0.0521 0.0020
vn -0.9725 -0.2326 0.0003
vn -0.9510 -0.2435 -0.1902
vn -0.8658 -0.5003 0.0000
vn -0.8483 -0.4928 0.1937
vn -0.8483 -0.4928 -0.1938
vn -0.9868 -0.0728 0.1449
vn -0.9510 -0.2435 0.1901
vn -0.8756 -0.2320 0.4237
vn -0.7812 -0.4500 0.4326
vn -0.7636 -0.4308 0.4810
vn -0.6159 -0.6522 0.4419
vn -0.6027 -0.6290 0.4910
vn -0.3429 -0.7938 0.5023
vn -0.2858 -0.3047 0.9085
vn -0.1608 -0.1649 0.9731
vn -0.3673 -0.2164 0.9046
vn -0.1559 -0.3764 0.9132
vn -0.0960 -0.2166 0.9715
vn -0.2102 -0.1158 0.9707
vn -0.0204 -0.2170 0.9760
vn -0.0341 -0.4030 0.9145
vn 0.0000 -0.2060 0.9785
vn 0.1732 -0.2246 0.9589
vn 0.1669 0.0000 0.9860
vn 0.5485 0.0000 0.8361
vn 0.1670 0.0000 0.9860
vn 0.5486 0.0000 0.8361
vn 0.1671 0.0000 0.9859
vn -0.1673 -0.0008 0.9859
vn -0.2000 -0.0134 0.9797
vn -0.3793 -0.0243 0.9249
vn -0.5506 -0.0058 0.8347
vn -0.1668 0.0000 0.9860
vn -0.1731 0.2243 0.9590
vn -0.5483 0.0000 0.8362
vn 0.1733 0.2246 0.9589
vn 0.1258 0.4372 0.8905
vn 0.5342 0.2442 0.8093
vn 0.8738 0.0000 0.4862
vn 0.9909 0.0000 0.1344
vn 0.8444 -0.2323 0.4827
vn 0.5342 -0.2442 0.8093
vn 0.9702 -0.1939 0.1449
vn 0.5485 0.0000 -0.8361
vn 0.5484 0.0000 -0.8362
vn 0.8739 0.0000 -0.4860
vn 0.1666 0.0000 -0.9860
vn 0.5486 0.0000 -0.8360
vn 0.1665 0.0000 -0.9860
vn 0.1668 0.0000 -0.9860
vn -0.0204 -0.2172 -0.9759
vn -0.0963 -0.2168 -0.9714
vn -0.1562 -0.3768 -0.9130
vn -0.0342 -0.4034 -0.9144
vn -0.0790 -0.8598 -0.5045
vn -0.3474 -0.8218 -0.4516
vn -0.3429 -0.7938 -0.5022
vn -0.0791 -0.8864 -0.4561
vn 0.1728 -0.2245 -0.9590
vn 0.1256 -0.4370 -0.8906
vn 0.0901 -0.8757 -0.4743
vn 0.0713 -0.8980 -0.4342
vn 0.5340 -0.2442 -0.8094
vn 0.2541 -0.8787 -0.4041
vn 0.4725 -0.4895 -0.7329
vn 0.2423 -0.9018 -0.3579
vn 0.6596 -0.6544 -0.3697
vn 0.8444 -0.2322 -0.4826
vn 0.9702 -0.1939 -0.1449
vn 0.9857 -0.1684 0.0000
vn 0.8227 -0.5559 -0.1185
vn 0.8227 -0.5559 0.1186
vn 0.8821 -0.4710 0.0000
vn 0.6530 -0.7539 0.0719
vn 0.4591 -0.8582 0.2296
vn 0.6596 -0.6544 0.3698
vn 0.2423 -0.9018 0.3579
vn 0.2542 -0.8786 0.4042
vn 0.4725 -0.4896 0.7328
vn 0.0713 -0.8980 0.4342
vn 0.0902 -0.8756 0.4744
vn 0.1258 -0.4372 0.8905
vn -0.0791 -0.8864 0.4560
vn -0.0861 -0.9746 0.2065
vn -0.0890 -0.9960 0.0000
vn -0.3883 -0.9215 0.0000
vn -0.3783 -0.9034 0.2017
vn -0.3474 -0.8218 0.4516
vn -0.6699 -0.7154 0.1985
vn -0.6843 -0.7291 0.0000
vn -0.6699 -0.7154 -0.1986
vn -0.3784 -0.9034 -0.2018
vn -0.6158 -0.6522 -0.4420
vn -0.7812 -0.4499 -0.4326
vn -0.6027 -0.6290 -0.4909
vn -0.2861 -0.3050 -0.9084
vn -0.1610 -0.1651 -0.9730
vn -0.3676 -0.2166 -0.9044
vn -0.7636 -0.4308 -0.4809
vn -0.2104 -0.1159 -0.9707
vn -0.4186 -0.1104 -0.9014
vn -0.2286 -0.0579 -0.9718
vn -0.2005 -0.0134 -0.9796
vn 0.1729 0.2245 -0.9590
vn 0.5341 0.2441 -0.8094
vn 0.8444 0.2322 -0.4826
vn 0.9857 0.1684 0.0000
vn 0.9702 0.1939 0.1449
vn 0.6596 0.6544 0.3697
vn -0.2423 0.9018 0.3579
vn -0.1201 0.9767 0.1778
vn -0.0280 0.9757 -0.2171
vn -0.2378 0.9657 -0.1041
vn -0.6332 0.7740 0.0000
vn -0.3363 0.9416 -0.0184
vn 0.0712 0.8980 -0.4342
vn 0.0280 0.9757 -0.2170
vn 0.2422 0.9018 -0.3579
vn 0.6596 0.6544 -0.3697
vn 0.2541 0.8787 -0.4040
vn 0.4724 0.4895 -0.7329
vn 0.0901 0.8757 -0.4743
vn 0.1256 0.4370 -0.8906
vn 0.8227 0.5559 -0.1185
vn 0.8821 0.4711 0.0000
vn 0.2378 0.9657 -0.1040
vn -0.5341 0.2442 0.8094
vn -0.1257 0.4368 0.8907
vn -0.8730 -0.0076 0.4877
vn -0.9908 -0.0031 0.1355
vn -0.9001 -0.0760 0.4289
vn -0.8468 -0.2278 0.4807
vn -0.8284 -0.0678 0.5559
vn -0.4181 -0.1104 0.9017
vn -0.2283 -0.0579 0.9719
vn -0.0861 -0.9746 -0.2066
vn 0.0280 -0.9757 -0.2170
vn 0.1200 -0.9767 -0.1778
vn 0.0280 -0.9758 0.2170
vn 0.1201 -0.9767 0.1778
vn 0.2378 -0.9657 0.1041
vn 0.3362 -0.9416 0.0184
vn 0.2378 -0.9657 -0.1040
vn 0.3362 -0.9416 -0.0183
vn 0.7204 -0.6935 0.0001
vn 0.6294 -0.7771 0.0001
vn 0.6530 -0.7539 -0.0718
vn 0.4591 -0.8582 -0.2296
vn -0.0790 -0.8597 0.5046
vn 0.8708 0.4917 0.0000
vn 0.7165 0.6976 0.0000
vn 1.0000 0.0016 0.0000
vn 0.2646 0.9644 0.0000
vn 0.0015 0.0009 1.0000
vn 0.0009 0.0015 1.0000
vn 0.0001 0.0016 1.0000
vn -0.0008 0.0014 1.0000
vn -0.0014 0.0008 1.0000
vn 0.0015 -0.0009 1.0000
vn 0.0018 0.0000 1.0000
vn 0.0009 -0.0015 1.0000
vn -0.0017 0.0000 1.0000
vn -0.0014 -0.0009 1.0000
vn -0.0008 -0.0016 1.0000
vn 0.0000 -0.0017 1.0000
vn 0.8723 -0.4889 0.0000
vn 0.7187 -0.6952 0.0000
vn 0.2677 -0.9635 0.0000
vn -0.2646 -0.9644 -0.0000
vn -0.7165 -0.6975 -0.0000
vn -0.7165 -0.6976 -0.0000
vn -0.8708 -0.4917 -0.0001
vn -1.0000 -0.0016 -0.0001
vn -0.8723 0.4889 -0.0001
vn -0.7187 0.6953 -0.0001
vn -0.2677 0.9635 -0.0000
vn 0.8708 0.4916 0.0000
vn 1.0000 0.0015 0.0001
vn 0.0015 0.0010 1.0000
vn 0.0009 0.0016 1.0000
vn 0.0015 -0.0010 1.0000
vn 0.7187 -0.6953 0.0000
vn 0.0009 -0.0016 1.0000
vn 0.0000 -0.0019 1.0000
vn 0.2678 -0.9635 0.0000
vn -0.0009 -0.0016 1.0000
vn -0.7164 -0.6976 0.0000
vn -0.8708 -0.4917 0.0000
vn -0.0016 -0.0009 1.0000
vn -1.0000 -0.0015 0.0000
vn -0.0019 0.0000 1.0000
vn -0.0016 0.0009 1.0000
vn -0.8723 0.4889 0.0000
vn -0.7187 0.6953 0.0000
vn -0.0009 0.0016 1.0000
vn 0.0000 0.0019 1.0000
vn 0.2646 0.9643 0.0000
vn 0.0016 0.0009 1.0000
vn 0.0010 0.0016 1.0000
vn 0.0019 0.0000 1.0000
vn 1.0000 0.0016 0.0001
vn 0.0016 -0.0009 1.0000
vn 0.7187 -0.6953 0.0001
vn -0.7165 -0.6976 -0.0001
vn -0.0015 -0.0010 1.0000
vn -0.0018 0.0000 1.0000
vn -0.0009 0.0015 1.0000
vn 0.0001 0.0018 1.0000
vn 1.0000 0.0015 0.0000
vn 0.0023 0.0015 1.0000
vn 0.0012 0.0025 1.0000
vn -0.0001 0.0000 1.0000
vn 0.0028 0.0000 1.0000
vn 0.0023 -0.0015 1.0000
vn 0.7186 -0.6953 0.0000
vn 0.0013 -0.0025 1.0000
vn -0.0000 -0.0029 1.0000
vn -0.0015 -0.0025 1.0000
vn -0.0026 -0.0014 1.0000
vn -0.0025 0.0014 1.0000
vn -0.0029 0.0000 1.0000
vn -0.0015 0.0025 1.0000
vn -0.0000 0.0029 1.0000
vn 0.0000 0.6906 -0.7232
vn 0.0000 0.6905 -0.7233
vn 0.0001 0.4852 -0.8744
vn 0.0000 0.4852 -0.8744
vn 0.0000 0.0015 -1.0000
vn 0.0000 0.9630 -0.2694
vn 1.0000 0.0032 -0.0002
vn 1.0000 0.0028 0.0017
vn 1.0000 -0.0000 -0.0001
vn 0.0000 0.9621 0.2726
vn -0.0001 0.9621 0.2726
vn 1.0000 0.0029 -0.0020
vn 1.0000 0.0016 0.0030
vn 1.0000 0.0000 0.0034
vn 1.0000 -0.0018 0.0028
vn 1.0000 -0.0030 -0.0017
vn 1.0000 -0.0017 -0.0031
vn 1.0000 -0.0034 0.0000
vn 1.0000 0.0001 -0.0036
vn 1.0000 0.0017 -0.0031
vn 1.0000 -0.0031 0.0016
vn 0.0000 -0.4825 -0.8759
vn 0.0000 -0.6882 -0.7255
vn 0.0000 -0.9621 -0.2726
vn 0.0000 -0.9630 0.2694
vn 0.0000 -0.6904 0.7234
vn -0.0001 -0.6905 0.7233
vn -0.0002 -0.4853 0.8743
vn -0.0002 -0.4852 0.8744
vn -0.0001 -0.0014 1.0000
vn 0.0000 -0.0014 1.0000
vn 0.0000 0.4826 0.8759
vn -0.0001 0.4825 0.8759
vn -0.0002 0.6881 0.7256
vn -0.0003 0.6879 0.7257
vn -0.0001 0.9621 0.2727
vn -0.8708 0.4917 0.0000
vn -0.7165 0.6976 0.0000
vn -0.7165 0.6975 0.0000
vn -0.2646 0.9644 0.0000
vn -0.0015 0.0009 1.0000
vn -0.0001 0.0016 1.0000
vn 0.0014 -0.0009 1.0000
vn 0.0008 -0.0016 1.0000
vn 0.0017 0.0000 1.0000
vn -0.0015 -0.0009 1.0000
vn 0.0014 0.0008 1.0000
vn 0.0008 0.0014 1.0000
vn -0.0009 -0.0015 1.0000
vn -0.8723 -0.4889 0.0000
vn -1.0000 0.0016 0.0001
vn -0.7187 -0.6953 0.0000
vn -0.7187 -0.6952 0.0000
vn -0.2677 -0.9635 0.0000
vn 0.2646 -0.9644 -0.0000
vn 0.7165 -0.6975 -0.0000
vn 0.8708 -0.4917 -0.0001
vn 0.7165 -0.6976 -0.0000
vn 1.0000 -0.0016 -0.0001
vn 0.8723 0.4889 -0.0001
vn 0.7187 0.6953 -0.0000
vn 0.7187 0.6953 -0.0001
vn 0.2677 0.9635 -0.0000
vn -0.8708 0.4916 0.0000
vn -1.0000 0.0015 0.0001
vn -0.2646 0.9643 0.0000
vn -0.0015 0.0010 1.0000
vn -0.2678 -0.9635 0.0000
vn 0.8708 -0.4917 0.0000
vn 1.0000 -0.0015 0.0000
vn 0.8723 0.4889 0.0000
vn -1.0000 0.0016 0.0000
vn -0.0010 0.0016 1.0000
vn -0.0001 0.0018 1.0000
vn -1.0000 0.0015 0.0000
vn -0.0012 0.0025 1.0000
vn 0.0001 0.0000 1.0000
vn -0.0023 0.0015 1.0000
vn 0.0025 0.0014 1.0000
vn 0.0029 0.0000 1.0000
vn 0.0026 -0.0014 1.0000
vn 0.0015 -0.0025 1.0000
vn 0.0015 0.0025 1.0000
vn -0.0013 -0.0025 1.0000
vn -0.0023 -0.0015 1.0000
vn -0.0028 0.0000 1.0000
vn -0.7186 -0.6953 0.0000
vn -0.0001 0.4852 -0.8744
vn -1.0000 0.0017 -0.0031
vn -1.0000 -0.0000 -0.0001
vn -1.0000 0.0029 -0.0020
vn -1.0000 0.0033 -0.0002
vn -1.0000 0.0016 0.0030
vn -1.0000 0.0000 0.0034
vn -1.0000 -0.0018 0.0028
vn -1.0000 -0.0031 0.0016
vn -1.0000 -0.0034 0.0000
vn -1.0000 0.0028 0.0017
vn -1.0000 -0.0030 -0.0017
vn -1.0000 -0.0017 -0.0031
vn -1.0000 0.0001 -0.0036
vn 0.0002 -0.4853 0.8743
vn 0.0001 -0.6905 0.7233
vn 0.0001 -0.0014 1.0000
vn 0.0002 -0.4852 0.8744
vn 0.0001 0.4825 0.8759
vn 0.0002 0.6881 0.7256
vn 0.0003 0.6879 0.7257
vn 0.0001 0.9621 0.2727
vn 0.0001 0.9621 0.2726
vn 0.6517 0.5484 0.5239
vn 0.5967 0.7657 0.2402
vn 0.4639 0.8036 0.3730
vn 0.6991 0.7150 0.0000
vn 0.7824 0.6090 0.1303
vn 0.8557 0.5139 0.0606
vn 0.8772 0.4801 0.0000
vn 0.8557 0.5138 -0.0606
vn 0.7825 0.6089 -0.1303
vn 0.5968 0.7656 -0.2402
vn 0.4639 0.8036 -0.3730
vn 0.7815 0.4991 -0.3742
vn 0.6521 0.5481 -0.5237
vn 0.8585 0.2745 -0.4332
vn 0.7409 0.3125 -0.5945
vn 0.8863 0.0873 -0.4547
vn 0.7758 0.1013 -0.6228
vn 0.8863 -0.0873 -0.4548
vn 0.7757 -0.1012 -0.6229
vn 0.8584 -0.2745 -0.4332
vn 0.7407 -0.3125 -0.5947
vn 0.7815 -0.4991 -0.3742
vn 0.6520 -0.5482 -0.5237
vn 0.5968 -0.7656 -0.2402
vn 0.4638 -0.8036 -0.3729
vn 0.6991 -0.7150 0.0000
vn 0.5968 -0.7656 0.2401
vn 0.4642 -0.8034 0.3728
vn 0.7824 -0.6089 0.1303
vn 0.8557 -0.5139 0.0606
vn 0.8772 -0.4801 0.0000
vn 0.8557 -0.5138 -0.0606
vn 0.7825 -0.6089 -0.1303
vn 0.9419 -0.2914 -0.1668
vn 0.9732 -0.2189 -0.0699
vn 0.9747 -0.1414 -0.1729
vn 0.9798 -0.1999 0.0000
vn 0.9920 -0.1044 -0.0705
vn 0.9732 -0.2189 0.0699
vn 0.9954 -0.0954 0.0000
vn 0.9920 -0.1044 0.0705
vn 0.9996 -0.0290 0.0000
vn 0.9970 -0.0317 -0.0705
vn 0.9970 0.0317 -0.0705
vn 0.9837 -0.0431 -0.1743
vn 0.9837 0.0431 -0.1743
vn 0.9747 0.1414 -0.1729
vn 0.9920 0.1044 -0.0705
vn 0.9420 0.2913 -0.1668
vn 0.9732 0.2189 -0.0699
vn 0.9954 0.0954 0.0000
vn 0.9798 0.1999 0.0000
vn 0.9920 0.1044 0.0705
vn 0.9732 0.2189 0.0699
vn 0.9747 0.1414 0.1729
vn 0.9420 0.2914 0.1667
vn 0.8863 0.0873 0.4547
vn 0.8583 0.2746 0.4334
vn 0.9837 0.0431 0.1743
vn 0.8863 -0.0873 0.4548
vn 0.9837 -0.0431 0.1743
vn 0.9970 0.0317 0.0705
vn 0.9970 -0.0317 0.0705
vn 0.9996 0.0290 0.0000
vn 0.9747 -0.1414 0.1729
vn 0.7815 -0.4991 0.3742
vn 0.8582 -0.2747 0.4335
vn 0.9420 -0.2914 0.1668
vn 0.6522 -0.5481 0.5236
vn 0.7403 -0.3128 0.5950
vn 0.7758 -0.1013 0.6228
vn 0.7757 0.1013 0.6228
vn 0.7403 0.3128 0.5950
vn 0.7815 0.4992 0.3743
vn -0.6524 0.5480 0.5235
vn -0.5967 0.7657 0.2402
vn -0.7815 0.4991 0.3742
vn -0.4643 0.8034 0.3728
vn -0.6991 0.7150 0.0000
vn -0.7824 0.6089 0.1303
vn -0.9420 0.2914 0.1668
vn -0.8556 0.5139 0.0606
vn -0.9732 0.2189 0.0699
vn -0.8772 0.4801 0.0000
vn -0.8557 0.5139 -0.0606
vn -0.9798 0.1999 0.0000
vn -0.9732 0.2189 -0.0699
vn -0.7826 0.6088 -0.1303
vn -0.9420 0.2913 -0.1668
vn -0.5968 0.7656 -0.2402
vn -0.4639 0.8036 -0.3729
vn -0.7815 0.4991 -0.3742
vn -0.9747 0.1414 -0.1729
vn -0.6521 0.5481 -0.5237
vn -0.8585 0.2745 -0.4332
vn -0.9837 0.0431 -0.1743
vn -0.7409 0.3125 -0.5945
vn -0.8863 0.0873 -0.4548
vn -0.7758 0.1013 -0.6228
vn -0.9837 -0.0431 -0.1743
vn -0.8863 -0.0873 -0.4548
vn -0.7757 -0.1012 -0.6229
vn -0.9747 -0.1414 -0.1729
vn -0.8584 -0.2745 -0.4332
vn -0.7407 -0.3125 -0.5947
vn -0.9419 -0.2914 -0.1668
vn -0.7815 -0.4991 -0.3742
vn -0.7825 -0.6088 -0.1303
vn -0.6521 -0.5482 -0.5237
vn -0.5969 -0.7656 -0.2401
vn -0.4638 -0.8036 -0.3729
vn -0.6991 -0.7150 0.0000
vn -0.5968 -0.7656 0.2401
vn -0.7825 -0.6089 0.1303
vn -0.4642 -0.8034 0.3728
vn -0.8557 -0.5139 0.0606
vn -0.8772 -0.4801 0.0000
vn -0.8556 -0.5139 -0.0606
vn -0.9732 -0.2189 -0.0699
vn -0.9920 -0.1044 -0.0705
vn -0.9798 -0.1999 0.0000
vn -0.9732 -0.2189 0.0699
vn -0.9954 -0.0954 0.0000
vn -0.9920 -0.1044 0.0705
vn -0.9996 -0.0290 0.0000
vn -0.9970 -0.0317 -0.0705
vn -0.9970 0.0317 -0.0705
vn -0.9996 0.0290 0.0000
vn -0.9920 0.1044 -0.0705
vn -0.9954 0.0954 0.0000
vn -0.9970 0.0317 0.0705
vn -0.9920 0.1044 0.0705
vn -0.9837 0.0431 0.1743
vn -0.9747 0.1414 0.1729
vn -0.8863 -0.0873 0.4548
vn -0.8863 0.0873 0.4548
vn -0.9837 -0.0431 0.1743
vn -0.8583 -0.2746 0.4334
vn -0.9747 -0.1414 0.1729
vn -0.9970 -0.0317 0.0705
vn -0.7816 -0.4991 0.3742
vn -0.9419 -0.2914 0.1668
vn -0.6524 -0.5480 0.5235
vn -0.7405 -0.3126 0.5948
vn -0.7758 -0.1013 0.6228
vn -0.7757 0.1013 0.6228
vn -0.8583 0.2746 0.4334
vn -0.7403 0.3127 0.5950
vn 0.0000 0.0002 1.0000
vn 0.0000 -0.0001 1.0000
usemtl mat_0000_cement
s 1
f 186/185/4 185/186/4 188/187/4
f 186/185/4 187/188/4 185/186/4
f 190/189/4 189/190/4 192/191/4
f 190/189/4 191/192/4 189/190/4
f 194/193/4 193/194/4 196/195/4
f 194/193/4 195/196/4 193/194/4
f 198/197/4 197/198/4 200/199/4
f 198/197/4 199/200/4 197/198/4
f 202/201/4 201/202/4 204/203/4
f 202/201/4 203/204/4 201/202/4
f 206/205/4 205/206/4 208/207/4
f 206/205/4 207/208/4 205/206/4
f 212/209/5 210/210/5 209/211/5
f 210/210/5 211/212/5 209/211/5
f 214/213/5 215/214/5 213/215/5
f 216/216/5 215/214/5 214/213/5
f 218/217/6 217/218/7 220/219/8
f 219/220/9 217/218/7 218/217/6
f 219/220/9 223/221/10 217/218/7
f 217/218/7 221/222/11 220/219/8
f 217/218/7 222/223/12 221/222/11
f 223/221/10 222/223/12 217/218/7
f 223/221/10 1217/224/13 222/223/12
f 225/225/14 1217/224/13 223/221/10
f 226/226/15 225/225/14 223/221/10
f 226/226/15 223/221/10 219/220/9
f 229/227/16 225/225/14 226/226/15
f 227/228/17 226/226/15 219/220/9
f 228/229/18 226/226/15 227/228/17
f 228/229/18 229/227/16 226/226/15
f 229/227/16 232/230/19 225/225/14
f 231/231/20 229/227/16 228/229/18
f 230/232/21 232/230/19 229/227/16
f 231/231/20 230/232/21 229/227/16
f 230/232/21 233/233/22 232/230/19
f 233/233/22 1188/234/23 232/230/19
f 232/230/19 1187/235/24 225/225/14
f 232/230/19 1188/234/23 1187/235/24
f 235/236/25 236/237/26 234/238/27
f 235/236/25 1189/239/28 236/237/26
f 233/233/22 238/240/29 1188/234/23
f 238/240/29 237/241/30 1188/234/23
f 239/242/31 241/243/32 238/240/29
f 239/242/31 238/240/29 233/233/22
f 238/240/29 240/244/33 237/241/30
f 241/243/32 240/244/33 238/240/29
f 241/243/32 242/245/34 240/244/33
f 243/246/34 242/245/34 241/243/32
f 244/247/32 241/243/32 239/242/31
f 244/247/32 243/246/34 241/243/32
f 246/248/31 244/247/32 239/242/31
f 245/249/35 243/246/34 244/247/32
f 247/250/36 245/249/35 244/247/32
f 247/250/36 244/247/32 246/248/31
f 247/250/36 248/251/32 245/249/35
f 247/250/36 249/252/37 248/251/32
f 250/253/38 247/250/36 246/248/31
f 250/253/38 249/252/37 247/250/36
f 251/254/39 250/253/38 253/255/39
f 251/254/39 252/256/39 250/253/38
f 250/253/38 252/256/39 249/252/37
f 250/253/38 246/248/31 253/255/39
f 253/255/39 246/248/31 254/257/39
f 253/255/39 254/257/39 256/258/40
f 255/259/41 253/255/39 256/258/40
f 251/254/39 253/255/39 255/259/41
f 255/259/41 256/258/40 1190/260/42
f 1190/260/42 256/258/40 231/231/20
f 256/258/40 230/232/21 231/231/20
f 256/258/40 254/257/39 230/232/21
f 1191/261/43 258/262/44 1190/260/42
f 258/262/44 255/259/41 1190/260/42
f 259/263/45 257/264/46 260/265/47
f 257/264/46 231/231/20 260/265/47
f 261/266/48 259/263/45 260/265/47
f 260/265/47 231/231/20 228/229/18
f 261/266/48 260/265/47 262/267/49
f 260/265/47 228/229/18 262/267/49
f 262/267/49 227/228/17 263/268/50
f 262/267/49 263/268/50 264/269/51
f 266/270/52 262/267/49 264/269/51
f 265/271/53 261/266/48 262/267/49
f 266/270/52 265/271/53 262/267/49
f 262/267/49 228/229/18 227/228/17
f 267/272/54 266/270/52 270/273/55
f 267/272/54 269/274/56 266/270/52
f 266/270/52 264/269/51 268/275/57
f 266/270/52 268/275/57 271/276/58
f 269/274/56 265/271/53 266/270/52
f 270/273/55 266/270/52 271/276/58
f 273/277/59 271/276/58 272/278/60
f 271/276/58 268/275/57 272/278/60
f 270/273/55 271/276/58 273/277/59
f 273/277/59 272/278/60 1192/279/61
f 274/280/62 270/273/55 273/277/59
f 274/280/62 273/277/59 1193/281/63
f 1193/281/63 273/277/59 1192/279/61
f 1194/282/64 274/280/62 1193/281/63
f 276/283/65 275/284/66 279/285/67
f 277/286/68 276/283/65 278/287/69
f 278/287/69 276/283/65 279/285/67
f 279/285/67 282/288/70 280/289/5
f 281/290/5 279/285/67 280/289/5
f 278/287/69 279/285/67 281/290/5
f 279/285/67 275/284/66 282/288/70
f 275/284/66 1216/291/71 282/288/70
f 282/288/70 1216/291/71 284/292/72
f 282/288/70 284/292/72 285/293/5
f 280/289/5 282/288/70 285/293/5
f 285/293/5 284/292/72 286/294/5
f 286/294/5 287/295/5 285/293/5
f 285/293/5 287/295/5 280/289/5
f 288/296/73 287/295/5 286/294/5
f 288/296/73 289/297/5 287/295/5
f 289/297/5 291/298/74 287/295/5
f 280/289/5 287/295/5 290/299/5
f 287/295/5 292/300/74 290/299/5
f 291/298/74 292/300/74 287/295/5
f 292/300/74 293/301/74 290/299/5
f 292/300/74 294/302/75 293/301/74
f 295/303/76 294/302/75 292/300/74
f 291/298/74 295/303/76 292/300/74
f 295/303/76 296/304/77 294/302/75
f 295/303/76 297/305/75 296/304/77
f 291/298/74 298/306/78 295/303/76
f 295/303/76 298/306/78 297/305/75
f 298/306/78 299/307/74 297/305/75
f 298/306/78 300/308/5 299/307/74
f 291/298/74 301/309/5 298/306/78
f 301/309/5 300/308/5 298/306/78
f 301/309/5 302/310/79 300/308/5
f 288/296/73 302/310/79 301/309/5
f 289/297/5 288/296/73 301/309/5
f 289/297/5 301/309/5 291/298/74
f 302/310/79 303/311/80 300/308/5
f 302/310/79 305/312/81 303/311/80
f 288/296/73 1195/313/82 302/310/79
f 1195/313/82 305/312/81 302/310/79
f 304/314/83 306/315/84 305/312/81
f 306/315/84 307/316/85 305/312/81
f 305/312/81 307/316/85 308/317/86
f 305/312/81 308/317/86 303/311/80
f 307/316/85 309/318/87 308/317/86
f 308/317/86 309/318/87 310/319/88
f 308/317/86 310/319/88 311/320/89
f 303/311/80 308/317/86 311/320/89
f 303/311/80 311/320/89 312/321/90
f 311/320/89 310/319/88 1196/322/91
f 312/321/90 311/320/89 1197/323/92
f 311/320/89 1196/322/91 1197/323/92
f 313/324/93 314/325/94 315/326/95
f 310/319/88 1198/327/96 1196/322/91
f 314/325/94 317/328/97 315/326/95
f 314/325/94 316/329/98 317/328/97
f 315/326/95 317/328/97 318/330/99
f 316/329/98 319/331/100 317/328/97
f 317/328/97 320/332/101 318/330/99
f 317/328/97 319/331/100 320/332/101
f 320/332/101 321/333/4 323/334/4
f 320/332/101 322/335/102 321/333/4
f 319/331/100 322/335/102 320/332/101
f 318/330/99 320/332/101 323/334/4
f 327/336/103 323/334/4 321/333/4
f 328/337/104 324/338/4 323/334/4
f 325/339/105 323/334/4 324/338/4
f 318/330/99 323/334/4 325/339/105
f 326/340/106 328/337/104 323/334/4
f 326/340/106 323/334/4 327/336/103
f 331/341/107 329/342/108 328/337/104
f 329/342/108 330/343/109 328/337/104
f 328/337/104 330/343/109 324/338/4
f 331/341/107 328/337/104 326/340/106
f 1199/344/110 329/342/108 331/341/107
f 1189/239/28 1199/344/110 331/341/107
f 236/237/26 331/341/107 326/340/106
f 1189/239/28 331/341/107 236/237/26
f 1199/344/110 333/345/111 329/342/108
f 334/346/112 333/345/111 332/347/113
f 240/244/33 334/346/112 332/347/113
f 240/244/33 332/347/113 237/241/30
f 334/346/112 335/348/114 333/345/111
f 336/349/115 335/348/114 334/346/112
f 242/245/34 334/346/112 240/244/33
f 242/245/34 336/349/115 334/346/112
f 338/350/116 337/351/116 336/349/115
f 336/349/115 337/351/116 335/348/114
f 339/352/115 338/350/116 336/349/115
f 339/352/115 336/349/115 242/245/34
f 243/246/34 339/352/115 242/245/34
f 340/353/115 339/352/115 243/246/34
f 340/353/115 341/354/116 339/352/115
f 341/354/116 338/350/116 339/352/115
f 341/354/116 342/355/116 344/356/117
f 341/354/116 343/357/115 342/355/116
f 340/353/115 343/357/115 341/354/116
f 341/354/116 346/358/117 338/350/116
f 345/359/118 341/354/116 344/356/117
f 345/359/118 346/358/117 341/354/116
f 346/358/117 347/360/117 338/350/116
f 346/358/117 348/361/77 347/360/117
f 345/359/118 349/362/119 346/358/117
f 349/362/119 348/361/77 346/358/117
f 349/362/119 350/363/76 348/361/77
f 297/305/75 350/363/76 349/362/119
f 296/304/77 349/362/119 345/359/118
f 296/304/77 297/305/75 349/362/119
f 350/363/76 352/364/120 351/365/121
f 350/363/76 351/365/121 348/361/77
f 299/307/74 352/364/120 350/363/76
f 297/305/75 299/307/74 350/363/76
f 299/307/74 312/321/90 352/364/120
f 312/321/90 1197/323/92 352/364/120
f 352/364/120 1201/366/122 351/365/121
f 352/364/120 1197/323/92 1201/366/122
f 353/367/123 354/368/124 1200/369/125
f 353/367/123 315/326/95 354/368/124
f 313/324/93 315/326/95 353/367/123
f 351/365/121 1201/366/122 355/370/126
f 358/371/127 355/370/126 356/372/128
f 1200/369/125 357/373/129 356/372/128
f 1200/369/125 354/368/124 357/373/129
f 351/365/121 355/370/126 358/371/127
f 347/360/117 358/371/127 359/374/130
f 358/371/127 356/372/128 359/374/130
f 348/361/77 351/365/121 358/371/127
f 348/361/77 358/371/127 347/360/117
f 359/374/130 360/375/131 361/376/132
f 359/374/130 356/372/128 360/375/131
f 347/360/117 359/374/130 337/351/116
f 337/351/116 359/374/130 361/376/132
f 361/376/132 363/377/133 362/378/134
f 335/348/114 361/376/132 362/378/134
f 337/351/116 361/376/132 335/348/114
f 361/376/132 360/375/131 363/377/133
f 363/377/133 364/379/135 366/380/136
f 363/377/133 365/381/137 364/379/135
f 360/375/131 365/381/137 363/377/133
f 362/378/134 363/377/133 366/380/136
f 367/382/138 366/380/136 369/383/139
f 362/378/134 366/380/136 367/382/138
f 366/380/136 368/384/140 369/383/139
f 366/380/136 364/379/135 368/384/140
f 330/343/109 369/383/139 370/385/4
f 369/383/139 371/386/4 370/385/4
f 369/383/139 368/384/140 371/386/4
f 367/382/138 369/383/139 330/343/109
f 373/387/141 370/385/4 371/386/4
f 368/384/140 1202/388/4 371/386/4
f 372/389/142 371/386/4 1202/388/4
f 373/387/141 371/386/4 372/389/142
f 364/379/135 374/390/143 368/384/140
f 364/379/135 372/389/142 374/390/143
f 365/381/137 373/387/141 372/389/142
f 375/391/144 370/385/4 373/387/141
f 376/392/145 375/391/144 373/387/141
f 376/392/145 373/387/141 365/381/137
f 360/375/131 376/392/145 365/381/137
f 357/373/129 375/391/144 376/392/145
f 356/372/128 376/392/145 360/375/131
f 356/372/128 357/373/129 376/392/145
f 357/373/129 325/339/105 375/391/144
f 375/391/144 324/338/4 370/385/4
f 325/339/105 324/338/4 375/391/144
f 365/381/137 372/389/142 364/379/135
f 330/343/109 370/385/4 324/338/4
f 329/342/108 367/382/138 330/343/109
f 333/345/111 362/378/134 367/382/138
f 333/345/111 367/382/138 329/342/108
f 335/348/114 362/378/134 333/345/111
f 354/368/124 325/339/105 357/373/129
f 354/368/124 318/330/99 325/339/105
f 315/326/95 318/330/99 354/368/124
f 338/350/116 347/360/117 337/351/116
f 296/304/77 345/359/118 377/393/119
f 345/359/118 344/356/117 377/393/119
f 294/302/75 377/393/119 378/394/76
f 377/393/119 379/395/119 378/394/76
f 377/393/119 344/356/117 379/395/119
f 296/304/77 377/393/119 294/302/75
f 379/395/119 380/396/146 382/397/147
f 379/395/119 381/398/117 380/396/146
f 344/356/117 381/398/117 379/395/119
f 378/394/76 379/395/119 382/397/147
f 382/397/147 1206/399/148 1205/400/149
f 382/397/147 380/396/146 1206/399/148
f 385/401/150 382/397/147 1205/400/149
f 378/394/76 382/397/147 385/401/150
f 293/301/74 385/401/150 386/402/151
f 386/402/151 385/401/150 1203/403/152
f 385/401/150 1205/400/149 1203/403/152
f 293/301/74 378/394/76 385/401/150
f 1203/403/152 1204/404/153 386/402/151
f 387/405/154 389/406/155 388/407/156
f 390/408/157 389/406/155 387/405/154
f 387/405/154 384/409/158 390/408/157
f 390/408/157 391/410/159 392/411/160
f 384/409/158 391/410/159 390/408/157
f 390/408/157 393/412/161 389/406/155
f 392/411/160 393/412/161 390/408/157
f 392/411/160 394/413/162 393/412/161
f 394/413/162 395/414/163 393/412/161
f 393/412/161 395/414/163 396/415/164
f 393/412/161 396/415/164 389/406/155
f 389/406/155 396/415/164 397/416/165
f 396/415/164 398/417/166 397/416/165
f 396/415/164 399/418/167 398/417/166
f 395/414/163 399/418/167 396/415/164
f 399/418/167 267/272/54 398/417/166
f 399/418/167 401/419/168 267/272/54
f 400/420/169 401/419/168 399/418/167
f 395/414/163 400/420/169 399/418/167
f 401/419/168 402/421/170 269/274/56
f 403/422/171 402/421/170 401/419/168
f 400/420/169 403/422/171 401/419/168
f 401/419/168 269/274/56 267/272/54
f 403/422/171 1210/423/172 402/421/170
f 1214/424/173 1210/423/172 403/422/171
f 406/425/174 1214/424/173 403/422/171
f 406/425/174 403/422/171 400/420/169
f 1213/426/175 1214/424/173 406/425/174
f 407/427/176 406/425/174 400/420/169
f 409/428/177 406/425/174 407/427/176
f 409/428/177 1213/426/175 406/425/174
f 410/429/178 409/428/177 407/427/176
f 1213/426/175 409/428/177 1212/430/179
f 409/428/177 410/429/178 412/431/180
f 1212/430/179 409/428/177 412/431/180
f 412/431/180 410/429/178 415/432/181
f 1212/430/179 412/431/180 1211/433/182
f 412/431/180 415/432/181 413/434/183
f 1211/433/182 412/431/180 413/434/183
f 410/429/178 416/435/184 415/432/181
f 415/432/181 416/435/184 417/436/184
f 415/432/181 417/436/184 418/437/185
f 413/434/183 415/432/181 418/437/185
f 418/437/185 417/436/184 419/438/184
f 418/437/185 419/438/184 420/439/186
f 421/440/187 418/437/185 420/439/186
f 413/434/183 418/437/185 421/440/187
f 422/441/188 413/434/183 421/440/187
f 421/440/187 420/439/186 423/442/189
f 422/441/188 421/440/187 424/443/190
f 424/443/190 421/440/187 423/442/189
f 424/443/190 423/442/189 426/444/191
f 425/445/192 422/441/188 424/443/190
f 425/445/192 424/443/190 427/446/193
f 427/446/193 424/443/190 426/444/191
f 428/447/194 427/446/193 430/448/195
f 429/449/116 427/446/193 428/447/194
f 427/446/193 426/444/191 430/448/195
f 429/449/116 425/445/192 427/446/193
f 430/448/195 431/450/196 432/451/197
f 430/448/195 426/444/191 431/450/196
f 433/452/198 430/448/195 432/451/197
f 428/447/194 430/448/195 433/452/198
f 433/452/198 432/451/197 434/453/199
f 383/454/200 433/452/198 434/453/199
f 380/396/146 428/447/194 433/452/198
f 380/396/146 433/452/198 1206/399/148
f 434/453/199 435/455/201 436/456/202
f 434/453/199 432/451/197 435/455/201
f 383/454/200 434/453/199 391/410/159
f 391/410/159 434/453/199 436/456/202
f 436/456/202 435/455/201 417/436/184
f 436/456/202 417/436/184 416/435/184
f 392/411/160 436/456/202 416/435/184
f 391/410/159 436/456/202 392/411/160
f 432/451/197 437/457/203 435/455/201
f 435/455/201 419/438/184 417/436/184
f 435/455/201 437/457/203 419/438/184
f 437/457/203 439/458/204 438/459/184
f 437/457/203 438/459/184 419/438/184
f 431/450/196 439/458/204 437/457/203
f 432/451/197 431/450/196 437/457/203
f 440/460/205 1207/461/206 439/458/204
f 431/450/196 440/460/205 439/458/204
f 439/458/204 441/462/184 438/459/184
f 442/463/207 438/459/184 441/462/184
f 440/460/205 442/463/207 1207/461/206
f 423/442/189 442/463/207 440/460/205
f 423/442/189 420/439/186 442/463/207
f 420/439/186 438/459/184 442/463/207
f 426/444/191 440/460/205 431/450/196
f 426/444/191 423/442/189 440/460/205
f 420/439/186 419/438/184 438/459/184
f 443/464/115 425/445/192 429/449/116
f 342/355/116 443/464/115 429/449/116
f 342/355/116 429/449/116 381/398/117
f 381/398/117 429/449/116 428/447/194
f 343/357/115 443/464/115 342/355/116
f 343/357/115 445/465/34 443/464/115
f 443/464/115 444/466/208 425/445/192
f 445/465/34 444/466/208 443/464/115
f 445/465/34 446/467/209 444/466/208
f 447/468/210 446/467/209 445/465/34
f 448/469/34 447/468/210 445/465/34
f 448/469/34 445/465/34 343/357/115
f 248/251/32 447/468/210 448/469/34
f 340/353/115 448/469/34 343/357/115
f 245/249/35 448/469/34 340/353/115
f 245/249/35 248/251/32 448/469/34
f 447/468/210 450/470/211 446/467/209
f 449/471/212 450/470/211 447/468/210
f 248/251/32 449/471/212 447/468/210
f 449/471/212 451/472/213 450/470/211
f 451/472/213 408/473/214 450/470/211
f 450/470/211 408/473/214 411/474/215
f 450/470/211 411/474/215 446/467/209
f 451/472/213 453/475/216 405/476/217
f 408/473/214 451/472/213 405/476/217
f 452/477/39 451/472/213 449/471/212
f 451/472/213 452/477/39 453/475/216
f 452/477/39 454/478/39 453/475/216
f 453/475/216 454/478/39 455/479/218
f 453/475/216 455/479/218 404/480/219
f 405/476/217 453/475/216 404/480/219
f 455/479/218 457/481/220 1209/482/221
f 404/480/219 455/479/218 1209/482/221
f 455/479/218 458/483/39 457/481/220
f 454/478/39 458/483/39 455/479/218
f 458/483/39 459/484/39 457/481/220
f 459/484/39 458/483/39 452/477/39
f 458/483/39 454/478/39 452/477/39
f 459/484/39 460/485/39 461/486/222
f 460/485/39 459/484/39 252/256/39
f 459/484/39 452/477/39 252/256/39
f 457/481/220 459/484/39 461/486/222
f 1208/487/223 461/486/222 1191/261/43
f 461/486/222 258/262/44 1191/261/43
f 461/486/222 460/485/39 258/262/44
f 457/481/220 461/486/222 1208/487/223
f 462/488/224 259/263/45 261/266/48
f 463/489/225 462/488/224 261/266/48
f 1209/482/221 457/481/220 1208/487/223
f 456/490/226 462/488/224 463/489/225
f 463/489/225 261/266/48 265/271/53
f 402/421/170 456/490/226 463/489/225
f 269/274/56 463/489/225 265/271/53
f 402/421/170 463/489/225 269/274/56
f 460/485/39 464/491/39 258/262/44
f 464/491/39 460/485/39 252/256/39
f 258/262/44 464/491/39 255/259/41
f 255/259/41 464/491/39 252/256/39
f 1210/423/172 456/490/226 402/421/170
f 252/256/39 452/477/39 249/252/37
f 249/252/37 452/477/39 449/471/212
f 249/252/37 449/471/212 248/251/32
f 446/467/209 411/474/215 414/492/227
f 446/467/209 414/492/227 444/466/208
f 444/466/208 414/492/227 422/441/188
f 444/466/208 422/441/188 425/445/192
f 381/398/117 428/447/194 380/396/146
f 1211/433/182 413/434/183 422/441/188
f 416/435/184 410/429/178 394/413/162
f 416/435/184 394/413/162 392/411/160
f 410/429/178 407/427/176 394/413/162
f 394/413/162 407/427/176 395/414/163
f 407/427/176 400/420/169 395/414/163
f 397/416/165 398/417/166 274/280/62
f 398/417/166 270/273/55 274/280/62
f 398/417/166 267/272/54 270/273/55
f 397/416/165 274/280/62 1194/282/64
f 388/407/156 397/416/165 1194/282/64
f 389/406/155 397/416/165 388/407/156
f 384/409/158 383/454/200 391/410/159
f 1204/404/153 277/286/68 465/493/228
f 386/402/151 1204/404/153 465/493/228
f 386/402/151 465/493/228 290/299/5
f 290/299/5 465/493/228 466/494/5
f 465/493/228 278/287/69 466/494/5
f 465/493/228 277/286/68 278/287/69
f 281/290/5 290/299/5 466/494/5
f 466/494/5 278/287/69 281/290/5
f 290/299/5 293/301/74 386/402/151
f 344/356/117 342/355/116 381/398/117
f 294/302/75 378/394/76 293/301/74
f 245/249/35 340/353/115 243/246/34
f 469/495/229 327/336/103 467/496/230
f 467/496/230 327/336/103 468/497/231
f 327/336/103 321/333/4 468/497/231
f 469/495/229 326/340/106 327/336/103
f 224/498/232 469/495/229 467/496/230
f 234/238/27 469/495/229 224/498/232
f 236/237/26 326/340/106 469/495/229
f 234/238/27 236/237/26 469/495/229
f 470/499/233 468/497/231 472/500/234
f 467/496/230 468/497/231 470/499/233
f 468/497/231 321/333/4 471/501/4
f 468/497/231 471/501/4 472/500/234
f 472/500/234 471/501/4 473/502/4
f 472/500/234 473/502/4 474/503/235
f 475/504/236 472/500/234 474/503/235
f 470/499/233 472/500/234 475/504/236
f 475/504/236 474/503/235 476/505/237
f 221/222/11 470/499/233 475/504/236
f 221/222/11 475/504/236 477/506/238
f 477/506/238 475/504/236 476/505/237
f 220/219/8 477/506/238 478/507/239
f 478/507/239 477/506/238 479/508/240
f 477/506/238 476/505/237 479/508/240
f 220/219/8 221/222/11 477/506/238
f 478/507/239 479/508/240 480/509/241
f 480/509/241 479/508/240 481/510/242
f 479/508/240 482/511/243 481/510/242
f 479/508/240 476/505/237 482/511/243
f 481/510/242 482/511/243 473/502/4
f 476/505/237 1215/512/244 482/511/243
f 482/511/243 483/513/4 473/502/4
f 476/505/237 474/503/235 1215/512/244
f 474/503/235 473/502/4 483/513/4
f 480/509/241 481/510/242 322/335/102
f 322/335/102 481/510/242 471/501/4
f 481/510/242 473/502/4 471/501/4
f 319/331/100 480/509/241 322/335/102
f 484/514/245 480/509/241 319/331/100
f 484/514/245 478/507/239 480/509/241
f 485/515/246 486/516/247 484/514/245
f 485/515/246 484/514/245 1198/327/96
f 316/329/98 484/514/245 319/331/100
f 486/516/247 478/507/239 484/514/245
f 487/517/248 218/217/6 486/516/247
f 487/517/248 486/516/247 485/515/246
f 486/516/247 220/219/8 478/507/239
f 218/217/6 220/219/8 486/516/247
f 488/518/249 263/268/50 487/517/248
f 488/518/249 487/517/248 309/318/87
f 309/318/87 487/517/248 485/515/246
f 263/268/50 218/217/6 487/517/248
f 268/275/57 263/268/50 488/518/249
f 268/275/57 488/518/249 307/316/85
f 307/316/85 488/518/249 309/318/87
f 309/318/87 485/515/246 310/319/88
f 310/319/88 485/515/246 1198/327/96
f 322/335/102 471/501/4 321/333/4
f 222/223/12 470/499/233 221/222/11
f 222/223/12 467/496/230 470/499/233
f 224/498/232 467/496/230 222/223/12
f 300/308/5 303/311/80 312/321/90
f 300/308/5 312/321/90 299/307/74
f 306/315/84 268/275/57 307/316/85
f 272/278/60 306/315/84 283/519/250
f 272/278/60 268/275/57 306/315/84
f 283/519/250 306/315/84 304/314/83
f 1216/291/71 1195/313/82 284/292/72
f 284/292/72 1195/313/82 288/296/73
f 280/289/5 290/299/5 281/290/5
f 284/292/72 288/296/73 286/294/5
f 1192/279/61 272/278/60 283/519/250
f 268/275/57 264/269/51 263/268/50
f 263/268/50 219/220/9 218/217/6
f 227/228/17 219/220/9 263/268/50
f 255/259/41 252/256/39 251/254/39
f 254/257/39 233/233/22 230/232/21
f 254/257/39 239/242/31 233/233/22
f 246/248/31 239/242/31 254/257/39
f 225/225/14 1187/235/24 1217/224/13
f 490/520/115 489/521/116 492/522/114
f 491/523/251 489/521/116 490/520/115
f 491/523/251 494/524/118 489/521/116
f 489/521/116 493/525/132 492/522/114
f 489/521/116 495/526/130 493/525/132
f 494/524/118 495/526/130 489/521/116
f 494/524/118 496/527/252 495/526/130
f 496/527/252 497/528/253 495/526/130
f 495/526/130 497/528/253 498/529/131
f 495/526/130 498/529/131 493/525/132
f 497/528/253 499/530/145 498/529/131
f 498/529/131 499/530/145 500/531/137
f 493/525/132 498/529/131 501/532/254
f 498/529/131 500/531/137 501/532/254
f 504/533/255 501/532/254 502/534/136
f 501/532/254 503/535/256 502/534/136
f 501/532/254 500/531/137 503/535/256
f 493/525/132 501/532/254 504/533/255
f 504/533/255 502/534/136 505/536/138
f 506/537/257 504/533/255 505/536/138
f 492/522/114 493/525/132 504/533/255
f 492/522/114 504/533/255 506/537/257
f 506/537/257 505/536/138 507/538/258
f 508/539/259 492/522/114 506/537/257
f 1218/540/260 506/537/257 507/538/258
f 508/539/259 506/537/257 509/541/261
f 1218/540/260 507/538/258 510/542/262
f 512/543/263 508/539/259 509/541/261
f 1219/544/264 1218/540/260 510/542/262
f 512/543/263 509/541/261 511/545/265
f 514/546/34 508/539/259 512/543/263
f 513/547/266 512/543/263 511/545/265
f 515/548/210 512/543/263 513/547/266
f 515/548/210 514/546/34 512/543/263
f 517/549/31 515/548/210 513/547/266
f 516/550/267 514/546/34 515/548/210
f 518/551/268 516/550/267 515/548/210
f 518/551/268 515/548/210 517/549/31
f 1220/552/269 521/553/270 518/551/268
f 519/554/271 518/551/268 520/555/272
f 520/555/272 518/551/268 517/549/31
f 521/553/270 516/550/267 518/551/268
f 523/556/273 521/553/270 1234/557/274
f 1234/557/274 521/553/270 1220/552/269
f 523/556/273 524/558/275 521/553/270
f 521/553/270 524/558/275 516/550/267
f 524/558/275 525/559/276 516/550/267
f 524/558/275 491/523/251 525/559/276
f 524/558/275 526/560/277 491/523/251
f 528/561/278 526/560/277 524/558/275
f 527/562/279 524/558/275 523/556/273
f 528/561/278 524/558/275 527/562/279
f 529/563/280 532/564/281 528/561/278
f 529/563/280 528/561/278 531/565/282
f 528/561/278 530/566/283 526/560/277
f 528/561/278 533/567/284 530/566/283
f 531/565/282 528/561/278 527/562/279
f 532/564/281 533/567/284 528/561/278
f 533/567/284 534/568/285 530/566/283
f 535/569/286 534/568/285 533/567/284
f 532/564/281 535/569/286 533/567/284
f 535/569/286 1222/570/287 534/568/285
f 536/571/288 535/569/286 532/564/281
f 536/571/288 1221/572/289 535/569/286
f 1221/572/289 1222/570/287 535/569/286
f 1223/573/290 1221/572/289 536/571/288
f 538/574/291 541/575/292 537/576/293
f 539/577/294 540/578/295 538/574/291
f 540/578/295 541/575/292 538/574/291
f 541/575/292 542/579/296 537/576/293
f 541/575/292 543/580/5 542/579/296
f 544/581/5 543/580/5 541/575/292
f 540/578/295 544/581/5 541/575/292
f 543/580/5 544/581/5 545/582/5
f 544/581/5 546/583/5 545/582/5
f 546/583/5 544/581/5 540/578/295
f 545/582/5 546/583/5 547/584/297
f 547/584/297 546/583/5 540/578/295
f 1248/585/298 547/584/297 539/577/294
f 547/584/297 540/578/295 539/577/294
f 549/586/299 547/584/297 1248/585/298
f 549/586/299 545/582/5 547/584/297
f 1231/587/152 549/586/299 1248/585/298
f 549/586/299 1231/587/152 551/588/300
f 552/589/301 549/586/299 551/588/300
f 545/582/5 549/586/299 552/589/301
f 552/589/301 551/588/300 553/590/302
f 554/591/302 552/589/301 553/590/302
f 555/592/301 552/589/301 554/591/302
f 555/592/301 545/582/5 552/589/301
f 557/593/303 556/594/5 555/592/301
f 556/594/5 545/582/5 555/592/301
f 557/593/303 555/592/301 558/595/302
f 558/595/302 555/592/301 554/591/302
f 558/595/302 559/596/87 560/597/304
f 558/595/302 554/591/302 559/596/87
f 557/593/303 558/595/302 561/598/305
f 558/595/302 560/597/304 561/598/305
f 561/598/305 562/599/303 563/600/5
f 561/598/305 560/597/304 562/599/303
f 557/593/303 561/598/305 564/601/5
f 564/601/5 561/598/305 563/600/5
f 564/601/5 563/600/5 567/602/306
f 565/603/307 564/601/5 567/602/306
f 566/604/5 564/601/5 565/603/307
f 566/604/5 557/593/303 564/601/5
f 565/603/307 567/602/306 1246/605/308
f 1246/605/308 567/602/306 569/606/309
f 567/602/306 570/607/310 569/606/309
f 567/602/306 563/600/5 570/607/310
f 570/607/310 573/608/90 571/609/311
f 570/607/310 571/609/311 572/610/312
f 563/600/5 573/608/90 570/607/310
f 569/606/309 570/607/310 572/610/312
f 573/608/90 575/611/313 1244/612/92
f 573/608/90 1244/612/92 571/609/311
f 563/600/5 562/599/303 573/608/90
f 562/599/303 575/611/313 573/608/90
f 562/599/303 578/613/302 575/611/313
f 575/611/313 1236/614/314 1244/612/92
f 575/611/313 577/615/315 1236/614/314
f 578/613/302 577/615/315 575/611/313
f 578/613/302 579/616/87 577/615/315
f 580/617/316 579/616/87 578/613/302
f 560/597/304 578/613/302 562/599/303
f 560/597/304 580/617/316 578/613/302
f 580/617/316 581/618/317 579/616/87
f 582/619/317 581/618/317 580/617/316
f 559/596/87 582/619/317 580/617/316
f 559/596/87 580/617/316 560/597/304
f 582/619/317 585/620/316 583/621/317
f 582/619/317 583/621/317 584/622/6
f 582/619/317 584/622/6 581/618/317
f 559/596/87 585/620/316 582/619/317
f 585/620/316 586/623/316 583/621/317
f 585/620/316 553/590/302 586/623/316
f 554/591/302 553/590/302 585/620/316
f 559/596/87 554/591/302 585/620/316
f 586/623/316 587/624/318 589/625/317
f 586/623/316 588/626/319 587/624/318
f 553/590/302 588/626/319 586/623/316
f 583/621/317 586/623/316 589/625/317
f 589/625/317 587/624/318 590/627/320
f 589/625/317 590/627/320 591/628/6
f 583/621/317 589/625/317 592/629/6
f 592/629/6 589/625/317 591/628/6
f 594/630/9 592/629/6 593/631/9
f 592/629/6 591/628/6 593/631/9
f 584/622/6 592/629/6 594/630/9
f 584/622/6 583/621/317 592/629/6
f 594/630/9 593/631/9 596/632/15
f 595/633/9 584/622/6 594/630/9
f 595/633/9 594/630/9 597/634/15
f 597/634/15 594/630/9 596/632/15
f 597/634/15 596/632/15 598/635/321
f 600/636/322 597/634/15 598/635/321
f 599/637/323 595/633/9 597/634/15
f 599/637/323 597/634/15 600/636/322
f 600/636/322 598/635/321 602/638/324
f 601/639/325 599/637/323 600/636/322
f 601/639/325 600/636/322 603/640/326
f 603/640/326 600/636/322 602/638/324
f 604/641/327 601/639/325 603/640/326
f 604/641/327 603/640/326 605/642/39
f 605/642/39 603/640/326 606/643/39
f 603/640/326 602/638/324 606/643/39
f 607/644/39 605/642/39 606/643/39
f 607/644/39 606/643/39 608/645/39
f 606/643/39 602/638/324 610/646/213
f 608/645/39 606/643/39 609/647/39
f 606/643/39 611/648/328 609/647/39
f 610/646/213 611/648/328 606/643/39
f 611/648/328 612/649/329 609/647/39
f 611/648/328 1225/650/330 612/649/329
f 1224/651/331 1225/650/330 611/648/328
f 610/646/213 1224/651/331 611/648/328
f 614/652/332 615/653/333 613/654/334
f 616/655/335 615/653/333 614/652/332
f 1226/656/214 1224/651/331 610/646/213
f 617/657/175 616/655/335 614/652/332
f 610/646/213 618/658/336 1226/656/214
f 619/659/177 616/655/335 617/657/175
f 618/658/336 1227/660/337 1226/656/214
f 617/657/175 620/661/338 619/659/177
f 620/661/338 621/662/339 619/659/177
f 618/658/336 622/663/340 1227/660/337
f 620/661/338 1228/664/341 621/662/339
f 622/663/340 623/665/342 1227/660/337
f 1228/664/341 624/666/343 621/662/339
f 1228/664/341 625/667/344 624/666/343
f 622/663/340 626/668/345 623/665/342
f 626/668/345 625/667/344 623/665/342
f 626/668/345 627/669/346 625/667/344
f 593/631/9 627/669/346 626/668/345
f 596/632/15 626/668/345 622/663/340
f 596/632/15 593/631/9 626/668/345
f 627/669/346 629/670/347 628/671/348
f 627/669/346 628/671/348 625/667/344
f 591/628/6 629/670/347 627/669/346
f 593/631/9 591/628/6 627/669/346
f 590/627/320 631/672/349 629/670/347
f 591/628/6 590/627/320 629/670/347
f 629/670/347 630/673/350 628/671/348
f 629/670/347 631/672/349 630/673/350
f 631/672/349 632/674/351 630/673/350
f 631/672/349 633/675/352 632/674/351
f 634/676/353 633/675/352 631/672/349
f 590/627/320 634/676/353 631/672/349
f 634/676/353 635/677/354 633/675/352
f 1229/678/355 635/677/354 634/676/353
f 587/624/318 634/676/353 590/627/320
f 587/624/318 636/679/356 634/676/353
f 1229/678/355 637/680/357 635/677/354
f 588/626/319 636/679/356 587/624/318
f 1230/681/358 637/680/357 1229/678/355
f 588/626/319 638/682/359 636/679/356
f 1230/681/358 639/683/157 637/680/357
f 550/684/154 639/683/157 1230/681/358
f 551/588/300 1231/587/152 638/682/359
f 551/588/300 638/682/359 588/626/319
f 639/683/157 641/685/160 637/680/357
f 639/683/157 640/686/360 642/687/361
f 639/683/157 550/684/154 640/686/360
f 641/685/160 639/683/157 642/687/361
f 641/685/160 642/687/361 643/688/362
f 643/688/362 642/687/361 644/689/363
f 642/687/361 645/690/364 644/689/363
f 642/687/361 640/686/360 645/690/364
f 645/690/364 646/691/365 648/692/366
f 640/686/360 646/691/365 645/690/364
f 644/689/363 645/690/364 647/693/367
f 645/690/364 648/692/366 647/693/367
f 647/693/367 648/692/366 529/563/280
f 648/692/366 532/564/281 529/563/280
f 648/692/366 536/571/288 532/564/281
f 646/691/365 536/571/288 648/692/366
f 647/693/367 529/563/280 650/694/368
f 649/695/369 647/693/367 650/694/368
f 644/689/363 647/693/367 649/695/369
f 650/694/368 531/565/282 651/696/370
f 615/653/333 650/694/368 651/696/370
f 649/695/369 650/694/368 615/653/333
f 650/694/368 529/563/280 531/565/282
f 651/696/370 531/565/282 652/697/371
f 651/696/370 652/697/371 1232/698/372
f 613/654/334 651/696/370 1232/698/372
f 615/653/333 651/696/370 613/654/334
f 612/649/329 653/699/373 654/700/374
f 653/699/373 1233/701/375 654/700/374
f 1232/698/372 652/697/371 655/702/376
f 1225/650/330 653/699/373 612/649/329
f 654/700/374 1233/701/375 656/703/377
f 1233/701/375 522/704/378 656/703/377
f 655/702/376 523/556/273 1234/557/274
f 652/697/371 523/556/273 655/702/376
f 656/703/377 657/705/379 658/706/39
f 656/703/377 522/704/378 657/705/379
f 654/700/374 656/703/377 607/644/39
f 607/644/39 656/703/377 658/706/39
f 658/706/39 657/705/379 659/707/39
f 659/707/39 605/642/39 658/706/39
f 658/706/39 605/642/39 607/644/39
f 657/705/379 660/708/380 659/707/39
f 660/708/380 605/642/39 659/707/39
f 660/708/380 520/555/272 661/709/39
f 662/710/39 660/708/380 661/709/39
f 660/708/380 662/710/39 605/642/39
f 657/705/379 519/554/271 660/708/380
f 660/708/380 519/554/271 520/555/272
f 662/710/39 661/709/39 604/641/327
f 662/710/39 604/641/327 605/642/39
f 661/709/39 663/711/39 664/712/21
f 661/709/39 520/555/272 663/711/39
f 604/641/327 661/709/39 664/712/21
f 664/712/21 666/713/21 665/714/322
f 601/639/325 664/712/21 665/714/322
f 604/641/327 664/712/21 601/639/325
f 664/712/21 663/711/39 666/713/21
f 666/713/21 667/715/381 669/716/16
f 666/713/21 668/717/22 667/715/381
f 663/711/39 668/717/22 666/713/21
f 665/714/322 666/713/21 669/716/16
f 669/716/16 667/715/381 670/718/382
f 669/716/16 670/718/382 671/719/15
f 672/720/15 669/716/16 671/719/15
f 665/714/322 669/716/16 672/720/15
f 672/720/15 671/719/15 673/721/9
f 599/637/323 672/720/15 595/633/9
f 599/637/323 665/714/322 672/720/15
f 595/633/9 672/720/15 673/721/9
f 584/622/6 673/721/9 674/722/6
f 595/633/9 673/721/9 584/622/6
f 673/721/9 675/723/9 674/722/6
f 673/721/9 671/719/15 675/723/9
f 675/723/9 676/724/7 678/725/6
f 675/723/9 677/726/383 676/724/7
f 671/719/15 677/726/383 675/723/9
f 674/722/6 675/723/9 678/725/6
f 678/725/6 679/727/384 680/728/385
f 678/725/6 676/724/7 679/727/384
f 674/722/6 678/725/6 681/729/317
f 681/729/317 678/725/6 680/728/385
f 581/618/317 674/722/6 681/729/317
f 681/729/317 680/728/385 682/730/246
f 581/618/317 681/729/317 579/616/87
f 579/616/87 681/729/317 682/730/246
f 682/730/246 683/731/386 1235/732/96
f 682/730/246 680/728/385 683/731/386
f 577/615/315 682/730/246 1235/732/96
f 579/616/87 682/730/246 577/615/315
f 684/733/98 685/734/100 686/735/97
f 684/733/98 683/731/386 685/734/100
f 576/736/94 684/733/98 686/735/97
f 577/615/315 1235/732/96 1236/614/314
f 686/735/97 685/734/100 688/737/101
f 687/738/95 686/735/97 689/739/99
f 576/736/94 686/735/97 687/738/95
f 686/735/97 688/737/101 689/739/99
f 689/739/99 690/740/4 692/741/105
f 689/739/99 688/737/101 690/740/4
f 687/738/95 689/739/99 691/742/124
f 691/742/124 689/739/99 692/741/105
f 691/742/124 692/741/105 693/743/387
f 693/743/387 692/741/105 694/744/388
f 692/741/105 695/745/4 694/744/388
f 692/741/105 690/740/4 695/745/4
f 696/746/389 697/747/109 695/745/4
f 696/746/389 695/745/4 690/740/4
f 697/747/109 698/748/4 695/745/4
f 694/744/388 695/745/4 698/748/4
f 697/747/109 699/749/390 698/748/4
f 699/749/390 700/750/4 698/748/4
f 701/751/141 698/748/4 700/750/4
f 694/744/388 698/748/4 701/751/141
f 701/751/141 700/750/4 702/752/142
f 499/530/145 701/751/141 500/531/137
f 499/530/145 694/744/388 701/751/141
f 500/531/137 701/751/141 702/752/142
f 500/531/137 702/752/142 503/535/256
f 503/535/256 702/752/142 1237/753/391
f 702/752/142 700/750/4 703/754/4
f 704/755/392 703/754/4 700/750/4
f 503/535/256 1237/753/391 704/755/392
f 502/534/136 503/535/256 704/755/392
f 502/534/136 704/755/392 699/749/390
f 699/749/390 704/755/392 700/750/4
f 505/536/138 699/749/390 697/747/109
f 505/536/138 502/534/136 699/749/390
f 507/538/258 697/747/109 696/746/389
f 507/538/258 505/536/138 697/747/109
f 705/756/106 696/746/389 690/740/4
f 510/542/262 696/746/389 705/756/106
f 510/542/262 507/538/258 696/746/389
f 706/757/26 510/542/262 705/756/106
f 706/757/26 705/756/106 707/758/393
f 707/758/393 705/756/106 708/759/394
f 705/756/106 690/740/4 708/759/394
f 708/759/394 690/740/4 709/760/4
f 708/759/394 709/760/4 710/761/231
f 711/762/395 708/759/394 710/761/231
f 707/758/393 708/759/394 711/762/395
f 711/762/395 710/761/231 712/763/233
f 713/764/396 711/762/395 712/763/233
f 1238/765/397 711/762/395 713/764/396
f 1238/765/397 707/758/393 711/762/395
f 677/726/383 714/766/398 713/764/396
f 670/718/382 714/766/398 677/726/383
f 1239/767/399 707/758/393 1238/765/397
f 670/718/382 715/768/400 714/766/398
f 1239/767/399 706/757/26 707/758/393
f 1240/769/25 706/757/26 1239/767/399
f 667/715/381 716/770/23 715/768/400
f 667/715/381 715/768/400 670/718/382
f 1240/769/25 1219/544/264 706/757/26
f 513/547/266 511/545/265 716/770/23
f 668/717/22 513/547/266 716/770/23
f 668/717/22 716/770/23 667/715/381
f 676/724/7 713/764/396 717/771/401
f 713/764/396 712/763/233 717/771/401
f 677/726/383 713/764/396 676/724/7
f 717/771/401 718/772/236 719/773/402
f 717/771/401 712/763/233 718/772/236
f 676/724/7 717/771/401 679/727/384
f 679/727/384 717/771/401 719/773/402
f 722/774/239 719/773/402 720/775/240
f 719/773/402 721/776/237 720/775/240
f 719/773/402 718/772/236 721/776/237
f 679/727/384 719/773/402 722/774/239
f 722/774/239 720/775/240 723/777/241
f 683/731/386 722/774/239 723/777/241
f 680/728/385 679/727/384 722/774/239
f 680/728/385 722/774/239 683/731/386
f 723/777/241 720/775/240 724/778/242
f 685/734/100 723/777/241 725/779/102
f 683/731/386 723/777/241 685/734/100
f 723/777/241 724/778/242 725/779/102
f 725/779/102 726/780/4 709/760/4
f 725/779/102 724/778/242 726/780/4
f 688/737/101 725/779/102 709/760/4
f 685/734/100 725/779/102 688/737/101
f 710/761/231 726/780/4 727/781/403
f 710/761/231 709/760/4 726/780/4
f 727/781/403 726/780/4 728/782/4
f 724/778/242 728/782/4 726/780/4
f 727/781/403 728/782/4 730/783/235
f 729/784/243 1241/785/4 728/782/4
f 724/778/242 729/784/243 728/782/4
f 730/783/235 728/782/4 1241/785/4
f 721/776/237 731/786/244 729/784/243
f 721/776/237 730/783/235 731/786/244
f 718/772/236 727/781/403 730/783/235
f 718/772/236 730/783/235 721/776/237
f 720/775/240 729/784/243 724/778/242
f 720/775/240 721/776/237 729/784/243
f 712/763/233 710/761/231 727/781/403
f 712/763/233 727/781/403 718/772/236
f 688/737/101 709/760/4 690/740/4
f 1219/544/264 510/542/262 706/757/26
f 693/743/387 694/744/388 499/530/145
f 1243/787/125 691/742/124 693/743/387
f 1243/787/125 693/743/387 497/528/253
f 497/528/253 693/743/387 499/530/145
f 733/788/404 1242/789/405 732/790/126
f 733/788/404 732/790/126 496/527/252
f 496/527/252 732/790/126 497/528/253
f 734/791/123 691/742/124 1243/787/125
f 571/609/311 1244/612/92 1242/789/405
f 574/792/93 687/738/95 734/791/123
f 571/609/311 1242/789/405 733/788/404
f 734/791/123 687/738/95 691/742/124
f 572/610/312 571/609/311 733/788/404
f 572/610/312 733/788/404 735/793/77
f 735/793/77 733/788/404 496/527/252
f 736/794/406 735/793/77 737/795/407
f 736/794/406 572/610/312 735/793/77
f 735/793/77 496/527/252 494/524/118
f 737/795/407 735/793/77 494/524/118
f 530/566/283 736/794/406 737/795/407
f 530/566/283 737/795/407 491/523/251
f 737/795/407 494/524/118 491/523/251
f 738/796/408 736/794/406 530/566/283
f 738/796/408 569/606/309 736/794/406
f 569/606/309 572/610/312 736/794/406
f 534/568/285 1245/797/409 738/796/408
f 534/568/285 738/796/408 530/566/283
f 1245/797/409 568/798/410 738/796/408
f 568/798/410 569/606/309 738/796/408
f 537/576/293 542/579/296 739/799/411
f 1222/570/287 1245/797/409 534/568/285
f 542/579/296 740/800/412 739/799/411
f 739/799/411 740/800/412 1246/605/308
f 740/800/412 565/603/307 1246/605/308
f 740/800/412 741/801/5 565/603/307
f 542/579/296 742/802/5 740/800/412
f 742/802/5 741/801/5 740/800/412
f 741/801/5 742/802/5 556/594/5
f 742/802/5 543/580/5 556/594/5
f 543/580/5 742/802/5 542/579/296
f 565/603/307 741/801/5 556/594/5
f 574/792/93 576/736/94 687/738/95
f 671/719/15 670/718/382 677/726/383
f 584/622/6 674/722/6 581/618/317
f 663/711/39 517/549/31 668/717/22
f 517/549/31 513/547/266 668/717/22
f 601/639/325 665/714/322 599/637/323
f 520/555/272 517/549/31 663/711/39
f 522/704/378 519/554/271 657/705/379
f 612/649/329 654/700/374 608/645/39
f 608/645/39 654/700/374 607/644/39
f 652/697/371 527/562/279 523/556/273
f 531/565/282 527/562/279 652/697/371
f 743/803/413 644/689/363 649/695/369
f 743/803/413 649/695/369 616/655/335
f 616/655/335 649/695/369 615/653/333
f 643/688/362 644/689/363 743/803/413
f 744/804/178 643/688/362 743/803/413
f 744/804/178 743/803/413 619/659/177
f 619/659/177 743/803/413 616/655/335
f 745/805/184 643/688/362 744/804/178
f 744/804/178 746/806/414 745/805/184
f 621/662/339 746/806/414 744/804/178
f 619/659/177 621/662/339 744/804/178
f 621/662/339 624/666/343 746/806/414
f 624/666/343 747/807/415 746/806/414
f 746/806/414 747/807/415 748/808/184
f 746/806/414 748/808/184 745/805/184
f 751/809/416 745/805/184 748/808/184
f 747/807/415 749/810/184 748/808/184
f 750/811/417 748/808/184 749/810/184
f 751/809/416 748/808/184 750/811/417
f 635/677/354 751/809/416 750/811/417
f 641/685/160 745/805/184 751/809/416
f 637/680/357 641/685/160 751/809/416
f 637/680/357 751/809/416 635/677/354
f 750/811/417 749/810/184 752/812/418
f 633/675/352 750/811/417 752/812/418
f 635/677/354 750/811/417 633/675/352
f 633/675/352 752/812/418 632/674/351
f 632/674/351 752/812/418 753/813/419
f 752/812/418 754/814/184 753/813/419
f 752/812/418 749/810/184 754/814/184
f 756/815/420 754/814/184 749/810/184
f 755/816/421 1247/817/184 754/814/184
f 756/815/420 755/816/421 754/814/184
f 753/813/419 754/814/184 1247/817/184
f 758/818/422 753/813/419 757/819/423
f 758/818/422 757/819/423 755/816/421
f 630/673/350 758/818/422 759/820/424
f 759/820/424 758/818/422 755/816/421
f 630/673/350 632/674/351 758/818/422
f 632/674/351 753/813/419 758/818/422
f 628/671/348 759/820/424 760/821/425
f 760/821/425 759/820/424 756/815/420
f 759/820/424 755/816/421 756/815/420
f 628/671/348 630/673/350 759/820/424
f 625/667/344 760/821/425 624/666/343
f 624/666/343 760/821/425 747/807/415
f 760/821/425 756/815/420 747/807/415
f 625/667/344 628/671/348 760/821/425
f 747/807/415 756/815/420 749/810/184
f 745/805/184 641/685/160 643/688/362
f 646/691/365 1223/573/290 536/571/288
f 548/822/426 1223/573/290 646/691/365
f 640/686/360 548/822/426 646/691/365
f 550/684/154 548/822/426 640/686/360
f 598/635/321 622/663/340 618/658/336
f 598/635/321 596/632/15 622/663/340
f 602/638/324 618/658/336 610/646/213
f 602/638/324 598/635/321 618/658/336
f 609/647/39 612/649/329 608/645/39
f 553/590/302 551/588/300 588/626/319
f 565/603/307 556/594/5 566/604/5
f 566/604/5 556/594/5 557/593/303
f 543/580/5 545/582/5 556/594/5
f 530/566/283 491/523/251 526/560/277
f 525/559/276 490/520/115 514/546/34
f 525/559/276 491/523/251 490/520/115
f 516/550/267 525/559/276 514/546/34
f 514/546/34 490/520/115 508/539/259
f 490/520/115 492/522/114 508/539/259
f 1252/823/427 761/824/427 1249/825/428
f 761/824/427 1252/823/427 763/826/429
f 1251/827/428 1249/825/428 761/824/427
f 1250/828/430 764/829/430 1253/830/430
f 762/831/431 765/832/432 767/833/5
f 765/832/432 1254/834/433 767/833/5
f 1266/835/434 1272/836/435 767/833/5
f 1254/834/433 1266/835/434 767/833/5
f 1256/837/436 1255/838/437 767/833/5
f 1257/839/438 1256/837/436 767/833/5
f 1272/836/435 1271/840/439 767/833/5
f 1271/840/439 1270/841/440 767/833/5
f 1270/841/440 1263/842/441 767/833/5
f 1263/842/441 1260/843/442 767/833/5
f 1260/843/442 1257/839/438 767/833/5
f 1255/838/437 762/831/431 767/833/5
f 776/844/429 763/826/429 1252/823/427
f 763/826/429 776/844/429 777/845/443
f 769/846/443 777/845/443 776/844/429
f 777/845/443 769/846/443 1259/847/444
f 1258/848/444 1259/847/444 769/846/443
f 778/849/445 775/850/445 1262/851/445
f 1261/852/445 1262/851/445 775/850/445
f 779/853/446 774/854/446 1265/855/446
f 1264/856/446 1265/855/446 774/854/446
f 780/857/447 773/858/448 781/859/449
f 771/860/449 781/859/449 773/858/448
f 781/859/449 771/860/449 782/861/450
f 770/862/450 782/861/450 771/860/449
f 782/861/450 770/862/450 783/863/451
f 772/864/451 783/863/451 770/862/450
f 783/863/451 772/864/451 1268/865/452
f 1267/866/452 1268/865/452 772/864/451
f 784/867/453 768/868/453 1269/869/453
f 785/870/430 1253/830/430 764/829/430
f 766/871/453 1269/869/453 768/868/453
f 1296/872/428 1275/873/428 786/874/427
f 1274/875/454 786/874/427 1275/873/428
f 786/874/427 1274/875/454 789/876/455
f 790/877/456 1276/878/457 791/879/5
f 1273/880/437 790/877/456 791/879/5
f 792/881/455 789/876/455 1274/875/454
f 1277/882/458 1273/880/437 791/879/5
f 789/876/455 792/881/455 793/883/443
f 794/884/443 793/883/443 792/881/455
f 793/883/443 794/884/443 1280/885/459
f 1278/886/459 1280/885/459 794/884/443
f 1279/887/460 1277/882/458 791/879/5
f 1281/888/461 1279/887/460 791/879/5
f 795/889/462 796/890/462 1283/891/462
f 1282/892/462 1283/891/462 796/890/462
f 797/893/446 798/894/446 1286/895/446
f 1284/896/446 1286/895/446 798/894/446
f 800/897/463 1281/888/461 791/879/5
f 799/898/464 1285/899/464 801/900/465
f 1287/901/465 801/900/465 1285/899/464
f 802/902/466 800/897/463 791/879/5
f 801/900/465 1287/901/465 803/903/467
f 1288/904/467 803/903/467 1287/901/465
f 804/905/468 802/902/466 791/879/5
f 1289/906/469 804/905/468 791/879/5
f 803/903/467 1288/904/467 805/907/470
f 806/908/470 805/907/470 1288/904/467
f 805/907/470 806/908/470 1294/909/471
f 1290/910/471 1294/909/471 806/908/470
f 1291/911/472 1289/906/469 791/879/5
f 1292/912/473 1291/911/472 791/879/5
f 1293/913/453 1295/914/453 808/915/453
f 807/916/453 808/915/453 1295/914/453
f 810/917/474 809/918/474 787/919/474
f 1276/878/457 1292/912/473 791/879/5
f 788/920/430 787/919/474 809/918/474
f 811/921/427 1298/922/427 812/923/429
f 1320/924/428 1299/925/428 811/921/427
f 1298/922/427 811/921/427 1299/925/428
f 815/926/475 814/927/476 816/928/5
f 1297/929/477 815/926/475 816/928/5
f 817/930/478 812/923/429 1298/922/427
f 1301/931/479 1297/929/477 816/928/5
f 812/923/429 817/930/478 818/932/443
f 819/933/443 818/932/443 817/930/478
f 818/932/443 819/933/443 1306/934/459
f 1302/935/480 1306/934/459 819/933/443
f 821/936/460 1301/931/479 816/928/5
f 1304/937/445 1307/938/445 1303/939/445
f 822/940/461 821/936/460 816/928/5
f 820/941/445 1303/939/445 1307/938/445
f 823/942/446 1305/943/446 1310/944/446
f 1308/945/446 1310/944/446 1305/943/446
f 824/946/448 1309/947/481 826/948/449
f 1311/949/449 826/948/449 1309/947/481
f 826/948/449 1311/949/449 827/950/450
f 828/951/482 825/952/463 816/928/5
f 1312/953/483 828/951/482 816/928/5
f 829/954/450 827/950/450 1311/949/449
f 827/950/450 829/954/450 830/955/451
f 1313/956/451 830/955/451 829/954/450
f 831/957/469 1312/953/483 816/928/5
f 830/955/451 1313/956/451 1316/958/452
f 1314/959/452 1316/958/452 1313/956/451
f 833/960/484 831/957/469 816/928/5
f 832/961/453 1315/962/453 1319/963/453
f 1317/964/453 1319/963/453 1315/962/453
f 835/965/485 833/960/484 816/928/5
f 834/966/430 1318/967/430 813/968/430
f 1300/969/430 813/968/430 1318/967/430
f 814/927/476 835/965/485 816/928/5
f 825/952/463 822/940/461 816/928/5
f 1322/970/454 836/971/427 1323/972/428
f 1344/973/428 1323/972/428 836/971/427
f 836/971/427 1322/970/454 838/974/486
f 840/975/487 1324/976/488 841/977/489
f 1321/978/490 840/975/487 841/977/489
f 842/979/486 838/974/486 1322/970/454
f 1325/980/491 1321/978/490 841/977/489
f 838/974/486 842/979/486 843/981/443
f 844/982/443 843/981/443 842/979/486
f 843/981/443 844/982/443 1328/983/492
f 1326/984/492 1328/983/492 844/982/443
f 1327/985/493 1325/980/491 841/977/489
f 1329/986/494 1327/985/493 841/977/489
f 845/987/445 846/988/445 1331/989/445
f 1330/990/445 1331/989/445 846/988/445
f 847/991/446 848/992/446 1335/993/446
f 1332/994/446 1335/993/446 848/992/446
f 850/995/495 1329/986/494 841/977/489
f 1334/996/465 852/997/465 1333/998/448
f 851/999/496 850/995/495 841/977/489
f 849/1000/448 1333/998/448 852/997/465
f 852/997/465 1334/996/465 853/1001/467
f 853/1001/467 1336/1002/467 854/1003/470
f 1336/1002/467 853/1001/467 1334/996/465
f 1337/1004/497 855/1005/498 841/977/489
f 855/1005/498 851/999/496 841/977/489
f 856/1006/470 854/1003/470 1336/1002/467
f 1338/1007/499 1337/1004/497 841/977/489
f 1339/1008/471 1340/1009/471 856/1006/470
f 854/1003/470 856/1006/470 1340/1009/471
f 858/1010/453 857/1011/453 1343/1012/453
f 859/1013/474 1341/1014/430 839/1015/430
f 860/1016/453 1343/1012/453 857/1011/453
f 1324/976/488 1342/1017/500 841/977/489
f 1342/1017/500 1338/1007/499 841/977/489
f 837/1018/430 839/1015/430 1341/1014/430
f 1345/1019/501 1346/1020/502 861/1021/503
f 1368/1022/504 861/1021/503 1346/1020/502
f 861/1021/503 1368/1022/504 864/1023/505
f 1352/1024/506 1350/1025/506 865/1026/506
f 1347/1027/506 865/1026/506 1350/1025/506
f 1351/1028/507 1348/1029/508 869/1030/509
f 867/1031/510 866/1032/510 868/1033/511
f 862/1034/512 1351/1028/507 869/1030/509
f 1366/1035/513 1367/1036/514 869/1030/509
f 1367/1036/514 1365/1037/515 869/1030/509
f 1355/1038/516 1354/1039/517 869/1030/509
f 1358/1040/518 1355/1038/516 869/1030/509
f 1353/1041/519 863/1042/520 869/1030/509
f 1354/1039/517 1353/1041/519 869/1030/509
f 1365/1037/515 1361/1043/521 869/1030/509
f 1348/1029/508 1366/1035/513 869/1030/509
f 1361/1043/521 1358/1040/518 869/1030/509
f 863/1042/520 862/1034/512 869/1030/509
f 877/1044/522 878/1045/522 872/1046/505
f 878/1045/522 877/1044/522 1357/1047/523
f 1356/1048/523 1357/1047/523 877/1044/522
f 879/1049/524 871/1050/524 1360/1051/524
f 1359/1052/524 1360/1051/524 871/1050/524
f 880/1053/525 876/1054/525 1363/1055/525
f 1362/1056/525 1363/1055/525 876/1054/525
f 881/1057/526 875/1058/527 882/1059/528
f 873/1060/529 882/1059/528 875/1058/527
f 882/1059/528 873/1060/529 883/1061/530
f 870/1062/531 883/1061/530 873/1060/529
f 883/1061/530 870/1062/531 884/1063/532
f 874/1064/533 884/1063/532 870/1062/531
f 884/1063/532 874/1064/533 1364/1065/534
f 1349/1066/535 1364/1065/534 874/1064/533
f 885/1067/536 868/1033/511 866/1032/510
f 864/1023/505 872/1046/505 878/1045/522
f 872/1046/505 864/1023/505 1368/1022/504
f 1372/1068/537 1369/1069/538 887/1070/537
f 1371/1071/539 887/1070/537 1369/1069/538
f 1370/1072/540 1373/1073/540 888/1074/540
f 889/1075/541 891/1076/5 886/1077/484
f 886/1077/484 891/1076/5 1374/1078/542
f 1391/1079/543 891/1076/5 1384/1080/544
f 1392/1081/545 891/1076/5 1391/1079/543
f 1378/1082/483 891/1076/5 889/1075/541
f 1377/1083/546 891/1076/5 1378/1082/483
f 1390/1084/547 891/1076/5 1392/1081/545
f 1387/1085/548 891/1076/5 1390/1084/547
f 1384/1080/544 891/1076/5 1381/1086/442
f 1374/1078/542 891/1076/5 1387/1085/548
f 1381/1086/442 891/1076/5 1375/1087/549
f 1375/1087/549 891/1076/5 1377/1083/546
f 900/1088/550 893/1089/551 901/1090/550
f 901/1090/550 1379/1091/552 900/1088/550
f 1376/1092/553 900/1088/550 1379/1091/552
f 902/1093/554 1380/1094/554 899/1095/554
f 1382/1096/554 899/1095/554 1380/1094/554
f 903/1097/555 1383/1098/555 898/1099/555
f 1385/1100/555 898/1099/555 1383/1098/555
f 904/1101/556 905/1102/557 896/1103/558
f 892/1104/557 896/1103/558 905/1102/557
f 905/1102/557 906/1105/559 892/1104/557
f 894/1106/559 892/1104/557 906/1105/559
f 906/1105/559 907/1107/560 894/1106/559
f 895/1108/560 894/1106/559 907/1107/560
f 907/1107/560 1386/1109/561 895/1108/560
f 1388/1110/562 895/1108/560 1386/1109/561
f 908/1111/563 1389/1112/563 897/1113/563
f 890/1114/563 897/1113/563 1389/1112/563
f 909/1115/540 888/1074/540 1373/1073/540
f 910/1116/551 901/1090/550 893/1089/551
f 887/1070/537 910/1116/551 1372/1068/537
f 893/1089/551 1372/1068/537 910/1116/551
f 1398/1117/564 1395/1118/538 911/1119/537
f 911/1119/537 913/1120/565 1398/1117/564
f 1397/1121/538 911/1119/537 1395/1118/538
f 1396/1122/540 1393/1123/566 914/1124/566
f 915/1125/472 917/1126/5 1394/1127/473
f 912/1128/567 917/1126/5 915/1125/472
f 1414/1129/475 917/1126/5 1416/1130/477
f 1416/1130/477 917/1126/5 1415/1131/479
f 1415/1131/479 917/1126/5 1408/1132/460
f 1411/1133/457 917/1126/5 1414/1129/475
f 1408/1132/460 917/1126/5 1405/1134/461
f 1405/1134/461 917/1126/5 1401/1135/463
f 1394/1127/473 917/1126/5 1411/1133/457
f 1401/1135/463 917/1126/5 1399/1136/482
f 1400/1137/483 917/1126/5 912/1128/567
f 1399/1136/482 917/1126/5 1400/1137/483
f 926/1138/550 924/1139/565 927/1140/550
f 927/1140/550 1403/1141/552 926/1138/550
f 1402/1142/552 926/1138/550 1403/1141/552
f 928/1143/568 1404/1144/568 923/1145/568
f 929/1146/555 1407/1147/555 1406/1148/555
f 922/1149/568 923/1145/568 1404/1144/568
f 930/1150/558 931/1151/569 1409/1152/558
f 921/1153/555 1406/1148/555 1407/1147/555
f 931/1151/569 932/1154/570 919/1155/569
f 919/1155/569 1409/1152/558 931/1151/569
f 932/1154/570 933/1156/571 918/1157/570
f 918/1157/570 919/1155/569 932/1154/570
f 933/1156/571 1410/1158/561 920/1159/571
f 920/1159/571 918/1157/570 933/1156/571
f 1412/1160/561 920/1159/571 1410/1158/561
f 934/1161/563 1413/1162/563 925/1163/563
f 916/1164/563 925/1163/563 1413/1162/563
f 935/1165/566 914/1124/566 1393/1123/566
f 913/1120/565 927/1140/550 924/1139/565
f 924/1139/565 1398/1117/564 913/1120/565
f 1419/1166/538 936/1167/537 1417/1168/538
f 1420/1169/537 1417/1168/538 936/1167/537
f 936/1167/537 939/1170/572 1420/1169/537
f 1418/1171/540 1421/1172/540 937/1173/540
f 938/1174/469 942/1175/5 940/1176/573
f 940/1176/573 942/1175/5 1422/1177/574
f 1438/1178/475 942/1175/5 1440/1179/437
f 1440/1179/437 942/1175/5 1439/1180/458
f 1439/1180/458 942/1175/5 1432/1181/460
f 1435/1182/432 942/1175/5 1438/1178/475
f 1432/1181/460 942/1175/5 1429/1183/461
f 1429/1183/461 942/1175/5 1426/1184/463
f 1422/1177/574 942/1175/5 1435/1182/432
f 1424/1185/466 942/1175/5 1423/1186/468
f 1426/1184/463 942/1175/5 1424/1185/466
f 1423/1186/468 942/1175/5 938/1174/469
f 939/1170/572 952/1187/550 951/1188/551
f 951/1188/551 1420/1169/537 939/1170/572
f 948/1189/550 951/1188/551 952/1187/550
f 952/1187/550 1425/1190/552 948/1189/550
f 1427/1191/552 948/1189/550 1425/1190/552
f 953/1192/554 1428/1193/554 950/1194/554
f 1430/1195/554 950/1194/554 1428/1193/554
f 954/1196/555 1431/1197/555 947/1198/555
f 955/1199/558 956/1200/557 1433/1201/558
f 946/1202/555 947/1198/555 1431/1197/555
f 956/1200/557 957/1203/559 944/1204/557
f 944/1204/557 1433/1201/558 956/1200/557
f 957/1203/559 958/1205/560 943/1206/559
f 943/1206/559 944/1204/557 957/1203/559
f 958/1205/560 1434/1207/562 945/1208/560
f 945/1208/560 943/1206/559 958/1205/560
f 1436/1209/562 945/1208/560 1434/1207/562
f 959/1210/563 1437/1211/563 949/1212/563
f 941/1213/563 949/1212/563 1437/1211/563
f 960/1214/540 937/1173/540 1421/1172/540
f 1445/1215/538 961/1216/564 1441/1217/538
f 1446/1218/564 1441/1217/538 961/1216/564
f 961/1216/564 964/1219/575 1446/1218/564
f 1442/1220/576 967/1221/577 1443/1222/500
f 965/1223/540 1444/1224/540 962/1225/540
f 963/1226/578 967/1221/577 1442/1220/576
f 1463/1227/579 967/1221/577 1464/1228/580
f 1464/1228/580 967/1221/577 1460/1229/581
f 1460/1229/581 967/1221/577 1450/1230/582
f 1456/1231/583 967/1221/577 1463/1227/579
f 1443/1222/500 967/1221/577 1456/1231/583
f 1448/1232/494 967/1221/577 1452/1233/584
f 1452/1233/584 967/1221/577 1462/1234/585
f 1462/1234/585 967/1221/577 1461/1235/586
f 1461/1235/586 967/1221/577 963/1226/578
f 1450/1230/582 967/1221/577 1448/1232/494
f 1449/1236/554 1453/1237/554 1447/1238/554
f 977/1239/555 1454/1240/555 976/1241/555
f 1451/1242/555 976/1241/555 1454/1240/555
f 978/1243/558 979/1244/569 975/1245/558
f 969/1246/569 975/1245/558 979/1244/569
f 979/1244/569 980/1247/570 969/1246/569
f 980/1247/570 981/1248/571 968/1249/570
f 968/1249/570 969/1246/569 980/1247/570
f 981/1248/571 1455/1250/561 970/1251/571
f 970/1251/571 968/1249/570 981/1248/571
f 982/1252/563 1458/1253/563 1457/1254/563
f 971/1255/561 970/1251/571 1455/1250/561
f 983/1256/566 962/1225/540 1444/1224/540
f 966/1257/563 1457/1254/563 1458/1253/563
f 1459/1258/554 1447/1238/554 1453/1237/554
f 985/1259/550 984/1260/552 973/1261/550
f 972/1262/587 973/1261/550 984/1260/552
f 964/1219/575 985/1259/550 974/1263/575
f 973/1261/550 974/1263/575 985/1259/550
f 974/1263/575 1446/1218/564 964/1219/575
f 1468/1264/504 1466/1265/502 986/1266/588
f 986/1266/588 988/1267/505 1468/1264/504
f 1465/1268/501 986/1266/588 1466/1265/502
f 1467/1269/506 1469/1270/506 989/1271/506
f 987/1272/589 992/1273/590 990/1274/591
f 990/1274/591 992/1273/590 1470/1275/592
f 1486/1276/593 992/1273/590 1487/1277/594
f 1487/1277/594 992/1273/590 1488/1278/595
f 1488/1278/595 992/1273/590 1480/1279/596
f 1480/1279/596 992/1273/590 1477/1280/597
f 1483/1281/598 992/1273/590 1486/1276/593
f 1470/1275/592 992/1273/590 1483/1281/598
f 1477/1280/597 992/1273/590 1474/1282/599
f 1474/1282/599 992/1273/590 1472/1283/600
f 1472/1283/600 992/1273/590 1471/1284/601
f 1471/1284/601 992/1273/590 987/1272/589
f 988/1267/505 1002/1285/522 1001/1286/505
f 1001/1286/505 1468/1264/504 988/1267/505
f 998/1287/522 1001/1286/505 1002/1285/522
f 1002/1285/522 1473/1288/523 998/1287/522
f 1003/1289/524 1476/1290/524 1475/1291/524
f 997/1292/523 998/1287/522 1473/1288/523
f 1478/1293/524 1475/1291/524 1476/1290/524
f 1004/1294/525 1479/1295/525 1000/1296/525
f 1481/1297/525 1000/1296/525 1479/1295/525
f 1005/1298/526 1006/1299/602 995/1300/603
f 1006/1299/602 1007/1301/604 994/1302/605
f 994/1302/605 995/1300/603 1006/1299/602
f 1007/1301/604 1008/1303/532 993/1304/531
f 993/1304/531 994/1302/605 1007/1301/604
f 999/1305/606 993/1304/531 1008/1303/532
f 1008/1303/532 1482/1306/607 999/1305/606
f 1484/1307/608 999/1305/606 1482/1306/607
f 1009/1308/609 1485/1309/510 996/1310/610
f 1010/1311/506 989/1271/506 1469/1270/506
f 991/1312/510 996/1310/610 1485/1309/510
f 1012/1313/611 1013/1314/612 1011/1315/613
f 1011/1315/613 1013/1314/612 1014/1316/614
f 1013/1314/612 1015/1317/615 1014/1316/614
f 1015/1317/615 1016/1318/616 1014/1316/614
f 1016/1318/616 1017/1319/617 1014/1316/614
f 1017/1319/617 1018/1320/618 1014/1316/614
f 1018/1320/618 1019/1321/619 1014/1316/614
f 1019/1321/619 1020/1322/620 1014/1316/614
f 1020/1322/620 1021/1323/621 1014/1316/614
f 1022/1324/622 1021/1323/621 1020/1322/620
f 1022/1324/622 1023/1325/623 1021/1323/621
f 1024/1326/624 1023/1325/623 1022/1324/622
f 1024/1326/624 1025/1327/625 1023/1325/623
f 1026/1328/626 1025/1327/625 1024/1326/624
f 1026/1328/626 1027/1329/627 1025/1327/625
f 1028/1330/628 1027/1329/627 1026/1328/626
f 1028/1330/628 1029/1331/629 1027/1329/627
f 1030/1332/630 1029/1331/629 1028/1330/628
f 1030/1332/630 1031/1333/631 1029/1331/629
f 1032/1334/632 1031/1333/631 1030/1332/630
f 1032/1334/632 1033/1335/633 1031/1333/631
f 1034/1336/634 1033/1335/633 1032/1334/632
f 1034/1336/634 1035/1337/635 1033/1335/633
f 1036/1338/636 1035/1337/635 1034/1336/634
f 1036/1338/636 1038/1339/637 1037/1340/638
f 1036/1338/636 1039/1341/639 1038/1339/637
f 1036/1338/636 1040/1342/640 1039/1341/639
f 1036/1338/636 1041/1343/641 1040/1342/640
f 1036/1338/636 1042/1344/642 1041/1343/641
f 1036/1338/636 1043/1345/643 1042/1344/642
f 1036/1338/636 1034/1336/634 1043/1345/643
f 1042/1344/642 1043/1345/643 1044/1346/644
f 1043/1345/643 1032/1334/632 1044/1346/644
f 1043/1345/643 1034/1336/634 1032/1334/632
f 1046/1347/645 1044/1346/644 1045/1348/646
f 1044/1346/644 1030/1332/630 1045/1348/646
f 1044/1346/644 1032/1334/632 1030/1332/630
f 1042/1344/642 1044/1346/644 1046/1347/645
f 1048/1349/647 1046/1347/645 1047/1350/648
f 1046/1347/645 1045/1348/646 1047/1350/648
f 1041/1343/641 1046/1347/645 1048/1349/647
f 1041/1343/641 1042/1344/642 1046/1347/645
f 1040/1342/640 1041/1343/641 1048/1349/647
f 1040/1342/640 1048/1349/647 1049/1351/649
f 1049/1351/649 1048/1349/647 1050/1352/650
f 1048/1349/647 1047/1350/648 1050/1352/650
f 1049/1351/649 1050/1352/650 1051/1353/651
f 1051/1353/651 1050/1352/650 1052/1354/652
f 1050/1352/650 1053/1355/653 1052/1354/652
f 1050/1352/650 1047/1350/648 1053/1355/653
f 1052/1354/652 1053/1355/653 1054/1356/654
f 1047/1350/648 1056/1357/655 1053/1355/653
f 1053/1355/653 1055/1358/656 1054/1356/654
f 1053/1355/653 1056/1357/655 1055/1358/656
f 1056/1357/655 1026/1328/626 1055/1358/656
f 1056/1357/655 1028/1330/628 1026/1328/626
f 1047/1350/648 1045/1348/646 1056/1357/655
f 1045/1348/646 1028/1330/628 1056/1357/655
f 1054/1356/654 1055/1358/656 1057/1359/657
f 1055/1358/656 1024/1326/624 1057/1359/657
f 1055/1358/656 1026/1328/626 1024/1326/624
f 1054/1356/654 1057/1359/657 1058/1360/658
f 1058/1360/658 1057/1359/657 1059/1361/659
f 1057/1359/657 1022/1324/622 1059/1361/659
f 1057/1359/657 1024/1326/624 1022/1324/622
f 1058/1360/658 1059/1361/659 1060/1362/660
f 1060/1362/660 1059/1361/659 1019/1321/619
f 1059/1361/659 1020/1322/620 1019/1321/619
f 1059/1361/659 1022/1324/622 1020/1322/620
f 1061/1363/661 1058/1360/658 1060/1362/660
f 1061/1363/661 1060/1362/660 1062/1364/662
f 1062/1364/662 1060/1362/660 1018/1320/618
f 1060/1362/660 1019/1321/619 1018/1320/618
f 1063/1365/663 1062/1364/662 1064/1366/664
f 1063/1365/663 1061/1363/661 1062/1364/662
f 1064/1366/664 1062/1364/662 1017/1319/617
f 1062/1364/662 1018/1320/618 1017/1319/617
f 1066/1367/665 1064/1366/664 1065/1368/666
f 1065/1368/666 1064/1366/664 1016/1318/616
f 1064/1366/664 1017/1319/617 1016/1318/616
f 1066/1367/665 1063/1365/663 1064/1366/664
f 1068/1369/667 1066/1367/665 1067/1370/668
f 1067/1370/668 1066/1367/665 1065/1368/666
f 1068/1369/667 1069/1371/669 1066/1367/665
f 1069/1371/669 1063/1365/663 1066/1367/665
f 1070/1372/670 1069/1371/669 1068/1369/667
f 1070/1372/670 1071/1373/671 1069/1371/669
f 1069/1371/669 1072/1374/672 1063/1365/663
f 1071/1373/671 1072/1374/672 1069/1371/669
f 1071/1373/671 1073/1375/673 1072/1374/672
f 1072/1374/672 1061/1363/661 1063/1365/663
f 1073/1375/673 1074/1376/674 1072/1374/672
f 1072/1374/672 1074/1376/674 1061/1363/661
f 1073/1375/673 1052/1354/652 1074/1376/674
f 1052/1354/652 1054/1356/654 1074/1376/674
f 1074/1376/674 1054/1356/654 1058/1360/658
f 1074/1376/674 1058/1360/658 1061/1363/661
f 1075/1377/675 1051/1353/651 1073/1375/673
f 1075/1377/675 1073/1375/673 1071/1373/671
f 1051/1353/651 1052/1354/652 1073/1375/673
f 1077/1378/676 1075/1377/675 1076/1379/677
f 1076/1379/677 1075/1377/675 1071/1373/671
f 1077/1378/676 1078/1380/678 1075/1377/675
f 1078/1380/678 1051/1353/651 1075/1377/675
f 1038/1339/637 1039/1341/639 1078/1380/678
f 1038/1339/637 1078/1380/678 1077/1378/676
f 1039/1341/639 1049/1351/649 1078/1380/678
f 1078/1380/678 1049/1351/649 1051/1353/651
f 1037/1340/638 1077/1378/676 1079/1381/679
f 1079/1381/679 1077/1378/676 1076/1379/677
f 1037/1340/638 1038/1339/637 1077/1378/676
f 1079/1381/679 1076/1379/677 1080/1382/680
f 1080/1382/680 1070/1372/670 1081/1383/681
f 1080/1382/680 1076/1379/677 1070/1372/670
f 1081/1383/681 1068/1369/667 1082/1384/682
f 1081/1383/681 1070/1372/670 1068/1369/667
f 1082/1384/682 1067/1370/668 1083/1385/683
f 1082/1384/682 1068/1369/667 1067/1370/668
f 1083/1385/683 1084/1386/684 1012/1313/611
f 1083/1385/683 1067/1370/668 1084/1386/684
f 1012/1313/611 1084/1386/684 1013/1314/612
f 1084/1386/684 1015/1317/615 1013/1314/612
f 1084/1386/684 1065/1368/666 1015/1317/615
f 1067/1370/668 1065/1368/666 1084/1386/684
f 1076/1379/677 1071/1373/671 1070/1372/670
f 1065/1368/666 1016/1318/616 1015/1317/615
f 1039/1341/639 1040/1342/640 1049/1351/649
f 1045/1348/646 1030/1332/630 1028/1330/628
f 1086/1387/685 1085/1388/686 1089/1389/687
f 1086/1387/685 1087/1390/688 1085/1388/686
f 1087/1390/688 1088/1391/689 1085/1388/686
f 1085/1388/686 1088/1391/689 1090/1392/690
f 1089/1389/687 1085/1388/686 1090/1392/690
f 1089/1389/687 1090/1392/690 1091/1393/691
f 1090/1392/690 1088/1391/689 1092/1394/692
f 1091/1393/691 1090/1392/690 1092/1394/692
f 1091/1393/691 1092/1394/692 1093/1395/693
f 1092/1394/692 1088/1391/689 1094/1396/694
f 1093/1395/693 1092/1394/692 1094/1396/694
f 1094/1396/694 1088/1391/689 1096/1397/695
f 1093/1395/693 1094/1396/694 1095/1398/696
f 1095/1398/696 1094/1396/694 1096/1397/695
f 1095/1398/696 1096/1397/695 1097/1399/697
f 1097/1399/697 1096/1397/695 1098/1400/698
f 1096/1397/695 1088/1391/689 1098/1400/698
f 1097/1399/697 1098/1400/698 1099/1401/699
f 1098/1400/698 1088/1391/689 1100/1402/700
f 1099/1401/699 1098/1400/698 1100/1402/700
f 1100/1402/700 1088/1391/689 1101/1403/701
f 1099/1401/699 1100/1402/700 1102/1404/702
f 1102/1404/702 1100/1402/700 1101/1403/701
f 1103/1405/703 1099/1401/699 1102/1404/702
f 1102/1404/702 1101/1403/701 1104/1406/704
f 1103/1405/703 1102/1404/702 1105/1407/705
f 1105/1407/705 1102/1404/702 1104/1406/704
f 1106/1408/706 1103/1405/703 1105/1407/705
f 1105/1407/705 1104/1406/704 1107/1409/707
f 1106/1408/706 1105/1407/705 1108/1410/708
f 1108/1410/708 1105/1407/705 1107/1409/707
f 1108/1410/708 1107/1409/707 1110/1411/709
f 1109/1412/710 1106/1408/706 1108/1410/708
f 1109/1412/710 1108/1410/708 1111/1413/711
f 1111/1413/711 1108/1410/708 1110/1411/709
f 1111/1413/711 1110/1411/709 1112/1414/712
f 1113/1415/713 1109/1412/710 1111/1413/711
f 1114/1416/714 1111/1413/711 1112/1414/712
f 1113/1415/713 1111/1413/711 1114/1416/714
f 1114/1416/714 1112/1414/712 1115/1417/715
f 1116/1418/716 1113/1415/713 1114/1416/714
f 1117/1419/717 1114/1416/714 1115/1417/715
f 1116/1418/716 1114/1416/714 1117/1419/717
f 1119/1420/718 1116/1418/716 1117/1419/717
f 1117/1419/717 1115/1417/715 1118/1421/719
f 1120/1422/720 1117/1419/717 1118/1421/719
f 1119/1420/718 1117/1419/717 1120/1422/720
f 1120/1422/720 1118/1421/719 1122/1423/721
f 1121/1424/722 1119/1420/718 1120/1422/720
f 1121/1424/722 1120/1422/720 1122/1423/721
f 1121/1424/722 1123/1425/723 1125/1426/724
f 1121/1424/722 1124/1427/725 1123/1425/723
f 1121/1424/722 1125/1426/724 1126/1428/726
f 1121/1424/722 1126/1428/726 1127/1429/727
f 1121/1424/722 1127/1429/727 1128/1430/728
f 1121/1424/722 1128/1430/728 1119/1420/718
f 1127/1429/727 1129/1431/729 1128/1430/728
f 1128/1430/728 1129/1431/729 1116/1418/716
f 1128/1430/728 1116/1418/716 1119/1420/718
f 1129/1431/729 1113/1415/713 1116/1418/716
f 1129/1431/729 1130/1432/730 1113/1415/713
f 1131/1433/731 1130/1432/730 1129/1431/729
f 1127/1429/727 1131/1433/731 1129/1431/729
f 1126/1428/726 1131/1433/731 1127/1429/727
f 1126/1428/726 1132/1434/732 1131/1433/731
f 1132/1434/732 1133/1435/733 1131/1433/731
f 1131/1433/731 1133/1435/733 1130/1432/730
f 1132/1434/732 1134/1436/734 1133/1435/733
f 1134/1436/734 1135/1437/735 1133/1435/733
f 1133/1435/733 1135/1437/735 1136/1438/736
f 1133/1435/733 1136/1438/736 1130/1432/730
f 1135/1437/735 1137/1439/737 1136/1438/736
f 1130/1432/730 1136/1438/736 1109/1412/710
f 1136/1438/736 1137/1439/737 1106/1408/706
f 1136/1438/736 1106/1408/706 1109/1412/710
f 1135/1437/735 1138/1440/738 1137/1439/737
f 1138/1440/738 1139/1441/739 1137/1439/737
f 1137/1439/737 1139/1441/739 1103/1405/703
f 1137/1439/737 1103/1405/703 1106/1408/706
f 1138/1440/738 1140/1442/740 1139/1441/739
f 1140/1442/740 1097/1399/697 1139/1441/739
f 1139/1441/739 1097/1399/697 1099/1401/699
f 1139/1441/739 1099/1401/699 1103/1405/703
f 1141/1443/741 1142/1444/742 1140/1442/740
f 1141/1443/741 1140/1442/740 1138/1440/738
f 1142/1444/742 1095/1398/696 1140/1442/740
f 1140/1442/740 1095/1398/696 1097/1399/697
f 1144/1445/743 1143/1446/744 1142/1444/742
f 1143/1446/744 1093/1395/693 1142/1444/742
f 1142/1444/742 1093/1395/693 1095/1398/696
f 1144/1445/743 1142/1444/742 1141/1443/741
f 1146/1447/745 1145/1448/746 1144/1445/743
f 1145/1448/746 1143/1446/744 1144/1445/743
f 1146/1447/745 1144/1445/743 1147/1449/747
f 1147/1449/747 1144/1445/743 1141/1443/741
f 1148/1450/748 1146/1447/745 1147/1449/747
f 1148/1450/748 1147/1449/747 1149/1451/749
f 1149/1451/749 1147/1449/747 1150/1452/750
f 1147/1449/747 1141/1443/741 1150/1452/750
f 1149/1451/749 1150/1452/750 1134/1436/734
f 1134/1436/734 1150/1452/750 1135/1437/735
f 1150/1452/750 1141/1443/741 1138/1440/738
f 1150/1452/750 1138/1440/738 1135/1437/735
f 1151/1453/751 1148/1450/748 1149/1451/749
f 1151/1453/751 1149/1451/749 1152/1454/752
f 1152/1454/752 1149/1451/749 1134/1436/734
f 1123/1425/723 1152/1454/752 1125/1426/724
f 1123/1425/723 1151/1453/751 1152/1454/752
f 1125/1426/724 1152/1454/752 1132/1434/732
f 1152/1454/752 1134/1436/734 1132/1434/732
f 1124/1427/725 1153/1455/753 1151/1453/751
f 1153/1455/753 1148/1450/748 1151/1453/751
f 1124/1427/725 1151/1453/751 1123/1425/723
f 1153/1455/753 1154/1456/754 1148/1450/748
f 1154/1456/754 1146/1447/745 1148/1450/748
f 1154/1456/754 1155/1457/755 1146/1447/745
f 1155/1457/755 1145/1448/746 1146/1447/745
f 1155/1457/755 1156/1458/756 1145/1448/746
f 1156/1458/756 1157/1459/757 1145/1448/746
f 1156/1458/756 1158/1460/758 1157/1459/757
f 1158/1460/758 1089/1389/687 1157/1459/757
f 1158/1460/758 1086/1387/685 1089/1389/687
f 1157/1459/757 1089/1389/687 1091/1393/691
f 1157/1459/757 1091/1393/691 1143/1446/744
f 1145/1448/746 1157/1459/757 1143/1446/744
f 1143/1446/744 1091/1393/691 1093/1395/693
f 1125/1426/724 1132/1434/732 1126/1428/726
f 1130/1432/730 1109/1412/710 1113/1415/713
f 1159/1461/5 1163/1462/5 1160/1463/5
f 1161/1464/5 1162/1465/5 1159/1461/5
f 1162/1465/5 1163/1462/5 1159/1461/5
f 1163/1462/5 1489/1466/5 1160/1463/5
f 1164/1467/39 1490/1468/39 1165/1469/39
f 1160/1463/5 1489/1466/5 1166/1470/5
f 1490/1468/39 1167/1471/39 1165/1469/39
f 1168/1472/5 1162/1465/5 1161/1464/5
f 1493/1473/5 1168/1472/5 1161/1464/5
f 1491/1474/5 1168/1472/5 1493/1473/5
f 1494/1475/39 1169/1476/39 1492/1477/39
f 1172/1478/5 1170/1479/5 1171/1480/5
f 1177/1481/5 1173/1482/759 1174/1483/5
f 1174/1483/5 1173/1482/759 1497/1484/5
f 1173/1482/759 1495/1485/759 1497/1484/5
f 1179/1486/5 1177/1481/5 1178/1487/5
f 1178/1487/5 1177/1481/5 1174/1483/5
f 1175/1488/39 1498/1489/39 1496/1490/39
f 1176/1491/5 1181/1492/5 1180/1493/5
f 1180/1493/5 1181/1492/5 1502/1494/5
f 1181/1492/5 1499/1495/760 1502/1494/5
f 1500/1496/5 1185/1497/5 1501/1498/5
f 1182/1499/39 1184/1500/39 1183/1501/39
f 1501/1498/5 1185/1497/5 1186/1502/5
o ramp_piece_4.226
v 25.821978 16.882795 -3.937876
v 25.821978 16.882795 -5.869887
v 25.821978 14.691292 -3.937876
v 54.679031 16.882795 -3.937876
v 54.679031 14.691292 -3.937876
v 25.821978 14.691292 -5.869887
v 54.679031 14.691292 -5.869887
v 54.679031 16.882795 -5.869887
v 25.821978 25.597534 -5.869887
v 25.821978 27.789032 -5.869887
v 54.679031 25.597534 -5.869887
v 25.821978 25.597534 -3.937876
v 54.679031 25.597534 -3.937876
v 54.679031 27.789032 -3.937876
v 25.821978 27.789032 -3.937876
v 54.679031 27.789032 -5.869887
v 25.821978 30.995878 -3.937876
v 25.821978 33.187378 -5.869887
v 25.821978 30.995878 -5.869887
v 25.821978 33.187378 -3.937876
v 54.679031 30.995878 -3.937876
v 54.679031 33.187378 -5.869887
v 54.679031 33.187378 -3.937876
v 54.679031 30.995878 -5.869887
v 25.821978 36.241776 -5.869887
v 25.821978 38.433273 -5.869887
v 54.679031 36.241776 -5.869887
v 25.821978 36.241776 -3.937876
v 54.679031 36.241776 -3.937876
v 54.679031 38.433273 -5.869887
v 54.679031 38.433273 -3.937876
v 25.821978 38.433273 -3.937876
v 25.821978 43.928989 -5.869887
v 54.679031 41.737492 -5.869887
v 54.679031 43.928989 -5.869887
v 25.821978 41.737492 -5.869887
v 25.821978 41.737492 -3.937876
v 25.821978 43.928989 -3.937876
v 54.679031 43.928989 -3.937876
v 54.679031 41.737492 -3.937876
v 25.821978 49.424717 -5.869887
v 54.679031 47.233208 -5.869887
v 54.679031 49.424717 -5.869887
v 25.821978 47.233208 -5.869887
v 25.821978 47.233208 -3.937876
v 25.821978 49.424717 -3.937876
v 54.679031 49.424717 -3.937876
v 54.679031 47.233208 -3.937876
v 54.679031 52.309082 -5.869887
v 54.679031 54.500591 -5.869887
v 25.821978 52.309082 -5.869887
v 25.821978 54.500591 -5.869887
v 54.679031 52.309082 -3.937876
v 25.821978 54.500591 -3.937876
v 25.821978 52.309082 -3.937876
v 54.679031 54.500591 -3.937876
v 25.821978 57.811234 -5.869887
v 25.821978 60.002731 -5.869887
v 54.679031 57.811234 -5.869887
v 25.821978 57.811234 -3.937876
v 54.679031 57.811234 -3.937876
v 25.821978 60.002731 -3.937876
v 54.679031 60.002731 -3.937876
v 54.679031 60.002731 -5.869887
v 25.821978 65.401062 -5.869887
v 54.679031 63.209568 -5.869887
v 54.679031 65.401062 -5.869887
v 25.821978 63.209568 -5.869887
v 25.821978 63.209568 -3.937876
v 25.821978 65.401062 -3.937876
v 54.679031 65.401062 -3.937876
v 54.679031 63.209568 -3.937876
v 54.679031 70.646973 -5.869887
v 25.821978 70.646973 -5.869887
v 54.679031 68.455467 -5.869887
v 54.679031 70.646973 -3.937876
v 54.679031 68.455467 -3.937876
v 25.821978 70.646973 -3.937876
v 25.821978 68.455467 -3.937876
v 25.821978 68.455467 -5.869887
v 25.821978 73.951202 -5.869887
v 25.821978 76.142693 -5.869887
v 54.679031 73.951202 -5.869887
v 25.821978 73.951202 -3.937876
v 54.679031 73.951202 -3.937876
v 54.679031 76.142693 -3.937876
v 25.821978 76.142693 -3.937876
v 54.679031 76.142693 -5.869887
v 25.821978 81.638397 -5.869887
v 54.679031 79.446907 -5.869887
v 54.679031 81.638397 -5.869887
v 25.821978 79.446907 -5.869887
v 25.821978 79.446907 -3.937876
v 25.821978 81.638397 -3.937876
v 54.679031 81.638397 -3.937876
v 54.679031 79.446907 -3.937876
v 54.679031 84.764137 -5.869887
v 54.679031 86.955627 -5.869887
v 25.821978 86.955627 -5.869887
v 25.821978 84.764137 -5.869887
v 54.679031 84.764137 -3.937876
v 25.821978 84.764137 -3.937876
v 25.821978 86.955627 -3.937876
v 54.679031 86.955627 -3.937876
v 54.679031 92.457779 -5.869887
v 25.821978 92.457779 -5.869887
v 54.679031 90.266273 -5.869887
v 54.679031 92.457779 -3.937876
v 54.679031 90.266273 -3.937876
v 25.821978 92.457779 -3.937876
v 25.821978 90.266273 -3.937876
v 25.821978 90.266273 -5.869887
v 54.679031 95.664612 -5.869887
v 54.679031 97.856102 -5.869887
v 25.821978 97.856102 -5.869887
v 25.821978 95.664612 -5.869887
v 54.679031 95.664612 -3.937876
v 25.821978 95.664612 -3.937876
v 25.821978 97.856102 -3.937876
v 54.679031 97.856102 -3.937876
v 25.821978 103.101997 -3.937876
v 25.821978 103.101997 -5.869887
v 25.821978 100.910507 -3.937876
v 54.679031 103.101997 -3.937876
v 54.679031 100.910507 -3.937876
v 25.821978 100.910507 -5.869887
v 54.679031 100.910507 -5.869887
v 54.679031 103.101997 -5.869887
v 25.821978 108.597717 -5.869887
v 54.679031 106.406242 -5.869887
v 54.679031 108.597717 -5.869887
v 25.821978 106.406242 -5.869887
v 25.821978 106.406242 -3.937876
v 25.821978 108.597717 -3.937876
v 54.679031 108.597717 -3.937876
v 54.679031 106.406242 -3.937876
v 54.679031 111.901901 -5.869887
v 54.679031 114.093414 -5.869887
v 25.821978 114.093414 -5.869887
v 25.821978 111.901901 -5.869887
v 54.679031 111.901901 -3.937876
v 25.821978 114.093414 -3.937876
v 54.679031 114.093414 -3.937876
v 25.821978 111.901901 -3.937876
v 54.679031 20.095385 -5.869887
v 25.821978 22.286884 -5.869887
v 54.679031 22.286884 -5.869887
v 25.821978 20.095385 -5.869887
v 54.679031 20.095385 -3.937876
v 54.679031 22.286884 -3.937876
v 25.821978 22.286884 -3.937876
v 25.821978 20.095385 -3.937876
v 54.679031 9.243468 -5.869887
v 54.679031 11.434972 -5.869887
v 25.821978 11.434972 -5.869887
v 25.821978 9.243468 -5.869887
v 54.679031 9.243468 -3.937876
v 25.821978 11.434972 -3.937876
v 25.821978 9.243468 -3.937876
v 54.679031 11.434972 -3.937876
v -29.420765 -3.006371 -3.947089
v -25.799105 -3.037336 3.267581
v -25.799105 -3.006371 -3.947089
v -29.420765 -3.037336 3.267581
v -29.420765 52.949566 -3.947089
v -25.799105 56.194977 -3.947089
v -29.420765 52.949566 5.432837
v -29.420765 56.194977 -3.947089
v -25.799105 52.949566 -3.947089
v -25.799105 56.194977 5.432837
v -25.799105 52.949566 5.432837
v -29.420765 56.194977 5.432837
v -29.420765 111.121727 2.778774
v -29.420765 111.121727 -3.947089
v -29.420765 112.267952 -3.947089
v -25.799105 112.267952 -3.947089
v -25.799105 111.121727 -3.947089
v -25.799105 111.121727 2.778774
v -25.799105 112.267952 2.582756
v -29.420765 112.267952 2.582756
v -29.420765 113.329285 1.916207
v -25.799105 113.329285 1.916207
v -25.799105 113.329285 -3.947089
v -29.420765 114.093430 0.739953
v -25.799105 114.093430 0.739953
v -25.799105 114.093430 -3.947089
v -29.420765 114.093430 -3.947089
v -29.420765 113.329285 -3.947089
v -51.034573 -3.037336 3.267581
v -51.034573 -3.006371 -3.947089
v -54.656250 -3.006371 -3.947089
v -54.656250 -3.037336 3.267581
v -54.656250 52.949566 5.432837
v -51.034573 52.949566 5.432837
v -51.034573 52.949566 -3.947089
v -54.656250 52.949566 -3.947089
v -51.034573 56.194977 -3.947089
v -51.034573 56.194977 5.432837
v -51.034573 111.121727 2.778774
v -54.656250 56.194977 5.432837
v -54.656250 111.121727 2.778774
v -54.656250 111.121727 -3.947089
v -54.656250 112.267952 -3.947089
v -54.656250 112.267952 2.582756
v -54.656250 113.329285 -3.947089
v -54.656250 113.329285 1.916207
v -51.034573 112.267952 2.582756
v -51.034573 112.267952 -3.947089
v -51.034573 111.121727 -3.947089
v -51.034573 113.329285 1.916207
v -51.034573 114.093430 0.739953
v -54.656250 114.093430 0.739953
v -51.034573 113.329285 -3.947089
v -51.034573 114.093430 -3.947089
v -54.656250 114.093430 -3.947089
v -54.656250 56.194977 -3.947089
v -29.285404 57.725666 -0.094900
v -51.042782 57.725666 -0.094900
v -29.285404 49.811733 -0.094900
v -29.285404 57.725666 1.382309
v -29.285404 49.811733 1.382309
v -51.042782 57.725666 1.382309
v -51.042782 49.811733 1.382309
v -51.042782 49.811733 -0.094900
v -54.656158 84.770508 -4.001168
v -54.656158 108.597717 -4.001168
v -25.799105 84.770508 -4.001168
v -54.656158 84.770508 -2.419995
v -25.799105 84.770508 -2.419995
v -54.656158 108.597717 -2.419995
v -25.799105 108.597717 -2.419995
v -25.799105 108.597717 -4.001168
v 51.057369 -3.037336 3.267581
v 51.057369 -3.006371 -3.947089
v 54.679031 -3.037336 3.267581
v 51.057369 52.949566 -3.947089
v 51.057369 52.949566 5.432837
v 51.057369 56.194977 5.432837
v 51.057369 56.194977 -3.947089
v 54.679031 52.949566 5.432837
v 54.679031 52.949566 -3.947089
v 54.679031 56.194977 5.432837
v 51.057369 111.121727 2.778774
v 54.679031 111.121727 2.778774
v 54.679031 56.194977 -3.947089
v 54.679031 111.121727 -3.947089
v 51.057369 111.121727 -3.947089
v 54.679031 112.267952 -3.947089
v 54.679031 112.267952 2.582756
v 51.057369 112.267952 2.582756
v 54.679031 113.329285 1.916207
v 51.057369 113.329285 1.916207
v 51.057369 114.093430 0.739953
v 51.057369 113.329285 -3.947089
v 51.057369 114.093430 -3.947089
v 54.679031 114.093430 -3.947089
v 54.679031 114.093430 0.739953
v 54.679031 113.329285 -3.947089
v 51.057369 112.267952 -3.947089
v 54.679031 -3.006371 -3.947089
v 29.443563 -3.037336 3.267581
v 25.821884 -3.006371 -3.947089
v 29.443563 -3.006371 -3.947089
v 25.821884 -3.037336 3.267581
v 25.821884 52.949566 5.432837
v 29.443563 52.949566 5.432837
v 29.443563 52.949566 -3.947089
v 25.821884 52.949566 -3.947089
v 29.443563 56.194977 -3.947089
v 29.443563 56.194977 5.432837
v 25.821884 56.194977 5.432837
v 25.821884 111.121727 2.778774
v 29.443563 111.121727 2.778774
v 25.821884 112.267952 2.582756
v 29.443563 112.267952 2.582756
v 29.443563 111.121727 -3.947089
v 29.443563 112.267952 -3.947089
v 25.821884 111.121727 -3.947089
v 25.821884 56.194977 -3.947089
v 25.821884 112.267952 -3.947089
v 25.821884 113.329285 -3.947089
v 29.443563 113.329285 -3.947089
v 29.443563 113.329285 1.916207
v 29.443563 114.093430 -3.947089
v 29.443563 114.093430 0.739953
v 25.821884 114.093430 0.739953
v 25.821884 113.329285 1.916207
v 25.821884 114.093430 -3.947089
v 51.192730 49.811733 -0.094900
v 29.435352 57.725666 -0.094900
v 51.192730 57.725666 -0.094900
v 29.435352 49.811733 -0.094900
v 51.192730 49.811733 1.382309
v 51.192730 57.725666 1.382309
v 29.435352 57.725666 1.382309
v 29.435352 49.811733 1.382309
v 54.679031 84.770508 -4.001168
v 25.821978 108.597717 -4.001168
v 54.679031 108.597717 -4.001168
v 25.821978 84.770508 -4.001168
v 54.679031 84.770508 -2.419995
v 25.821978 84.770508 -2.419995
v 25.821978 108.597717 -2.419995
v 54.679031 108.597717 -2.419995
v -54.656158 16.882795 -5.869887
v -54.656158 16.882795 -3.937876
v -25.799105 14.691292 -5.869887
v -25.799105 16.882795 -5.869887
v -54.656158 14.691292 -5.869887
v -54.656158 14.691292 -3.937876
v -25.799105 16.882795 -3.937876
v -25.799105 14.691292 -3.937876
v -54.656158 27.789032 -5.869887
v -54.656158 25.597534 -5.869887
v -25.799105 25.597534 -5.869887
v -25.799105 27.789032 -5.869887
v -54.656158 25.597534 -3.937876
v -54.656158 27.789032 -3.937876
v -25.799105 27.789032 -3.937876
v -25.799105 25.597534 -3.937876
v -54.656158 33.187378 -5.869887
v -25.799105 30.995878 -5.869887
v -25.799105 33.187378 -5.869887
v -54.656158 30.995878 -5.869887
v -54.656158 30.995878 -3.937876
v -54.656158 33.187378 -3.937876
v -25.799105 33.187378 -3.937876
v -25.799105 30.995878 -3.937876
v -25.799105 38.433273 -5.869887
v -54.656158 38.433273 -5.869887
v -25.799105 36.241776 -5.869887
v -25.799105 38.433273 -3.937876
v -25.799105 36.241776 -3.937876
v -54.656158 36.241776 -5.869887
v -54.656158 36.241776 -3.937876
v -54.656158 38.433273 -3.937876
v -25.799105 41.737492 -5.869887
v -54.656158 43.928989 -5.869887
v -25.799105 43.928989 -5.869887
v -54.656158 41.737492 -5.869887
v -25.799105 41.737492 -3.937876
v -54.656158 43.928989 -3.937876
v -54.656158 41.737492 -3.937876
v -25.799105 43.928989 -3.937876
v -54.656158 49.424717 -5.869887
v -25.799105 47.233208 -5.869887
v -25.799105 49.424717 -5.869887
v -54.656158 47.233208 -5.869887
v -54.656158 47.233208 -3.937876
v -54.656158 49.424717 -3.937876
v -25.799105 49.424717 -3.937876
v -25.799105 47.233208 -3.937876
v -54.656158 54.500591 -5.869887
v -25.799105 52.309082 -5.869887
v -25.799105 54.500591 -5.869887
v -54.656158 52.309082 -5.869887
v -54.656158 52.309082 -3.937876
v -54.656158 54.500591 -3.937876
v -25.799105 54.500591 -3.937876
v -25.799105 52.309082 -3.937876
v -54.656158 60.002731 -5.869887
v -25.799105 57.811234 -5.869887
v -25.799105 60.002731 -5.869887
v -54.656158 57.811234 -5.869887
v -54.656158 57.811234 -3.937876
v -54.656158 60.002731 -3.937876
v -25.799105 60.002731 -3.937876
v -25.799105 57.811234 -3.937876
v -54.656158 65.401062 -5.869887
v -25.799105 63.209568 -5.869887
v -25.799105 65.401062 -5.869887
v -54.656158 63.209568 -5.869887
v -54.656158 63.209568 -3.937876
v -54.656158 65.401062 -3.937876
v -25.799105 65.401062 -3.937876
v -25.799105 63.209568 -3.937876
v -25.799105 70.646973 -5.869887
v -54.656158 70.646973 -5.869887
v -25.799105 68.455467 -5.869887
v -25.799105 70.646973 -3.937876
v -25.799105 68.455467 -3.937876
v -54.656158 70.646973 -3.937876
v -54.656158 68.455467 -3.937876
v -54.656158 68.455467 -5.869887
v -25.799105 73.951202 -5.869887
v -54.656158 76.142693 -5.869887
v -25.799105 76.142693 -5.869887
v -54.656158 73.951202 -5.869887
v -25.799105 73.951202 -3.937876
v -54.656158 73.951202 -3.937876
v -54.656158 76.142693 -3.937876
v -25.799105 76.142693 -3.937876
v -25.799105 79.446922 -5.869887
v -54.656158 81.638405 -5.869887
v -25.799105 81.638405 -5.869887
v -54.656158 79.446922 -5.869887
v -25.799105 79.446922 -3.937876
v -54.656158 81.638405 -3.937876
v -54.656158 79.446922 -3.937876
v -25.799105 81.638405 -3.937876
v -25.799105 86.955635 -5.869887
v -54.656158 86.955635 -5.869887
v -25.799105 84.764145 -5.869887
v -25.799105 86.955635 -3.937876
v -25.799105 84.764145 -3.937876
v -54.656158 86.955635 -3.937876
v -54.656158 84.764145 -3.937876
v -54.656158 84.764145 -5.869887
v -54.656158 90.266281 -3.937876
v -54.656158 92.457794 -5.869887
v -54.656158 90.266281 -5.869887
v -54.656158 92.457794 -3.937876
v -25.799105 90.266281 -3.937876
v -25.799105 92.457794 -5.869887
v -25.799105 92.457794 -3.937876
v -25.799105 90.266281 -5.869887
v -54.656158 97.856102 -5.869887
v -54.656158 95.664612 -5.869887
v -25.799105 95.664612 -5.869887
v -25.799105 97.856102 -5.869887
v -54.656158 95.664612 -3.937876
v -54.656158 97.856102 -3.937876
v -25.799105 97.856102 -3.937876
v -25.799105 95.664612 -3.937876
v -25.799105 100.910507 -5.869887
v -25.799105 103.101997 -5.869887
v -54.656158 103.101997 -5.869887
v -54.656158 100.910507 -5.869887
v -25.799105 100.910507 -3.937876
v -25.799105 103.101997 -3.937876
v -54.656158 103.101997 -3.937876
v -54.656158 100.910507 -3.937876
v -25.799105 106.406242 -5.869887
v -25.799105 108.597717 -5.869887
v -54.656158 108.597717 -5.869887
v -54.656158 106.406242 -5.869887
v -25.799105 106.406242 -3.937876
v -54.656158 108.597717 -3.937876
v -54.656158 106.406242 -3.937876
v -25.799105 108.597717 -3.937876
v -25.799105 111.901901 -5.869887
v -25.799105 114.093414 -5.869887
v -54.656158 114.093414 -5.869887
v -54.656158 111.901901 -5.869887
v -25.799105 111.901901 -3.937876
v -54.656158 114.093414 -3.937876
v -54.656158 111.901901 -3.937876
v -25.799105 114.093414 -3.937876
v -25.799105 20.095385 -5.869887
v -25.799105 22.286884 -5.869887
v -54.656158 22.286884 -5.869887
v -54.656158 20.095385 -5.869887
v -25.799105 20.095385 -3.937876
v -54.656158 22.286884 -3.937876
v -54.656158 20.095385 -3.937876
v -25.799105 22.286884 -3.937876
v -25.799105 9.243468 -5.869887
v -54.656158 11.434972 -5.869887
v -54.656158 9.243468 -5.869887
v -25.799105 11.434972 -5.869887
v -25.799105 9.243468 -3.937876
v -54.656158 11.434972 -3.937876
v -54.656158 9.243468 -3.937876
v -25.799105 11.434972 -3.937876
v -39.523846 1.003227 -0.469483
v -40.205853 1.003227 -0.469483
v -39.723598 1.003227 -0.951699
v -39.723598 1.003227 0.012808
v -39.723598 84.794029 -2.737054
v -39.523846 84.794029 -3.219345
v -40.205853 84.794029 -3.219345
v -39.723598 84.794029 -3.701561
v -40.205853 84.794029 -3.901324
v -40.205853 1.003227 -1.151462
v -40.688107 1.003227 -0.951699
v -40.887859 1.003227 -0.469483
v -40.688107 84.794029 -3.701561
v -40.887859 84.794029 -3.219345
v -40.688107 84.794029 -2.737054
v -40.688107 1.003227 0.012808
v -40.205853 1.003227 0.212571
v -40.205853 84.794029 -2.537366
v 40.954288 1.003227 -0.469483
v 40.272282 1.003227 -0.469483
v 40.754536 1.003227 0.012808
v 40.754536 1.003227 -0.951699
v 40.754536 84.794029 -2.737054
v 40.954288 84.794029 -3.219345
v 40.272282 84.794029 -3.219345
v 40.754536 84.794029 -3.701561
v 40.272282 84.794029 -3.901324
v 40.272282 1.003227 -1.151462
v 39.790028 1.003227 -0.951699
v 39.590275 1.003227 -0.469483
v 39.790028 84.794029 -3.701561
v 39.590275 84.794029 -3.219345
v 39.790028 84.794029 -2.737054
v 39.790028 1.003227 0.012808
v 40.272282 1.003227 0.212571
v 40.272282 84.794029 -2.537366
v 12.138700 2.346891 0.000000
v 57.459625 2.346891 0.000000
v 12.138700 2.205402 -0.802795
v 12.138625 2.205402 0.802645
v 57.459625 2.205402 0.802645
v 12.138625 0.000000 0.000000
v 12.138625 1.173483 -2.032604
v 12.138700 0.407540 -2.311313
v 12.138625 -1.797863 1.508518
v 12.138625 -0.407540 -2.311313
v 12.138700 -2.205477 0.802645
v 12.138700 -2.347041 0.000000
v 12.138625 1.797863 1.508518
v 12.138700 1.173483 2.032529
v 12.138625 0.407540 2.311238
v 12.138625 1.797863 -1.508668
v 12.138625 -0.407540 2.311238
v 12.138625 -1.173483 2.032529
v 12.138700 -1.173483 -2.032604
v 12.138625 -1.797863 -1.508668
v 12.138700 -2.205477 -0.802795
v 57.459702 -1.797863 -1.508668
v 57.459625 -2.205552 -0.802720
v 57.459625 -2.347041 0.000000
v 57.459702 0.000000 0.000000
v 57.459702 1.797863 1.508593
v 57.459625 1.173408 2.032529
v 57.459625 0.407540 2.311313
v 57.459625 -1.797863 1.508593
v 57.459625 0.407540 -2.311313
v 57.459625 -2.205552 0.802645
v 57.459625 2.205402 -0.802720
v 57.459625 -0.407540 2.311313
v 57.459625 1.797863 -1.508668
v 57.459702 -1.173483 2.032529
v 57.459702 1.173408 -2.032529
v 57.459702 -0.407540 -2.311313
v 57.459625 -1.173483 -2.032529
v 51.137707 2.948950 2.474299
v 42.461109 3.617372 1.316470
v 51.137707 3.617372 1.316545
v 42.461109 2.948950 2.474299
v 51.137783 1.924896 3.333570
v 51.137783 0.000150 0.000000
v 51.137707 3.849567 0.000000
v 51.137783 3.617372 -1.316620
v 51.137707 -1.924521 3.333570
v 51.137707 -2.948651 2.474299
v 51.137707 -0.668272 -3.790919
v 51.137707 -3.849267 0.000000
v 51.137707 0.668646 3.790844
v 51.137707 -0.668272 3.790844
v 51.137707 2.948950 -2.474374
v 51.137707 1.924896 -3.333719
v 51.137783 0.668646 -3.790919
v 51.137783 -3.617147 1.316545
v 51.137783 -1.924521 -3.333719
v 51.137783 -3.617147 -1.316620
v 51.137783 -2.948651 -2.474374
v 42.461109 -3.617147 -1.316620
v 42.461182 -2.948725 -2.474449
v 42.461109 0.000150 -0.000075
v 42.461109 -1.924596 -3.333719
v 42.461109 -0.668347 -3.790919
v 42.461182 0.668572 -3.790919
v 42.461109 1.924821 -3.333719
v 42.461109 2.948950 -2.474449
v 42.461109 3.617372 -1.316620
v 42.461109 3.849567 -0.000075
v 42.461109 1.924821 3.333570
v 42.461109 0.668572 3.790844
v 42.461109 -0.668347 3.790844
v 42.461109 -1.924596 3.333570
v 42.461109 -2.948725 2.474299
v 42.461109 -3.617147 1.316470
v 42.461109 -3.849342 -0.000075
v 38.098839 2.948950 2.474299
v 29.422165 3.617372 1.316470
v 29.422165 2.948950 2.474299
v 38.098839 1.924821 3.333570
v 38.098915 3.617372 1.316470
v 38.098839 0.000150 -0.000075
v 38.098915 3.849567 -0.000075
v 38.098915 0.668572 3.790844
v 38.098839 3.617372 -1.316620
v 38.098839 -0.668272 3.790844
v 38.098915 2.948950 -2.474449
v 38.098915 1.924821 -3.333719
v 38.098839 -3.617147 1.316470
v 38.098839 -1.924521 -3.333719
v 38.098915 -3.617147 -1.316620
v 38.098915 -2.948725 -2.474449
v 38.098915 -1.924521 3.333570
v 38.098915 -2.948725 2.474299
v 38.098915 0.668572 -3.790919
v 38.098915 -0.668272 -3.790919
v 38.098915 -3.849267 -0.000075
v 29.422165 -3.617147 1.316470
v 29.422239 -3.849267 -0.000075
v 29.422165 0.000150 -0.000075
v 29.422239 -3.617147 -1.316620
v 29.422165 -2.948725 -2.474449
v 29.422165 -1.924521 -3.333719
v 29.422239 -0.668272 -3.790919
v 29.422165 0.668646 -3.790919
v 29.422165 1.924896 -3.333719
v 29.422239 2.948950 -2.474449
v 29.422165 3.617372 -1.316620
v 29.422165 3.849567 -0.000075
v 29.422165 1.924896 3.333570
v 29.422165 -2.948725 2.474299
v 29.422239 0.668646 3.790844
v 29.422165 -0.668272 3.790844
v 29.422239 -1.924521 3.333570
v -12.138700 2.205402 0.802645
v -12.138625 1.797863 1.508518
v -57.403225 2.346966 0.000000
v -57.403297 2.205402 0.802645
v -12.138700 2.346966 0.000000
v -12.138625 0.000000 0.000000
v -12.138625 0.407540 2.311238
v -12.138700 -0.407540 2.311238
v -12.138625 1.797863 -1.508668
v -12.138625 -1.173483 2.032529
v -12.138625 1.173483 -2.032604
v -12.138700 0.407540 -2.311313
v -12.138625 -0.407540 -2.311313
v -12.138700 -2.347041 0.000000
v -12.138700 -1.173483 -2.032604
v -12.138625 -1.797863 -1.508668
v -12.138700 1.173483 2.032529
v -12.138700 2.205402 -0.802795
v -12.138700 -1.797863 1.508518
v -12.138700 -2.205402 0.802645
v -12.138700 -2.205402 -0.802795
v -57.403225 -2.205402 -0.802795
v -57.403225 -2.347041 0.000000
v -57.403297 0.000000 0.000000
v -57.403225 -2.205402 0.802645
v -57.403225 -1.797863 1.508518
v -57.403297 -1.173483 2.032529
v -57.403297 -0.407540 2.311238
v -57.403297 0.407540 2.311238
v -57.403225 1.173483 2.032529
v -57.403297 1.797863 1.508518
v -57.403225 2.205402 -0.802795
v -57.403297 1.797863 -1.508668
v -57.403225 0.407540 -2.311313
v -57.403297 -0.407540 -2.311313
v -57.403297 1.173483 -2.032604
v -57.403225 -1.173483 -2.032604
v -57.403297 -1.797863 -1.508668
v -29.340372 3.617447 1.316470
v -38.017048 3.617372 1.316470
v -38.017048 3.849492 -0.000075
v -29.340372 3.849567 -0.000075
v -29.340372 2.948950 2.474299
v -29.340372 0.000150 -0.000075
v -29.340298 0.668572 3.790844
v -29.340372 3.617447 -1.316620
v -29.340372 -0.668347 3.790844
v -29.340298 -1.924596 3.333570
v -29.340298 -3.849342 -0.000075
v -29.340372 -1.924596 -3.333719
v -29.340298 -3.617147 -1.316620
v -29.340298 -2.948725 -2.474449
v -29.340372 1.924896 3.333570
v -29.340298 2.948950 -2.474449
v -29.340372 1.924896 -3.333719
v -29.340372 -2.948725 2.474299
v -29.340298 0.668572 -3.790919
v -29.340372 -3.617147 1.316470
v -29.340372 -0.668347 -3.790919
v -38.017048 -0.668272 -3.790919
v -38.017048 -1.924521 -3.333719
v -38.017048 -2.948725 -2.474449
v -38.017048 0.000150 -0.000075
v -38.017048 2.948950 2.474299
v -38.017048 3.617372 -1.316620
v -38.017048 2.948950 -2.474449
v -38.017048 -0.668272 3.790844
v -38.017048 1.924821 -3.333719
v -38.017048 0.668572 -3.790919
v -38.017048 -3.617147 1.316470
v -38.017048 -3.849267 -0.000075
v -38.016972 -3.617147 -1.316620
v -38.017048 1.924821 3.333570
v -38.016972 0.668572 3.790844
v -38.016972 -1.924521 3.333570
v -38.017048 -2.948725 2.474299
v -42.379238 3.617372 1.316470
v -42.379238 3.849567 -0.000075
v -51.055840 3.617447 1.316470
v -42.379314 2.948950 2.474299
v -51.055840 3.849567 -0.000075
v -42.379314 0.000150 -0.000075
v -42.379314 3.617372 -1.316620
v -42.379314 -0.668272 3.790844
v -42.379238 2.948950 -2.474449
v -42.379238 1.924821 -3.333719
v -42.379314 0.668572 -3.790919
v -42.379314 -3.617147 1.316470
v -42.379238 -0.668272 -3.790919
v -42.379238 -3.849267 -0.000075
v -42.379314 -1.924521 -3.333719
v -42.379314 -2.948725 -2.474449
v -42.379314 1.924821 3.333570
v -42.379238 0.668572 3.790844
v -42.379238 -1.924521 3.333570
v -42.379238 -2.948725 2.474299
v -42.379238 -3.617147 -1.316620
v -51.055916 -3.849267 -0.000075
v -51.055916 -3.617072 -1.316620
v -51.055916 -2.948651 -2.474449
v -51.055916 0.000225 -0.000075
v -51.055916 2.948950 2.474299
v -51.055916 1.924896 3.333570
v -51.055840 2.948950 -2.474449
v -51.055840 1.924896 -3.333719
v -51.055916 -1.924521 3.333570
v -51.055916 3.617447 -1.316620
v -51.055916 0.668646 3.790844
v -51.055916 -0.668272 3.790844
v -51.055916 0.668646 -3.790919
v -51.055840 -2.948651 2.474299
v -51.055840 -0.668272 -3.790919
v -51.055916 -3.617072 1.316470
v -51.055916 -1.924521 -3.333719
v -28.950275 44.682117 3.677892
v -51.201061 44.682117 3.677892
v -28.950275 44.436028 4.071575
v -51.201061 44.767597 3.230131
v -28.950275 44.767597 3.230131
v -28.950272 43.350273 3.230131
v -28.950275 43.596371 4.519337
v -28.950275 44.682117 2.782444
v -28.950275 42.641582 4.363841
v -28.950275 44.058926 2.096495
v -28.950275 42.264511 2.388761
v -28.950275 44.058926 4.363841
v -28.950275 43.104130 4.519337
v -28.950275 44.436028 2.388761
v -28.950275 42.264511 4.071575
v -28.950275 43.596371 1.941000
v -28.950275 42.018391 3.677892
v -28.950275 43.104130 1.941000
v -28.950275 41.932911 3.230131
v -28.950275 42.641582 2.096495
v -28.950275 42.018391 2.782444
v -51.201061 41.932911 3.230131
v -51.201061 42.018391 2.782444
v -51.201061 42.264511 2.388761
v -51.201061 43.350273 3.230131
v -51.201061 43.596371 4.519337
v -51.201061 44.436028 2.388761
v -51.201061 43.104130 4.519337
v -51.201061 42.641582 4.363841
v -51.201061 43.596371 1.941000
v -51.201061 42.264511 4.071575
v -51.201061 42.018391 3.677892
v -51.201061 42.641582 2.096495
v -51.201061 44.436028 4.071575
v -51.201061 44.058926 4.363841
v -51.201061 44.682117 2.782444
v -51.201061 44.058926 2.096495
v -51.201061 43.104130 1.941000
v -51.201061 74.764893 3.017710
v -51.201061 74.518806 3.411468
v -28.950275 74.764893 3.017710
v -28.950275 74.518806 3.411468
v -51.201061 74.850388 2.570023
v -51.201061 73.433052 2.570023
v -51.201061 74.141716 3.703659
v -51.201061 74.764893 2.122336
v -51.201061 73.679161 1.280892
v -51.201061 72.347298 3.411468
v -51.201061 73.186928 1.280892
v -51.201061 72.015709 2.570023
v -51.201061 72.347298 1.728654
v -51.201061 73.679161 3.859154
v -51.201061 74.518806 1.728654
v -51.201061 73.186928 3.859154
v -51.201061 74.141716 1.436388
v -51.201061 72.724350 3.703659
v -51.201061 72.101181 3.017710
v -51.201061 72.724350 1.436388
v -51.201061 72.101181 2.122336
v -28.950275 72.101181 2.122336
v -28.950275 72.347298 1.728654
v -28.950275 72.724350 1.436388
v -28.950272 73.433052 2.570023
v -28.950275 74.141716 3.703659
v -28.950275 73.679161 3.859154
v -28.950275 74.518806 1.728654
v -28.950275 72.724350 3.703659
v -28.950275 74.141716 1.436388
v -28.950275 72.347298 3.411468
v -28.950275 73.679161 1.280892
v -28.950275 72.101181 3.017710
v -28.950275 73.186928 1.280892
v -28.950275 72.015709 2.570023
v -28.950275 74.850388 2.570023
v -28.950275 74.764893 2.122336
v -28.950275 73.186928 3.859154
v -28.950275 10.415810 2.763569
v -51.201061 10.415810 2.763569
v -51.201061 10.501295 2.315882
v -28.950275 10.501295 2.315882
v -28.950275 10.169720 3.157251
v -28.950272 9.083956 2.315882
v -28.950275 9.330059 3.605013
v -28.950275 8.837830 3.605013
v -28.950275 10.169720 1.474438
v -28.950275 8.375265 3.449517
v -28.950275 9.792619 1.182247
v -28.950275 7.666607 2.315882
v -28.950275 7.998197 1.474438
v -28.950275 9.792619 3.449517
v -28.950275 10.415810 1.868120
v -28.950275 7.998197 3.157251
v -28.950275 9.330059 1.026751
v -28.950275 7.752084 2.763569
v -28.950275 8.837830 1.026751
v -28.950275 8.375265 1.182247
v -28.950275 7.752084 1.868120
v -51.201061 7.666607 2.315882
v -51.201061 7.752084 1.868120
v -51.201061 9.083956 2.315882
v -51.201061 7.998197 1.474438
v -51.201061 8.375265 1.182247
v -51.201061 8.837830 1.026751
v -51.201061 9.330059 1.026751
v -51.201061 9.792619 1.182247
v -51.201061 10.169720 1.474438
v -51.201061 10.415810 1.868120
v -51.201061 9.330059 3.605013
v -51.201061 8.375265 3.449517
v -51.201061 7.998197 3.157251
v -51.201061 10.169720 3.157251
v -51.201061 9.792619 3.449517
v -51.201061 8.837830 3.605013
v -51.201061 7.752084 2.763569
v 51.527855 44.682117 3.677892
v 29.277077 44.682117 3.677892
v 51.527855 44.436028 4.071575
v 29.277077 44.767597 3.230131
v 51.527855 44.767597 3.230131
v 51.527863 43.350273 3.230131
v 51.527855 44.682117 2.782444
v 51.527855 43.104130 4.519337
v 51.527855 44.436028 2.388761
v 51.527855 42.641582 4.363841
v 51.527855 44.058926 2.096495
v 51.527855 42.264511 4.071575
v 51.527855 43.596371 1.941000
v 51.527855 43.104130 1.941000
v 51.527855 41.932911 3.230131
v 51.527855 42.018391 2.782444
v 51.527855 42.264511 2.388761
v 51.527855 44.058926 4.363841
v 51.527855 43.596371 4.519337
v 51.527855 42.018391 3.677892
v 51.527855 42.641582 2.096495
v 29.277077 42.641582 2.096495
v 29.277077 42.264511 2.388761
v 29.277077 42.018391 2.782444
v 29.277077 43.350273 3.230131
v 29.277077 44.682117 2.782444
v 29.277077 43.104130 4.519337
v 29.277077 44.058926 2.096495
v 29.277077 42.641582 4.363841
v 29.277077 43.596371 1.941000
v 29.277077 42.264511 4.071575
v 29.277077 43.104130 1.941000
v 29.277077 42.018391 3.677892
v 29.277077 41.932911 3.230131
v 29.277077 44.436028 4.071575
v 29.277077 44.058926 4.363841
v 29.277077 43.596371 4.519337
v 29.277077 44.436028 2.388761
v 51.527855 74.764893 3.017710
v 29.277077 74.764893 3.017710
v 51.527855 74.518806 3.411468
v 29.277077 74.850388 2.570023
v 51.527855 74.850388 2.570023
v 51.527863 73.433052 2.570023
v 51.527855 74.141716 3.703659
v 51.527855 72.724350 3.703659
v 51.527855 72.347298 3.411468
v 51.527855 73.679161 1.280892
v 51.527855 72.101181 2.122336
v 51.527855 72.347298 1.728654
v 51.527855 73.679161 3.859154
v 51.527855 74.764893 2.122336
v 51.527855 73.186928 3.859154
v 51.527855 74.518806 1.728654
v 51.527855 74.141716 1.436388
v 51.527855 72.101181 3.017710
v 51.527855 73.186928 1.280892
v 51.527855 72.015709 2.570023
v 51.527855 72.724350 1.436388
v 29.277077 72.724350 1.436388
v 29.277077 72.347298 1.728654
v 29.277077 73.433052 2.570023
v 29.277077 72.101181 2.122336
v 29.277077 72.015709 2.570023
v 29.277077 72.101181 3.017710
v 29.277077 72.347298 3.411468
v 29.277077 72.724350 3.703659
v 29.277077 73.186928 3.859154
v 29.277077 73.679161 3.859154
v 29.277077 74.141716 3.703659
v 29.277077 74.518806 3.411468
v 29.277077 73.679161 1.280892
v 29.277077 73.186928 1.280892
v 29.277077 74.764893 2.122336
v 29.277077 74.518806 1.728654
v 29.277077 74.141716 1.436388
v 51.527855 10.415810 2.763569
v 29.277077 10.415810 2.763569
v 51.527855 10.169720 3.157251
v 29.277077 10.501295 2.315882
v 51.527855 10.501295 2.315882
v 51.527863 9.083956 2.315882
v 51.527855 9.792619 3.449517
v 51.527855 10.415810 1.868120
v 51.527855 8.837830 3.605013
v 51.527855 8.375265 3.449517
v 51.527855 7.998197 3.157251
v 51.527855 9.330059 1.026751
v 51.527855 7.752084 2.763569
v 51.527855 7.666607 2.315882
v 51.527855 8.375265 1.182247
v 51.527855 7.752084 1.868120
v 51.527855 9.330059 3.605013
v 51.527855 10.169720 1.474438
v 51.527855 9.792619 1.182247
v 51.527855 8.837830 1.026751
v 51.527855 7.998197 1.474438
v 29.277077 7.998197 1.474438
v 29.277077 7.752084 1.868120
v 29.277077 7.666607 2.315882
v 29.277077 9.083956 2.315882
v 29.277077 9.792619 3.449517
v 29.277077 9.330059 3.605013
v 29.277077 8.837830 3.605013
v 29.277077 9.792619 1.182247
v 29.277077 8.375265 3.449517
v 29.277077 9.330059 1.026751
v 29.277077 7.998197 3.157251
v 29.277077 8.837830 1.026751
v 29.277077 8.375265 1.182247
v 29.277077 10.169720 3.157251
v 29.277077 10.415810 1.868120
v 29.277077 10.169720 1.474438
v 29.277077 7.752084 2.763569
v 25.821978 16.882795 -3.937876
v 25.821978 16.882795 -3.937876
v 25.821978 16.882795 -5.869887
v 25.821978 16.882795 -5.869887
v 25.821978 14.691292 -3.937876
v 25.821978 14.691292 -3.937876
v 54.679031 16.882795 -3.937876
v 54.679031 16.882795 -3.937876
v 54.679031 14.691292 -5.869887
v 54.679031 14.691292 -5.869887
v 54.679031 14.691292 -3.937876
v 54.679031 14.691292 -3.937876
v 54.679031 16.882795 -5.869887
v 54.679031 16.882795 -5.869887
v 25.821978 14.691292 -5.869887
v 25.821978 14.691292 -5.869887
v 25.821978 25.597534 -5.869887
v 25.821978 25.597534 -5.869887
v 25.821978 27.789032 -5.869887
v 25.821978 27.789032 -5.869887
v 54.679031 25.597534 -5.869887
v 54.679031 25.597534 -5.869887
v 25.821978 25.597534 -3.937876
v 25.821978 25.597534 -3.937876
v 54.679031 27.789032 -3.937876
v 54.679031 27.789032 -3.937876
v 54.679031 25.597534 -3.937876
v 54.679031 25.597534 -3.937876
v 54.679031 27.789032 -5.869887
v 54.679031 27.789032 -5.869887
v 25.821978 27.789032 -3.937876
v 25.821978 27.789032 -3.937876
v 25.821978 30.995878 -5.869887
v 25.821978 30.995878 -5.869887
v 25.821978 30.995878 -3.937876
v 25.821978 30.995878 -3.937876
v 25.821978 33.187378 -3.937876
v 25.821978 33.187378 -3.937876
v 54.679031 30.995878 -3.937876
v 54.679031 30.995878 -3.937876
v 54.679031 33.187378 -3.937876
v 54.679031 33.187378 -3.937876
v 54.679031 30.995878 -5.869887
v 54.679031 30.995878 -5.869887
v 54.679031 33.187378 -5.869887
v 54.679031 33.187378 -5.869887
v 25.821978 33.187378 -5.869887
v 25.821978 33.187378 -5.869887
v 25.821978 36.241776 -5.869887
v 25.821978 36.241776 -5.869887
v 25.821978 38.433273 -5.869887
v 25.821978 38.433273 -5.869887
v 54.679031 36.241776 -5.869887
v 54.679031 36.241776 -5.869887
v 25.821978 36.241776 -3.937876
v 25.821978 36.241776 -3.937876
v 54.679031 38.433273 -3.937876
v 54.679031 38.433273 -3.937876
v 54.679031 36.241776 -3.937876
v 54.679031 36.241776 -3.937876
v 25.821978 38.433273 -3.937876
v 25.821978 38.433273 -3.937876
v 54.679031 38.433273 -5.869887
v 54.679031 38.433273 -5.869887
v 25.821978 43.928989 -5.869887
v 25.821978 43.928989 -5.869887
v 54.679031 43.928989 -5.869887
v 54.679031 43.928989 -5.869887
v 25.821978 41.737492 -5.869887
v 25.821978 41.737492 -5.869887
v 25.821978 43.928989 -3.937876
v 25.821978 43.928989 -3.937876
v 54.679031 43.928989 -3.937876
v 54.679031 43.928989 -3.937876
v 54.679031 41.737492 -3.937876
v 54.679031 41.737492 -3.937876
v 25.821978 41.737492 -3.937876
v 25.821978 41.737492 -3.937876
v 54.679031 41.737492 -5.869887
v 54.679031 41.737492 -5.869887
v 25.821978 49.424717 -5.869887
v 25.821978 49.424717 -5.869887
v 54.679031 49.424717 -5.869887
v 54.679031 49.424717 -5.869887
v 25.821978 47.233208 -5.869887
v 25.821978 47.233208 -5.869887
v 25.821978 49.424717 -3.937876
v 25.821978 49.424717 -3.937876
v 54.679031 49.424717 -3.937876
v 54.679031 49.424717 -3.937876
v 54.679031 47.233208 -3.937876
v 54.679031 47.233208 -3.937876
v 25.821978 47.233208 -3.937876
v 25.821978 47.233208 -3.937876
v 54.679031 47.233208 -5.869887
v 54.679031 47.233208 -5.869887
v 54.679031 54.500591 -5.869887
v 54.679031 54.500591 -5.869887
v 54.679031 52.309082 -5.869887
v 54.679031 52.309082 -5.869887
v 25.821978 52.309082 -5.869887
v 25.821978 52.309082 -5.869887
v 54.679031 52.309082 -3.937876
v 54.679031 52.309082 -3.937876
v 25.821978 52.309082 -3.937876
v 25.821978 52.309082 -3.937876
v 54.679031 54.500591 -3.937876
v 54.679031 54.500591 -3.937876
v 25.821978 54.500591 -3.937876
v 25.821978 54.500591 -3.937876
v 25.821978 54.500591 -5.869887
v 25.821978 54.500591 -5.869887
v 25.821978 57.811234 -5.869887
v 25.821978 57.811234 -5.869887
v 25.821978 60.002731 -5.869887
v 25.821978 60.002731 -5.869887
v 54.679031 57.811234 -5.869887
v 54.679031 57.811234 -5.869887
v 25.821978 57.811234 -3.937876
v 25.821978 57.811234 -3.937876
v 54.679031 57.811234 -3.937876
v 54.679031 57.811234 -3.937876
v 54.679031 60.002731 -3.937876
v 54.679031 60.002731 -3.937876
v 54.679031 60.002731 -5.869887
v 54.679031 60.002731 -5.869887
v 25.821978 60.002731 -3.937876
v 25.821978 60.002731 -3.937876
v 25.821978 65.401062 -5.869887
v 25.821978 65.401062 -5.869887
v 54.679031 65.401062 -5.869887
v 54.679031 65.401062 -5.869887
v 25.821978 63.209568 -5.869887
v 25.821978 63.209568 -5.869887
v 25.821978 65.401062 -3.937876
v 25.821978 65.401062 -3.937876
v 54.679031 65.401062 -3.937876
v 54.679031 65.401062 -3.937876
v 54.679031 63.209568 -3.937876
v 54.679031 63.209568 -3.937876
v 54.679031 63.209568 -5.869887
v 54.679031 63.209568 -5.869887
v 25.821978 63.209568 -3.937876
v 25.821978 63.209568 -3.937876
v 25.821978 70.646973 -5.869887
v 25.821978 70.646973 -5.869887
v 54.679031 70.646973 -5.869887
v 54.679031 70.646973 -5.869887
v 54.679031 68.455467 -5.869887
v 54.679031 68.455467 -5.869887
v 54.679031 70.646973 -3.937876
v 54.679031 70.646973 -3.937876
v 25.821978 68.455467 -3.937876
v 25.821978 68.455467 -3.937876
v 54.679031 68.455467 -3.937876
v 54.679031 68.455467 -3.937876
v 25.821978 68.455467 -5.869887
v 25.821978 68.455467 -5.869887
v 25.821978 70.646973 -3.937876
v 25.821978 70.646973 -3.937876
v 25.821978 73.951202 -5.869887
v 25.821978 73.951202 -5.869887
v 25.821978 76.142693 -5.869887
v 25.821978 76.142693 -5.869887
v 54.679031 73.951202 -5.869887
v 54.679031 73.951202 -5.869887
v 25.821978 73.951202 -3.937876
v 25.821978 73.951202 -3.937876
v 54.679031 73.951202 -3.937876
v 54.679031 73.951202 -3.937876
v 54.679031 76.142693 -3.937876
v 54.679031 76.142693 -3.937876
v 54.679031 76.142693 -5.869887
v 54.679031 76.142693 -5.869887
v 25.821978 76.142693 -3.937876
v 25.821978 76.142693 -3.937876
v 25.821978 81.638397 -5.869887
v 25.821978 81.638397 -5.869887
v 54.679031 81.638397 -5.869887
v 54.679031 81.638397 -5.869887
v 25.821978 79.446907 -5.869887
v 25.821978 79.446907 -5.869887
v 25.821978 81.638397 -3.937876
v 25.821978 81.638397 -3.937876
v 54.679031 81.638397 -3.937876
v 54.679031 81.638397 -3.937876
v 54.679031 79.446907 -3.937876
v 54.679031 79.446907 -3.937876
v 25.821978 79.446907 -3.937876
v 25.821978 79.446907 -3.937876
v 54.679031 79.446907 -5.869887
v 54.679031 79.446907 -5.869887
v 54.679031 86.955627 -5.869887
v 54.679031 86.955627 -5.869887
v 54.679031 84.764137 -5.869887
v 54.679031 84.764137 -5.869887
v 25.821978 84.764137 -5.869887
v 25.821978 84.764137 -5.869887
v 54.679031 84.764137 -3.937876
v 54.679031 84.764137 -3.937876
v 25.821978 84.764137 -3.937876
v 25.821978 84.764137 -3.937876
v 54.679031 86.955627 -3.937876
v 54.679031 86.955627 -3.937876
v 25.821978 86.955627 -3.937876
v 25.821978 86.955627 -3.937876
v 25.821978 86.955627 -5.869887
v 25.821978 86.955627 -5.869887
v 25.821978 92.457779 -5.869887
v 25.821978 92.457779 -5.869887
v 54.679031 92.457779 -5.869887
v 54.679031 92.457779 -5.869887
v 54.679031 90.266273 -5.869887
v 54.679031 90.266273 -5.869887
v 54.679031 92.457779 -3.937876
v 54.679031 92.457779 -3.937876
v 25.821978 90.266273 -3.937876
v 25.821978 90.266273 -3.937876
v 54.679031 90.266273 -3.937876
v 54.679031 90.266273 -3.937876
v 25.821978 90.266273 -5.869887
v 25.821978 90.266273 -5.869887
v 25.821978 92.457779 -3.937876
v 25.821978 92.457779 -3.937876
v 54.679031 97.856102 -5.869887
v 54.679031 97.856102 -5.869887
v 54.679031 95.664612 -5.869887
v 54.679031 95.664612 -5.869887
v 25.821978 95.664612 -5.869887
v 25.821978 95.664612 -5.869887
v 54.679031 95.664612 -3.937876
v 54.679031 95.664612 -3.937876
v 25.821978 95.664612 -3.937876
v 25.821978 95.664612 -3.937876
v 54.679031 97.856102 -3.937876
v 54.679031 97.856102 -3.937876
v 25.821978 97.856102 -3.937876
v 25.821978 97.856102 -3.937876
v 25.821978 97.856102 -5.869887
v 25.821978 97.856102 -5.869887
v 25.821978 103.101997 -3.937876
v 25.821978 103.101997 -3.937876
v 25.821978 103.101997 -5.869887
v 25.821978 103.101997 -5.869887
v 25.821978 100.910507 -3.937876
v 25.821978 100.910507 -3.937876
v 54.679031 103.101997 -3.937876
v 54.679031 103.101997 -3.937876
v 54.679031 100.910507 -5.869887
v 54.679031 100.910507 -5.869887
v 54.679031 100.910507 -3.937876
v 54.679031 100.910507 -3.937876
v 54.679031 103.101997 -5.869887
v 54.679031 103.101997 -5.869887
v 25.821978 100.910507 -5.869887
v 25.821978 100.910507 -5.869887
v 25.821978 108.597717 -5.869887
v 25.821978 108.597717 -5.869887
v 54.679031 108.597717 -5.869887
v 54.679031 108.597717 -5.869887
v 25.821978 106.406242 -5.869887
v 25.821978 106.406242 -5.869887
v 25.821978 108.597717 -3.937876
v 25.821978 108.597717 -3.937876
v 54.679031 108.597717 -3.937876
v 54.679031 108.597717 -3.937876
v 54.679031 106.406242 -3.937876
v 54.679031 106.406242 -3.937876
v 25.821978 106.406242 -3.937876
v 25.821978 106.406242 -3.937876
v 54.679031 106.406242 -5.869887
v 54.679031 106.406242 -5.869887
v 54.679031 114.093414 -5.869887
v 54.679031 114.093414 -5.869887
v 54.679031 111.901901 -5.869887
v 54.679031 111.901901 -5.869887
v 25.821978 111.901901 -5.869887
v 25.821978 111.901901 -5.869887
v 54.679031 111.901901 -3.937876
v 54.679031 111.901901 -3.937876
v 54.679031 114.093414 -3.937876
v 54.679031 114.093414 -3.937876
v 25.821978 111.901901 -3.937876
v 25.821978 111.901901 -3.937876
v 25.821978 114.093414 -3.937876
v 25.821978 114.093414 -3.937876
v 25.821978 114.093414 -5.869887
v 25.821978 114.093414 -5.869887
v 54.679031 22.286884 -5.869887
v 54.679031 22.286884 -5.869887
v 54.679031 20.095385 -5.869887
v 54.679031 20.095385 -5.869887
v 25.821978 20.095385 -5.869887
v 25.821978 20.095385 -5.869887
v 54.679031 20.095385 -3.937876
v 54.679031 20.095385 -3.937876
v 54.679031 22.286884 -3.937876
v 54.679031 22.286884 -3.937876
v 25.821978 20.095385 -3.937876
v 25.821978 20.095385 -3.937876
v 25.821978 22.286884 -3.937876
v 25.821978 22.286884 -3.937876
v 25.821978 22.286884 -5.869887
v 25.821978 22.286884 -5.869887
v 54.679031 11.434972 -5.869887
v 54.679031 11.434972 -5.869887
v 54.679031 9.243468 -5.869887
v 54.679031 9.243468 -5.869887
v 25.821978 9.243468 -5.869887
v 25.821978 9.243468 -5.869887
v 54.679031 9.243468 -3.937876
v 54.679031 9.243468 -3.937876
v 25.821978 9.243468 -3.937876
v 25.821978 9.243468 -3.937876
v 54.679031 11.434972 -3.937876
v 54.679031 11.434972 -3.937876
v 25.821978 11.434972 -3.937876
v 25.821978 11.434972 -3.937876
v 25.821978 11.434972 -5.869887
v 25.821978 11.434972 -5.869887
v -29.420765 -3.006371 -3.947089
v -29.420765 -3.006371 -3.947089
v -25.799105 -3.006371 -3.947089
v -25.799105 -3.006371 -3.947089
v -29.420765 -3.037336 3.267581
v -29.420765 -3.037336 3.267581
v -29.420765 52.949566 -3.947089
v -29.420765 56.194977 -3.947089
v -25.799105 56.194977 -3.947089
v -25.799105 52.949566 -3.947089
v -25.799105 -3.037336 3.267581
v -25.799105 -3.037336 3.267581
v -25.799105 52.949566 5.432837
v -25.799105 56.194977 5.432837
v -29.420765 56.194977 5.432837
v -29.420765 52.949566 5.432837
v -29.420765 111.121727 2.778774
v -29.420765 111.121727 -3.947089
v -29.420765 112.267952 -3.947089
v -25.799105 111.121727 -3.947089
v -25.799105 112.267952 -3.947089
v -25.799105 111.121727 2.778774
v -25.799105 112.267952 2.582756
v -25.799105 113.329285 1.916207
v -25.799105 114.093430 0.739953
v -25.799105 114.093430 0.739953
v -29.420765 114.093430 0.739953
v -29.420765 114.093430 0.739953
v -25.799105 114.093430 -3.947089
v -25.799105 114.093430 -3.947089
v -25.799105 113.329285 -3.947089
v -29.420765 114.093430 -3.947089
v -29.420765 114.093430 -3.947089
v -29.420765 113.329285 -3.947089
v -29.420765 113.329285 1.916207
v -29.420765 112.267952 2.582756
v -51.034573 -3.006371 -3.947089
v -51.034573 -3.006371 -3.947089
v -51.034573 -3.037336 3.267581
v -51.034573 -3.037336 3.267581
v -54.656250 -3.037336 3.267581
v -54.656250 -3.037336 3.267581
v -51.034573 52.949566 5.432837
v -51.034573 56.194977 -3.947089
v -51.034573 52.949566 -3.947089
v -51.034573 111.121727 2.778774
v -51.034573 56.194977 5.432837
v -54.656250 111.121727 2.778774
v -54.656250 56.194977 5.432837
v -54.656250 112.267952 2.582756
v -54.656250 113.329285 1.916207
v -51.034573 112.267952 2.582756
v -51.034573 113.329285 1.916207
v -51.034573 114.093430 0.739953
v -51.034573 114.093430 0.739953
v -51.034573 114.093430 -3.947089
v -51.034573 114.093430 -3.947089
v -51.034573 113.329285 -3.947089
v -51.034573 112.267952 -3.947089
v -54.656250 114.093430 -3.947089
v -54.656250 114.093430 -3.947089
v -54.656250 114.093430 0.739953
v -54.656250 114.093430 0.739953
v -54.656250 113.329285 -3.947089
v -51.034573 111.121727 -3.947089
v -54.656250 111.121727 -3.947089
v -54.656250 56.194977 -3.947089
v -54.656250 52.949566 -3.947089
v -54.656250 112.267952 -3.947089
v -54.656250 52.949566 5.432837
v -54.656250 -3.006371 -3.947089
v -54.656250 -3.006371 -3.947089
v -51.042782 57.725666 -0.094900
v -51.042782 57.725666 -0.094900
v -29.285404 57.725666 -0.094900
v -29.285404 57.725666 -0.094900
v -29.285404 49.811733 -0.094900
v -29.285404 49.811733 -0.094900
v -29.285404 57.725666 1.382309
v -29.285404 57.725666 1.382309
v -29.285404 49.811733 1.382309
v -29.285404 49.811733 1.382309
v -51.042782 49.811733 1.382309
v -51.042782 49.811733 1.382309
v -51.042782 49.811733 -0.094900
v -51.042782 49.811733 -0.094900
v -51.042782 57.725666 1.382309
v -51.042782 57.725666 1.382309
v -54.656158 84.770508 -4.001168
v -54.656158 84.770508 -4.001168
v -54.656158 108.597717 -4.001168
v -54.656158 108.597717 -4.001168
v -25.799105 84.770508 -4.001168
v -25.799105 84.770508 -4.001168
v -54.656158 84.770508 -2.419995
v -54.656158 84.770508 -2.419995
v -25.799105 84.770508 -2.419995
v -25.799105 84.770508 -2.419995
v -25.799105 108.597717 -2.419995
v -25.799105 108.597717 -2.419995
v -25.799105 108.597717 -4.001168
v -25.799105 108.597717 -4.001168
v -54.656158 108.597717 -2.419995
v -54.656158 108.597717 -2.419995
v 51.057369 -3.037336 3.267581
v 51.057369 -3.037336 3.267581
v 51.057369 -3.006371 -3.947089
v 51.057369 -3.006371 -3.947089
v 54.679031 -3.037336 3.267581
v 54.679031 -3.037336 3.267581
v 51.057369 52.949566 5.432837
v 51.057369 56.194977 5.432837
v 54.679031 52.949566 5.432837
v 54.679031 56.194977 5.432837
v 54.679031 111.121727 2.778774
v 54.679031 111.121727 -3.947089
v 54.679031 56.194977 -3.947089
v 54.679031 52.949566 -3.947089
v 54.679031 112.267952 -3.947089
v 54.679031 112.267952 2.582756
v 54.679031 113.329285 1.916207
v 51.057369 113.329285 1.916207
v 51.057369 114.093430 0.739953
v 51.057369 114.093430 0.739953
v 51.057369 112.267952 2.582756
v 51.057369 113.329285 -3.947089
v 51.057369 114.093430 -3.947089
v 51.057369 114.093430 -3.947089
v 54.679031 114.093430 -3.947089
v 54.679031 114.093430 -3.947089
v 54.679031 114.093430 0.739953
v 54.679031 114.093430 0.739953
v 54.679031 113.329285 -3.947089
v 51.057369 112.267952 -3.947089
v 51.057369 111.121727 -3.947089
v 51.057369 111.121727 2.778774
v 51.057369 56.194977 -3.947089
v 54.679031 -3.006371 -3.947089
v 54.679031 -3.006371 -3.947089
v 51.057369 52.949566 -3.947089
v 29.443563 -3.006371 -3.947089
v 29.443563 -3.006371 -3.947089
v 29.443563 -3.037336 3.267581
v 29.443563 -3.037336 3.267581
v 25.821884 -3.037336 3.267581
v 25.821884 -3.037336 3.267581
v 29.443563 52.949566 5.432837
v 29.443563 52.949566 -3.947089
v 29.443563 56.194977 -3.947089
v 29.443563 56.194977 5.432837
v 29.443563 111.121727 2.778774
v 29.443563 112.267952 2.582756
v 29.443563 111.121727 -3.947089
v 29.443563 112.267952 -3.947089
v 25.821884 56.194977 -3.947089
v 25.821884 111.121727 -3.947089
v 25.821884 52.949566 -3.947089
v 25.821884 112.267952 -3.947089
v 25.821884 113.329285 -3.947089
v 29.443563 113.329285 -3.947089
v 29.443563 114.093430 -3.947089
v 29.443563 114.093430 -3.947089
v 29.443563 114.093430 0.739953
v 29.443563 114.093430 0.739953
v 25.821884 114.093430 0.739953
v 25.821884 114.093430 0.739953
v 29.443563 113.329285 1.916207
v 25.821884 113.329285 1.916207
v 25.821884 114.093430 -3.947089
v 25.821884 114.093430 -3.947089
v 25.821884 112.267952 2.582756
v 25.821884 111.121727 2.778774
v 25.821884 56.194977 5.432837
v 25.821884 52.949566 5.432837
v 25.821884 -3.006371 -3.947089
v 25.821884 -3.006371 -3.947089
v 51.192730 57.725666 -0.094900
v 51.192730 57.725666 -0.094900
v 51.192730 49.811733 -0.094900
v 51.192730 49.811733 -0.094900
v 29.435352 49.811733 -0.094900
v 29.435352 49.811733 -0.094900
v 51.192730 49.811733 1.382309
v 51.192730 49.811733 1.382309
v 51.192730 57.725666 1.382309
v 51.192730 57.725666 1.382309
v 29.435352 49.811733 1.382309
v 29.435352 49.811733 1.382309
v 29.435352 57.725666 1.382309
v 29.435352 57.725666 1.382309
v 29.435352 57.725666 -0.094900
v 29.435352 57.725666 -0.094900
v 54.679031 108.597717 -4.001168
v 54.679031 108.597717 -4.001168
v 54.679031 84.770508 -4.001168
v 54.679031 84.770508 -4.001168
v 25.821978 84.770508 -4.001168
v 25.821978 84.770508 -4.001168
v 54.679031 84.770508 -2.419995
v 54.679031 84.770508 -2.419995
v 25.821978 84.770508 -2.419995
v 25.821978 84.770508 -2.419995
v 54.679031 108.597717 -2.419995
v 54.679031 108.597717 -2.419995
v 25.821978 108.597717 -2.419995
v 25.821978 108.597717 -2.419995
v 25.821978 108.597717 -4.001168
v 25.821978 108.597717 -4.001168
v -54.656158 16.882795 -3.937876
v -54.656158 16.882795 -3.937876
v -54.656158 16.882795 -5.869887
v -54.656158 16.882795 -5.869887
v -25.799105 16.882795 -5.869887
v -25.799105 16.882795 -5.869887
v -54.656158 14.691292 -5.869887
v -54.656158 14.691292 -5.869887
v -25.799105 16.882795 -3.937876
v -25.799105 16.882795 -3.937876
v -25.799105 14.691292 -3.937876
v -25.799105 14.691292 -3.937876
v -54.656158 14.691292 -3.937876
v -54.656158 14.691292 -3.937876
v -25.799105 14.691292 -5.869887
v -25.799105 14.691292 -5.869887
v -54.656158 25.597534 -5.869887
v -54.656158 25.597534 -5.869887
v -54.656158 27.789032 -5.869887
v -54.656158 27.789032 -5.869887
v -25.799105 27.789032 -5.869887
v -25.799105 27.789032 -5.869887
v -54.656158 27.789032 -3.937876
v -54.656158 27.789032 -3.937876
v -25.799105 27.789032 -3.937876
v -25.799105 27.789032 -3.937876
v -25.799105 25.597534 -3.937876
v -25.799105 25.597534 -3.937876
v -54.656158 25.597534 -3.937876
v -54.656158 25.597534 -3.937876
v -25.799105 25.597534 -5.869887
v -25.799105 25.597534 -5.869887
v -54.656158 33.187378 -5.869887
v -54.656158 33.187378 -5.869887
v -25.799105 33.187378 -5.869887
v -25.799105 33.187378 -5.869887
v -54.656158 30.995878 -5.869887
v -54.656158 30.995878 -5.869887
v -54.656158 33.187378 -3.937876
v -54.656158 33.187378 -3.937876
v -25.799105 33.187378 -3.937876
v -25.799105 33.187378 -3.937876
v -25.799105 30.995878 -3.937876
v -25.799105 30.995878 -3.937876
v -25.799105 30.995878 -5.869887
v -25.799105 30.995878 -5.869887
v -54.656158 30.995878 -3.937876
v -54.656158 30.995878 -3.937876
v -54.656158 38.433273 -5.869887
v -54.656158 38.433273 -5.869887
v -25.799105 38.433273 -5.869887
v -25.799105 38.433273 -5.869887
v -25.799105 36.241776 -5.869887
v -25.799105 36.241776 -5.869887
v -25.799105 38.433273 -3.937876
v -25.799105 38.433273 -3.937876
v -25.799105 36.241776 -3.937876
v -25.799105 36.241776 -3.937876
v -54.656158 36.241776 -3.937876
v -54.656158 36.241776 -3.937876
v -54.656158 38.433273 -3.937876
v -54.656158 38.433273 -3.937876
v -54.656158 36.241776 -5.869887
v -54.656158 36.241776 -5.869887
v -25.799105 43.928989 -5.869887
v -25.799105 43.928989 -5.869887
v -25.799105 41.737492 -5.869887
v -25.799105 41.737492 -5.869887
v -54.656158 41.737492 -5.869887
v -54.656158 41.737492 -5.869887
v -25.799105 41.737492 -3.937876
v -25.799105 41.737492 -3.937876
v -54.656158 41.737492 -3.937876
v -54.656158 41.737492 -3.937876
v -25.799105 43.928989 -3.937876
v -25.799105 43.928989 -3.937876
v -54.656158 43.928989 -3.937876
v -54.656158 43.928989 -3.937876
v -54.656158 43.928989 -5.869887
v -54.656158 43.928989 -5.869887
v -54.656158 49.424717 -5.869887
v -54.656158 49.424717 -5.869887
v -25.799105 49.424717 -5.869887
v -25.799105 49.424717 -5.869887
v -54.656158 47.233208 -5.869887
v -54.656158 47.233208 -5.869887
v -54.656158 49.424717 -3.937876
v -54.656158 49.424717 -3.937876
v -25.799105 49.424717 -3.937876
v -25.799105 49.424717 -3.937876
v -25.799105 47.233208 -3.937876
v -25.799105 47.233208 -3.937876
v -54.656158 47.233208 -3.937876
v -54.656158 47.233208 -3.937876
v -25.799105 47.233208 -5.869887
v -25.799105 47.233208 -5.869887
v -54.656158 54.500591 -5.869887
v -54.656158 54.500591 -5.869887
v -25.799105 54.500591 -5.869887
v -25.799105 54.500591 -5.869887
v -54.656158 52.309082 -5.869887
v -54.656158 52.309082 -5.869887
v -54.656158 54.500591 -3.937876
v -54.656158 54.500591 -3.937876
v -25.799105 54.500591 -3.937876
v -25.799105 54.500591 -3.937876
v -25.799105 52.309082 -3.937876
v -25.799105 52.309082 -3.937876
v -25.799105 52.309082 -5.869887
v -25.799105 52.309082 -5.869887
v -54.656158 52.309082 -3.937876
v -54.656158 52.309082 -3.937876
v -54.656158 60.002731 -5.869887
v -54.656158 60.002731 -5.869887
v -25.799105 60.002731 -5.869887
v -25.799105 60.002731 -5.869887
v -54.656158 57.811234 -5.869887
v -54.656158 57.811234 -5.869887
v -54.656158 60.002731 -3.937876
v -54.656158 60.002731 -3.937876
v -25.799105 60.002731 -3.937876
v -25.799105 60.002731 -3.937876
v -25.799105 57.811234 -3.937876
v -25.799105 57.811234 -3.937876
v -54.656158 57.811234 -3.937876
v -54.656158 57.811234 -3.937876
v -25.799105 57.811234 -5.869887
v -25.799105 57.811234 -5.869887
v -54.656158 65.401062 -5.869887
v -54.656158 65.401062 -5.869887
v -25.799105 65.401062 -5.869887
v -25.799105 65.401062 -5.869887
v -54.656158 63.209568 -5.869887
v -54.656158 63.209568 -5.869887
v -54.656158 65.401062 -3.937876
v -54.656158 65.401062 -3.937876
v -25.799105 65.401062 -3.937876
v -25.799105 65.401062 -3.937876
v -25.799105 63.209568 -3.937876
v -25.799105 63.209568 -3.937876
v -25.799105 63.209568 -5.869887
v -25.799105 63.209568 -5.869887
v -54.656158 63.209568 -3.937876
v -54.656158 63.209568 -3.937876
v -54.656158 70.646973 -5.869887
v -54.656158 70.646973 -5.869887
v -25.799105 70.646973 -5.869887
v -25.799105 70.646973 -5.869887
v -25.799105 68.455467 -5.869887
v -25.799105 68.455467 -5.869887
v -25.799105 70.646973 -3.937876
v -25.799105 70.646973 -3.937876
v -25.799105 68.455467 -3.937876
v -25.799105 68.455467 -3.937876
v -54.656158 68.455467 -3.937876
v -54.656158 68.455467 -3.937876
v -54.656158 68.455467 -5.869887
v -54.656158 68.455467 -5.869887
v -54.656158 70.646973 -3.937876
v -54.656158 70.646973 -3.937876
v -25.799105 76.142693 -5.869887
v -25.799105 76.142693 -5.869887
v -25.799105 73.951202 -5.869887
v -25.799105 73.951202 -5.869887
v -54.656158 73.951202 -5.869887
v -54.656158 73.951202 -5.869887
v -25.799105 73.951202 -3.937876
v -25.799105 73.951202 -3.937876
v -54.656158 73.951202 -3.937876
v -54.656158 73.951202 -3.937876
v -25.799105 76.142693 -3.937876
v -25.799105 76.142693 -3.937876
v -54.656158 76.142693 -3.937876
v -54.656158 76.142693 -3.937876
v -54.656158 76.142693 -5.869887
v -54.656158 76.142693 -5.869887
v -25.799105 81.638405 -5.869887
v -25.799105 81.638405 -5.869887
v -25.799105 79.446922 -5.869887
v -25.799105 79.446922 -5.869887
v -54.656158 79.446922 -5.869887
v -54.656158 79.446922 -5.869887
v -25.799105 79.446922 -3.937876
v -25.799105 79.446922 -3.937876
v -54.656158 79.446922 -3.937876
v -54.656158 79.446922 -3.937876
v -25.799105 81.638405 -3.937876
v -25.799105 81.638405 -3.937876
v -54.656158 81.638405 -3.937876
v -54.656158 81.638405 -3.937876
v -54.656158 81.638405 -5.869887
v -54.656158 81.638405 -5.869887
v -54.656158 86.955635 -5.869887
v -54.656158 86.955635 -5.869887
v -25.799105 86.955635 -5.869887
v -25.799105 86.955635 -5.869887
v -25.799105 84.764145 -5.869887
v -25.799105 84.764145 -5.869887
v -25.799105 86.955635 -3.937876
v -25.799105 86.955635 -3.937876
v -54.656158 84.764145 -3.937876
v -54.656158 84.764145 -3.937876
v -25.799105 84.764145 -3.937876
v -25.799105 84.764145 -3.937876
v -54.656158 84.764145 -5.869887
v -54.656158 84.764145 -5.869887
v -54.656158 86.955635 -3.937876
v -54.656158 86.955635 -3.937876
v -54.656158 90.266281 -5.869887
v -54.656158 90.266281 -5.869887
v -54.656158 90.266281 -3.937876
v -54.656158 90.266281 -3.937876
v -54.656158 92.457794 -3.937876
v -54.656158 92.457794 -3.937876
v -25.799105 90.266281 -3.937876
v -25.799105 90.266281 -3.937876
v -25.799105 92.457794 -3.937876
v -25.799105 92.457794 -3.937876
v -25.799105 90.266281 -5.869887
v -25.799105 90.266281 -5.869887
v -25.799105 92.457794 -5.869887
v -25.799105 92.457794 -5.869887
v -54.656158 92.457794 -5.869887
v -54.656158 92.457794 -5.869887
v -54.656158 95.664612 -5.869887
v -54.656158 95.664612 -5.869887
v -54.656158 97.856102 -5.869887
v -54.656158 97.856102 -5.869887
v -25.799105 97.856102 -5.869887
v -25.799105 97.856102 -5.869887
v -54.656158 97.856102 -3.937876
v -54.656158 97.856102 -3.937876
v -25.799105 97.856102 -3.937876
v -25.799105 97.856102 -3.937876
v -25.799105 95.664612 -3.937876
v -25.799105 95.664612 -3.937876
v -54.656158 95.664612 -3.937876
v -54.656158 95.664612 -3.937876
v -25.799105 95.664612 -5.869887
v -25.799105 95.664612 -5.869887
v -25.799105 103.101997 -5.869887
v -25.799105 103.101997 -5.869887
v -25.799105 100.910507 -5.869887
v -25.799105 100.910507 -5.869887
v -54.656158 100.910507 -5.869887
v -54.656158 100.910507 -5.869887
v -25.799105 100.910507 -3.937876
v -25.799105 100.910507 -3.937876
v -25.799105 103.101997 -3.937876
v -25.799105 103.101997 -3.937876
v -54.656158 100.910507 -3.937876
v -54.656158 100.910507 -3.937876
v -54.656158 103.101997 -3.937876
v -54.656158 103.101997 -3.937876
v -54.656158 103.101997 -5.869887
v -54.656158 103.101997 -5.869887
v -25.799105 108.597717 -5.869887
v -25.799105 108.597717 -5.869887
v -25.799105 106.406242 -5.869887
v -25.799105 106.406242 -5.869887
v -54.656158 106.406242 -5.869887
v -54.656158 106.406242 -5.869887
v -25.799105 106.406242 -3.937876
v -25.799105 106.406242 -3.937876
v -54.656158 106.406242 -3.937876
v -54.656158 106.406242 -3.937876
v -25.799105 108.597717 -3.937876
v -25.799105 108.597717 -3.937876
v -54.656158 108.597717 -3.937876
v -54.656158 108.597717 -3.937876
v -54.656158 108.597717 -5.869887
v -54.656158 108.597717 -5.869887
v -25.799105 114.093414 -5.869887
v -25.799105 114.093414 -5.869887
v -25.799105 111.901901 -5.869887
v -25.799105 111.901901 -5.869887
v -54.656158 111.901901 -5.869887
v -54.656158 111.901901 -5.869887
v -25.799105 111.901901 -3.937876
v -25.799105 111.901901 -3.937876
v -54.656158 111.901901 -3.937876
v -54.656158 111.901901 -3.937876
v -25.799105 114.093414 -3.937876
v -25.799105 114.093414 -3.937876
v -54.656158 114.093414 -3.937876
v -54.656158 114.093414 -3.937876
v -54.656158 114.093414 -5.869887
v -54.656158 114.093414 -5.869887
v -25.799105 22.286884 -5.869887
v -25.799105 22.286884 -5.869887
v -25.799105 20.095385 -5.869887
v -25.799105 20.095385 -5.869887
v -54.656158 20.095385 -5.869887
v -54.656158 20.095385 -5.869887
v -25.799105 20.095385 -3.937876
v -25.799105 20.095385 -3.937876
v -54.656158 20.095385 -3.937876
v -54.656158 20.095385 -3.937876
v -25.799105 22.286884 -3.937876
v -25.799105 22.286884 -3.937876
v -54.656158 22.286884 -3.937876
v -54.656158 22.286884 -3.937876
v -54.656158 22.286884 -5.869887
v -54.656158 22.286884 -5.869887
v -25.799105 9.243468 -5.869887
v -25.799105 9.243468 -5.869887
v -54.656158 9.243468 -5.869887
v -54.656158 9.243468 -5.869887
v -25.799105 11.434972 -5.869887
v -25.799105 11.434972 -5.869887
v -25.799105 9.243468 -3.937876
v -25.799105 9.243468 -3.937876
v -54.656158 9.243468 -3.937876
v -54.656158 9.243468 -3.937876
v -25.799105 11.434972 -3.937876
v -25.799105 11.434972 -3.937876
v -54.656158 11.434972 -3.937876
v -54.656158 11.434972 -3.937876
v -54.656158 11.434972 -5.869887
v -54.656158 11.434972 -5.869887
v -39.723598 1.003227 -0.951699
v -39.723598 1.003227 -0.951699
v -39.523846 1.003227 -0.469483
v -39.523846 1.003227 -0.469483
v -39.723598 1.003227 0.012808
v -39.723598 1.003227 0.012808
v -39.523846 84.794029 -3.219345
v -39.523846 84.794029 -3.219345
v -39.723598 84.794029 -2.737054
v -39.723598 84.794029 -2.737054
v -39.723598 84.794029 -3.701561
v -39.723598 84.794029 -3.701561
v -40.205853 84.794029 -3.901324
v -40.205853 84.794029 -3.901324
v -40.205853 1.003227 -1.151462
v -40.205853 1.003227 -1.151462
v -40.688107 1.003227 -0.951699
v -40.688107 1.003227 -0.951699
v -40.887859 1.003227 -0.469483
v -40.887859 1.003227 -0.469483
v -40.688107 84.794029 -3.701561
v -40.688107 84.794029 -3.701561
v -40.887859 84.794029 -3.219345
v -40.887859 84.794029 -3.219345
v -40.688107 84.794029 -2.737054
v -40.688107 84.794029 -2.737054
v -40.205853 1.003227 0.212571
v -40.205853 1.003227 0.212571
v -40.688107 1.003227 0.012808
v -40.688107 1.003227 0.012808
v -40.205853 84.794029 -2.537366
v -40.205853 84.794029 -2.537366
v 40.954288 1.003227 -0.469483
v 40.954288 1.003227 -0.469483
v 40.754536 1.003227 0.012808
v 40.754536 1.003227 0.012808
v 40.754536 1.003227 -0.951699
v 40.754536 1.003227 -0.951699
v 40.954288 84.794029 -3.219345
v 40.954288 84.794029 -3.219345
v 40.754536 84.794029 -2.737054
v 40.754536 84.794029 -2.737054
v 40.754536 84.794029 -3.701561
v 40.754536 84.794029 -3.701561
v 40.272282 84.794029 -3.901324
v 40.272282 84.794029 -3.901324
v 40.272282 1.003227 -1.151462
v 40.272282 1.003227 -1.151462
v 39.790028 1.003227 -0.951699
v 39.790028 1.003227 -0.951699
v 39.590275 1.003227 -0.469483
v 39.590275 1.003227 -0.469483
v 39.790028 84.794029 -3.701561
v 39.790028 84.794029 -3.701561
v 39.590275 84.794029 -3.219345
v 39.590275 84.794029 -3.219345
v 39.790028 84.794029 -2.737054
v 39.790028 84.794029 -2.737054
v 39.790028 1.003227 0.012808
v 39.790028 1.003227 0.012808
v 40.272282 1.003227 0.212571
v 40.272282 1.003227 0.212571
v 40.272282 84.794029 -2.537366
v 40.272282 84.794029 -2.537366
v 12.138700 2.205402 -0.802795
v 12.138700 2.346891 0.000000
v 12.138625 2.205402 0.802645
v 12.138700 -2.205477 -0.802795
v 12.138625 -1.797863 -1.508668
v 12.138700 -2.347041 0.000000
v 57.459702 -1.797863 -1.508668
v 57.459625 -2.205552 -0.802720
v 57.459625 -2.347041 0.000000
v 57.459702 -0.407540 -2.311313
v 57.459625 -1.173483 -2.032529
v 57.459625 0.407540 -2.311313
v 57.459625 1.797863 -1.508668
v 57.459702 1.173408 -2.032529
v 57.459702 -1.173483 2.032529
v 57.459625 -0.407540 2.311313
v 57.459625 -1.797863 1.508593
v 57.459625 2.205402 -0.802720
v 57.459625 0.407540 2.311313
v 57.459625 2.346891 0.000000
v 57.459625 -2.205552 0.802645
v 57.459625 1.173408 2.032529
v 57.459702 1.797863 1.508593
v 57.459625 2.205402 0.802645
v 12.138700 -1.173483 -2.032604
v 12.138625 -0.407540 -2.311313
v 12.138625 -0.407540 2.311238
v 12.138625 -1.173483 2.032529
v 12.138625 -1.797863 1.508518
v 12.138625 0.407540 2.311238
v 12.138625 1.797863 -1.508668
v 12.138625 1.173483 -2.032604
v 12.138700 1.173483 2.032529
v 12.138625 1.797863 1.508518
v 12.138700 -2.205477 0.802645
v 12.138700 0.407540 -2.311313
v 51.137707 2.948950 2.474299
v 51.137707 3.617372 1.316545
v 51.137783 1.924896 3.333570
v 51.137783 -1.924521 -3.333719
v 51.137783 -2.948651 -2.474374
v 51.137783 -3.617147 -1.316620
v 42.461182 -2.948725 -2.474449
v 42.461109 -1.924596 -3.333719
v 42.461109 -3.617147 -1.316620
v 42.461109 -0.668347 -3.790919
v 42.461182 0.668572 -3.790919
v 42.461109 1.924821 -3.333719
v 42.461109 2.948950 -2.474449
v 42.461109 3.617372 -1.316620
v 42.461109 3.849567 -0.000075
v 42.461109 3.617372 1.316470
v 42.461109 -3.849342 -0.000075
v 42.461109 -3.617147 1.316470
v 42.461109 -2.948725 2.474299
v 42.461109 -1.924596 3.333570
v 42.461109 -0.668347 3.790844
v 42.461109 0.668572 3.790844
v 42.461109 1.924821 3.333570
v 42.461109 2.948950 2.474299
v 51.137707 -3.849267 0.000000
v 51.137707 -0.668272 -3.790919
v 51.137783 -3.617147 1.316545
v 51.137707 -2.948651 2.474299
v 51.137707 1.924896 -3.333719
v 51.137783 0.668646 -3.790919
v 51.137707 2.948950 -2.474374
v 51.137783 3.617372 -1.316620
v 51.137707 -0.668272 3.790844
v 51.137707 0.668646 3.790844
v 51.137707 -1.924521 3.333570
v 51.137707 3.849567 0.000000
v 38.098839 1.924821 3.333570
v 38.098839 2.948950 2.474299
v 38.098915 3.617372 1.316470
v 38.098915 -3.849267 -0.000075
v 38.098839 -3.617147 1.316470
v 38.098915 -3.617147 -1.316620
v 29.422239 -3.849267 -0.000075
v 29.422165 -3.617147 1.316470
v 29.422239 -3.617147 -1.316620
v 29.422165 -2.948725 -2.474449
v 29.422165 -1.924521 -3.333719
v 29.422239 -0.668272 -3.790919
v 29.422165 0.668646 -3.790919
v 29.422165 1.924896 -3.333719
v 29.422239 2.948950 -2.474449
v 29.422165 3.617372 -1.316620
v 29.422165 3.849567 -0.000075
v 29.422165 3.617372 1.316470
v 29.422165 -0.668272 3.790844
v 29.422239 -1.924521 3.333570
v 29.422165 -2.948725 2.474299
v 29.422239 0.668646 3.790844
v 29.422165 1.924896 3.333570
v 29.422165 2.948950 2.474299
v 38.098915 0.668572 -3.790919
v 38.098915 -0.668272 -3.790919
v 38.098839 -1.924521 -3.333719
v 38.098915 1.924821 -3.333719
v 38.098915 -2.948725 2.474299
v 38.098915 -1.924521 3.333570
v 38.098839 -0.668272 3.790844
v 38.098915 -2.948725 -2.474449
v 38.098915 2.948950 -2.474449
v 38.098839 3.617372 -1.316620
v 38.098915 0.668572 3.790844
v 38.098915 3.849567 -0.000075
v -12.138625 1.797863 1.508518
v -12.138700 2.205402 0.802645
v -12.138700 2.346966 0.000000
v -12.138700 -2.205402 -0.802795
v -12.138700 -2.347041 0.000000
v -12.138625 -1.797863 -1.508668
v -57.403225 -2.205402 0.802645
v -57.403225 -2.347041 0.000000
v -57.403225 -2.205402 -0.802795
v -57.403225 -1.797863 1.508518
v -57.403297 -1.173483 2.032529
v -57.403297 -0.407540 2.311238
v -57.403297 0.407540 2.311238
v -57.403225 1.173483 2.032529
v -57.403297 1.797863 1.508518
v -57.403297 2.205402 0.802645
v -57.403297 -1.797863 -1.508668
v -57.403225 -1.173483 -2.032604
v -57.403297 -0.407540 -2.311313
v -57.403297 1.173483 -2.032604
v -57.403297 1.797863 -1.508668
v -57.403225 0.407540 -2.311313
v -57.403225 2.205402 -0.802795
v -57.403225 2.346966 0.000000
v -12.138700 -2.205402 0.802645
v -12.138700 -1.797863 1.508518
v -12.138625 -1.173483 2.032529
v -12.138700 2.205402 -0.802795
v -12.138625 1.797863 -1.508668
v -12.138700 1.173483 2.032529
v -12.138625 0.407540 2.311238
v -12.138700 -1.173483 -2.032604
v -12.138625 -0.407540 -2.311313
v -12.138700 0.407540 -2.311313
v -12.138625 1.173483 -2.032604
v -12.138700 -0.407540 2.311238
v -29.340372 3.617447 1.316470
v -29.340372 3.849567 -0.000075
v -29.340372 2.948950 2.474299
v -29.340298 0.668572 -3.790919
v -29.340372 -0.668347 -3.790919
v -29.340372 -1.924596 -3.333719
v -38.017048 -1.924521 -3.333719
v -38.017048 -0.668272 -3.790919
v -38.017048 -2.948725 -2.474449
v -38.016972 -1.924521 3.333570
v -38.017048 -2.948725 2.474299
v -38.017048 -3.617147 1.316470
v -38.017048 -0.668272 3.790844
v -38.017048 1.924821 3.333570
v -38.016972 0.668572 3.790844
v -38.017048 2.948950 2.474299
v -38.016972 -3.617147 -1.316620
v -38.017048 -3.849267 -0.000075
v -38.017048 1.924821 -3.333719
v -38.017048 0.668572 -3.790919
v -38.017048 2.948950 -2.474449
v -38.017048 3.617372 -1.316620
v -38.017048 3.849492 -0.000075
v -38.017048 3.617372 1.316470
v -29.340372 -3.617147 1.316470
v -29.340372 -2.948725 2.474299
v -29.340298 -3.849342 -0.000075
v -29.340372 1.924896 -3.333719
v -29.340298 -1.924596 3.333570
v -29.340298 2.948950 -2.474449
v -29.340372 3.617447 -1.316620
v -29.340372 1.924896 3.333570
v -29.340298 0.668572 3.790844
v -29.340298 -2.948725 -2.474449
v -29.340298 -3.617147 -1.316620
v -29.340372 -0.668347 3.790844
v -42.379238 3.617372 1.316470
v -42.379238 3.849567 -0.000075
v -42.379314 2.948950 2.474299
v -42.379238 -3.617147 -1.316620
v -42.379238 -3.849267 -0.000075
v -42.379314 -2.948725 -2.474449
v -51.055916 -3.617072 -1.316620
v -51.055916 -2.948651 -2.474449
v -51.055916 -3.849267 -0.000075
v -51.055916 -1.924521 -3.333719
v -51.055840 -0.668272 -3.790919
v -51.055840 -2.948651 2.474299
v -51.055916 -3.617072 1.316470
v -51.055916 0.668646 -3.790919
v -51.055916 -1.924521 3.333570
v -51.055840 1.924896 -3.333719
v -51.055916 0.668646 3.790844
v -51.055916 -0.668272 3.790844
v -51.055916 1.924896 3.333570
v -51.055916 3.617447 -1.316620
v -51.055840 3.849567 -0.000075
v -51.055840 2.948950 -2.474449
v -51.055916 2.948950 2.474299
v -51.055840 3.617447 1.316470
v -42.379238 -2.948725 2.474299
v -42.379238 -1.924521 3.333570
v -42.379314 -3.617147 1.316470
v -42.379314 -0.668272 3.790844
v -42.379238 0.668572 3.790844
v -42.379314 1.924821 3.333570
v -42.379314 -1.924521 -3.333719
v -42.379238 -0.668272 -3.790919
v -42.379314 0.668572 -3.790919
v -42.379238 1.924821 -3.333719
v -42.379238 2.948950 -2.474449
v -42.379314 3.617372 -1.316620
v -28.950275 44.436028 4.071575
v -28.950275 44.682117 3.677892
v -28.950275 44.767597 3.230131
v -28.950275 42.018391 2.782444
v -28.950275 41.932911 3.230131
v -28.950275 42.264511 2.388761
v -51.201061 42.018391 2.782444
v -51.201061 42.264511 2.388761
v -51.201061 41.932911 3.230131
v -51.201061 43.104130 1.941000
v -51.201061 43.596371 1.941000
v -51.201061 42.641582 2.096495
v -51.201061 44.058926 2.096495
v -51.201061 44.436028 2.388761
v -51.201061 44.682117 2.782444
v -51.201061 44.767597 3.230131
v -51.201061 44.436028 4.071575
v -51.201061 44.058926 4.363841
v -51.201061 43.596371 4.519337
v -51.201061 44.682117 3.677892
v -51.201061 42.018391 3.677892
v -51.201061 42.264511 4.071575
v -51.201061 42.641582 4.363841
v -51.201061 43.104130 4.519337
v -28.950275 43.104130 1.941000
v -28.950275 42.641582 2.096495
v -28.950275 42.018391 3.677892
v -28.950275 43.596371 1.941000
v -28.950275 42.264511 4.071575
v -28.950275 44.058926 2.096495
v -28.950275 42.641582 4.363841
v -28.950275 44.682117 2.782444
v -28.950275 44.436028 2.388761
v -28.950275 43.104130 4.519337
v -28.950275 43.596371 4.519337
v -28.950275 44.058926 4.363841
v -51.201061 74.764893 3.017710
v -51.201061 74.518806 3.411468
v -51.201061 74.850388 2.570023
v -51.201061 72.101181 2.122336
v -51.201061 72.347298 1.728654
v -51.201061 72.015709 2.570023
v -28.950275 72.347298 1.728654
v -28.950275 72.724350 1.436388
v -28.950275 72.101181 2.122336
v -28.950275 73.186928 3.859154
v -28.950275 73.679161 3.859154
v -28.950275 72.724350 3.703659
v -28.950275 74.850388 2.570023
v -28.950275 74.764893 2.122336
v -28.950275 74.518806 1.728654
v -28.950275 74.764893 3.017710
v -28.950275 72.101181 3.017710
v -28.950275 72.015709 2.570023
v -28.950275 73.186928 1.280892
v -28.950275 73.679161 1.280892
v -28.950275 72.347298 3.411468
v -28.950275 74.141716 1.436388
v -28.950275 74.141716 3.703659
v -28.950275 74.518806 3.411468
v -51.201061 72.724350 1.436388
v -51.201061 73.186928 1.280892
v -51.201061 72.347298 3.411468
v -51.201061 72.101181 3.017710
v -51.201061 73.186928 3.859154
v -51.201061 72.724350 3.703659
v -51.201061 74.141716 1.436388
v -51.201061 74.518806 1.728654
v -51.201061 73.679161 1.280892
v -51.201061 73.679161 3.859154
v -51.201061 74.764893 2.122336
v -51.201061 74.141716 3.703659
v -28.950275 10.415810 2.763569
v -28.950275 10.501295 2.315882
v -28.950275 10.169720 3.157251
v -28.950275 7.752084 1.868120
v -28.950275 7.666607 2.315882
v -28.950275 7.998197 1.474438
v -51.201061 7.998197 1.474438
v -51.201061 7.752084 1.868120
v -51.201061 7.666607 2.315882
v -51.201061 8.375265 1.182247
v -51.201061 8.837830 1.026751
v -51.201061 9.330059 1.026751
v -51.201061 9.792619 1.182247
v -51.201061 10.169720 1.474438
v -51.201061 10.415810 1.868120
v -51.201061 10.501295 2.315882
v -51.201061 7.752084 2.763569
v -51.201061 7.998197 3.157251
v -51.201061 9.330059 3.605013
v -51.201061 8.837830 3.605013
v -51.201061 8.375265 3.449517
v -51.201061 10.169720 3.157251
v -51.201061 9.792619 3.449517
v -51.201061 10.415810 2.763569
v -28.950275 8.837830 1.026751
v -28.950275 8.375265 1.182247
v -28.950275 9.330059 1.026751
v -28.950275 7.752084 2.763569
v -28.950275 7.998197 3.157251
v -28.950275 9.792619 1.182247
v -28.950275 8.375265 3.449517
v -28.950275 10.415810 1.868120
v -28.950275 10.169720 1.474438
v -28.950275 9.792619 3.449517
v -28.950275 9.330059 3.605013
v -28.950275 8.837830 3.605013
v 51.527855 44.436028 4.071575
v 51.527855 44.682117 3.677892
v 51.527855 44.767597 3.230131
v 51.527855 43.104130 1.941000
v 51.527855 42.641582 2.096495
v 51.527855 42.264511 2.388761
v 29.277077 42.264511 2.388761
v 29.277077 42.641582 2.096495
v 29.277077 42.018391 2.782444
v 29.277077 44.436028 2.388761
v 29.277077 44.682117 2.782444
v 29.277077 44.058926 2.096495
v 29.277077 44.058926 4.363841
v 29.277077 43.596371 4.519337
v 29.277077 43.104130 4.519337
v 29.277077 44.436028 4.071575
v 29.277077 44.682117 3.677892
v 29.277077 41.932911 3.230131
v 29.277077 42.018391 3.677892
v 29.277077 42.264511 4.071575
v 29.277077 43.596371 1.941000
v 29.277077 43.104130 1.941000
v 29.277077 42.641582 4.363841
v 29.277077 44.767597 3.230131
v 51.527855 42.018391 3.677892
v 51.527855 42.264511 4.071575
v 51.527855 41.932911 3.230131
v 51.527855 43.596371 4.519337
v 51.527855 44.058926 4.363841
v 51.527855 43.104130 4.519337
v 51.527855 42.018391 2.782444
v 51.527855 43.596371 1.941000
v 51.527855 44.058926 2.096495
v 51.527855 42.641582 4.363841
v 51.527855 44.436028 2.388761
v 51.527855 44.682117 2.782444
v 51.527855 74.518806 3.411468
v 51.527855 74.764893 3.017710
v 51.527855 74.850388 2.570023
v 51.527855 73.186928 1.280892
v 51.527855 72.724350 1.436388
v 51.527855 72.347298 1.728654
v 29.277077 72.724350 1.436388
v 29.277077 72.347298 1.728654
v 29.277077 72.101181 2.122336
v 29.277077 72.015709 2.570023
v 29.277077 72.101181 3.017710
v 29.277077 72.347298 3.411468
v 29.277077 72.724350 3.703659
v 29.277077 73.186928 3.859154
v 29.277077 73.679161 3.859154
v 29.277077 74.141716 3.703659
v 29.277077 74.518806 3.411468
v 29.277077 74.764893 3.017710
v 29.277077 74.141716 1.436388
v 29.277077 74.518806 1.728654
v 29.277077 73.679161 1.280892
v 29.277077 74.764893 2.122336
v 29.277077 74.850388 2.570023
v 29.277077 73.186928 1.280892
v 51.527855 72.015709 2.570023
v 51.527855 72.101181 3.017710
v 51.527855 72.101181 2.122336
v 51.527855 73.679161 1.280892
v 51.527855 72.347298 3.411468
v 51.527855 74.518806 1.728654
v 51.527855 74.141716 1.436388
v 51.527855 74.764893 2.122336
v 51.527855 73.186928 3.859154
v 51.527855 73.679161 3.859154
v 51.527855 72.724350 3.703659
v 51.527855 74.141716 3.703659
v 51.527855 10.169720 3.157251
v 51.527855 10.415810 2.763569
v 51.527855 10.501295 2.315882
v 51.527855 8.375265 1.182247
v 51.527855 7.998197 1.474438
v 51.527855 7.752084 1.868120
v 29.277077 7.752084 1.868120
v 29.277077 7.998197 1.474438
v 29.277077 7.666607 2.315882
v 29.277077 7.998197 3.157251
v 29.277077 7.752084 2.763569
v 29.277077 10.169720 1.474438
v 29.277077 10.415810 1.868120
v 29.277077 9.792619 1.182247
v 29.277077 10.501295 2.315882
v 29.277077 10.415810 2.763569
v 29.277077 10.169720 3.157251
v 29.277077 9.792619 3.449517
v 29.277077 8.837830 1.026751
v 29.277077 8.375265 1.182247
v 29.277077 9.330059 1.026751
v 29.277077 8.375265 3.449517
v 29.277077 8.837830 3.605013
v 29.277077 9.330059 3.605013
v 51.527855 9.330059 1.026751
v 51.527855 8.837830 1.026751
v 51.527855 10.169720 1.474438
v 51.527855 9.792619 1.182247
v 51.527855 10.415810 1.868120
v 51.527855 9.330059 3.605013
v 51.527855 9.792619 3.449517
v 51.527855 8.837830 3.605013
v 51.527855 7.666607 2.315882
v 51.527855 7.752084 2.763569
v 51.527855 7.998197 3.157251
v 51.527855 8.375265 3.449517
vt 0.627034 0.031633
vt 0.627721 0.031633
vt 0.627721 0.031633
vt 0.627034 0.031633
vt 0.627721 0.030854
vt 0.627721 0.031633
vt 0.627721 0.031633
vt 0.627721 0.030854
vt 0.627721 0.030854
vt 0.627721 0.031633
vt 0.627034 0.030854
vt 0.627721 0.030854
vt 0.627721 0.030854
vt 0.627034 0.030854
vt 0.627034 0.031633
vt 0.627721 0.030854
vt 0.627034 0.030854
vt 0.627721 0.031633
vt 0.627034 0.031633
vt 0.627034 0.031633
vt 0.627034 0.031633
vt 0.627034 0.030854
vt 0.627034 0.030854
vt 0.627034 0.030854
vt 0.627034 0.035512
vt 0.627034 0.034733
vt 0.627034 0.034733
vt 0.627034 0.035512
vt 0.627034 0.034733
vt 0.627721 0.034733
vt 0.627034 0.034733
vt 0.627034 0.034733
vt 0.627721 0.034733
vt 0.627721 0.034733
vt 0.627721 0.035512
vt 0.627721 0.034733
vt 0.627721 0.035512
vt 0.627034 0.035512
vt 0.627721 0.035512
vt 0.627721 0.034733
vt 0.627721 0.034733
vt 0.627034 0.034733
vt 0.627034 0.035512
vt 0.627034 0.035512
vt 0.627721 0.035512
vt 0.627034 0.035512
vt 0.627721 0.035512
vt 0.627721 0.035512
vt 0.627034 0.037432
vt 0.627034 0.036652
vt 0.627721 0.036652
vt 0.627721 0.037432
vt 0.627034 0.036652
vt 0.627721 0.036652
vt 0.627721 0.036652
vt 0.627721 0.037432
vt 0.627721 0.036652
vt 0.627721 0.036652
vt 0.627034 0.037432
vt 0.627721 0.037432
vt 0.627721 0.036652
vt 0.627034 0.036652
vt 0.627721 0.037432
vt 0.627034 0.036652
vt 0.627034 0.037432
vt 0.627034 0.036652
vt 0.627034 0.036652
vt 0.627034 0.037432
vt 0.627034 0.037432
vt 0.627721 0.037432
vt 0.627034 0.037432
vt 0.627721 0.037432
vt 0.627034 0.039297
vt 0.627034 0.038518
vt 0.627034 0.038518
vt 0.627034 0.039297
vt 0.627034 0.038518
vt 0.627721 0.038518
vt 0.627034 0.038518
vt 0.627034 0.038518
vt 0.627721 0.038518
vt 0.627721 0.038518
vt 0.627034 0.039297
vt 0.627721 0.039297
vt 0.627721 0.038518
vt 0.627034 0.038518
vt 0.627721 0.039297
vt 0.627721 0.038518
vt 0.627721 0.039297
vt 0.627721 0.038518
vt 0.627721 0.039297
vt 0.627034 0.039297
vt 0.627721 0.039297
vt 0.627721 0.039297
vt 0.627034 0.039297
vt 0.627034 0.039297
vt 0.627034 0.041252
vt 0.627034 0.041252
vt 0.627034 0.040472
vt 0.627034 0.040472
vt 0.627034 0.041252
vt 0.627721 0.041252
vt 0.627034 0.041252
vt 0.627034 0.041252
vt 0.627034 0.040472
vt 0.627721 0.040472
vt 0.627721 0.041252
vt 0.627721 0.041252
vt 0.627721 0.041252
vt 0.627721 0.040472
vt 0.627721 0.041252
vt 0.627034 0.041252
vt 0.627721 0.041252
vt 0.627721 0.040472
vt 0.627721 0.040472
vt 0.627034 0.040472
vt 0.627721 0.040472
vt 0.627721 0.040472
vt 0.627034 0.040472
vt 0.627034 0.040472
vt 0.627034 0.043206
vt 0.627034 0.043206
vt 0.627034 0.042427
vt 0.627034 0.042427
vt 0.627034 0.043206
vt 0.627721 0.043206
vt 0.627034 0.043206
vt 0.627034 0.043206
vt 0.627034 0.042427
vt 0.627721 0.042427
vt 0.627721 0.043206
vt 0.627721 0.043206
vt 0.627034 0.043206
vt 0.627721 0.043206
vt 0.627721 0.042427
vt 0.627721 0.043206
vt 0.627721 0.042427
vt 0.627721 0.043206
vt 0.627034 0.042427
vt 0.627721 0.042427
vt 0.627721 0.042427
vt 0.627034 0.042427
vt 0.627721 0.042427
vt 0.627034 0.042427
vt 0.627034 0.045011
vt 0.627034 0.045011
vt 0.627034 0.044232
vt 0.627034 0.045011
vt 0.627721 0.044232
vt 0.627034 0.044232
vt 0.627034 0.044232
vt 0.627034 0.044232
vt 0.627034 0.044232
vt 0.627721 0.044232
vt 0.627721 0.045011
vt 0.627721 0.044232
vt 0.627721 0.044232
vt 0.627721 0.045011
vt 0.627721 0.044232
vt 0.627721 0.045011
vt 0.627034 0.045011
vt 0.627721 0.045011
vt 0.627721 0.045011
vt 0.627034 0.045011
vt 0.627034 0.045011
vt 0.627034 0.044232
vt 0.627721 0.044232
vt 0.627721 0.045011
vt 0.627034 0.046968
vt 0.627034 0.046189
vt 0.627034 0.046189
vt 0.627034 0.046968
vt 0.627034 0.046189
vt 0.627721 0.046189
vt 0.627034 0.046189
vt 0.627034 0.046189
vt 0.627721 0.046189
vt 0.627721 0.046189
vt 0.627721 0.046968
vt 0.627721 0.046189
vt 0.627721 0.046189
vt 0.627721 0.046968
vt 0.627034 0.046968
vt 0.627721 0.046968
vt 0.627721 0.046189
vt 0.627034 0.046189
vt 0.627034 0.046968
vt 0.627721 0.046968
vt 0.627034 0.046968
vt 0.627034 0.046968
vt 0.627721 0.046968
vt 0.627721 0.046968
vt 0.627034 0.048888
vt 0.627034 0.048888
vt 0.627034 0.048109
vt 0.627034 0.048109
vt 0.627034 0.048888
vt 0.627721 0.048888
vt 0.627034 0.048888
vt 0.627034 0.048888
vt 0.627034 0.048109
vt 0.627721 0.048109
vt 0.627721 0.048888
vt 0.627721 0.048888
vt 0.627721 0.048888
vt 0.627721 0.048109
vt 0.627721 0.048888
vt 0.627034 0.048888
vt 0.627721 0.048888
vt 0.627721 0.048109
vt 0.627034 0.048109
vt 0.627034 0.048109
vt 0.627034 0.048109
vt 0.627721 0.048109
vt 0.627721 0.048109
vt 0.627721 0.048109
vt 0.627034 0.050754
vt 0.627034 0.050754
vt 0.627034 0.049974
vt 0.627034 0.050754
vt 0.627721 0.050754
vt 0.627034 0.050754
vt 0.627034 0.050754
vt 0.627721 0.049974
vt 0.627034 0.049974
vt 0.627721 0.050754
vt 0.627721 0.050754
vt 0.627721 0.049974
vt 0.627721 0.049974
vt 0.627721 0.050754
vt 0.627034 0.049974
vt 0.627721 0.049974
vt 0.627721 0.049974
vt 0.627034 0.049974
vt 0.627034 0.049974
vt 0.627034 0.050754
vt 0.627034 0.049974
vt 0.627721 0.049974
vt 0.627721 0.050754
vt 0.627721 0.050754
vt 0.627034 0.052708
vt 0.627034 0.051929
vt 0.627034 0.051929
vt 0.627034 0.052708
vt 0.627034 0.051929
vt 0.627721 0.051929
vt 0.627034 0.051929
vt 0.627034 0.051929
vt 0.627721 0.051929
vt 0.627721 0.051929
vt 0.627721 0.052708
vt 0.627721 0.051929
vt 0.627721 0.051929
vt 0.627721 0.052708
vt 0.627034 0.052708
vt 0.627721 0.052708
vt 0.627721 0.051929
vt 0.627034 0.051929
vt 0.627034 0.052708
vt 0.627034 0.052708
vt 0.627721 0.052708
vt 0.627034 0.052708
vt 0.627721 0.052708
vt 0.627721 0.052708
vt 0.627034 0.054662
vt 0.627034 0.054662
vt 0.627034 0.053883
vt 0.627034 0.053883
vt 0.627034 0.054662
vt 0.627721 0.054662
vt 0.627034 0.054662
vt 0.627034 0.054662
vt 0.627034 0.053883
vt 0.627721 0.053883
vt 0.627721 0.054662
vt 0.627721 0.054662
vt 0.627721 0.054662
vt 0.627721 0.053883
vt 0.627721 0.054662
vt 0.627034 0.054662
vt 0.627721 0.054662
vt 0.627721 0.053883
vt 0.627721 0.053883
vt 0.627034 0.053883
vt 0.627721 0.053883
vt 0.627721 0.053883
vt 0.627034 0.053883
vt 0.627034 0.053883
vt 0.627034 0.056553
vt 0.627034 0.056553
vt 0.627034 0.055774
vt 0.627034 0.056553
vt 0.627721 0.055774
vt 0.627034 0.055774
vt 0.627034 0.055774
vt 0.627034 0.055774
vt 0.627034 0.055774
vt 0.627721 0.055774
vt 0.627721 0.056553
vt 0.627721 0.055774
vt 0.627721 0.055774
vt 0.627721 0.055774
vt 0.627721 0.056553
vt 0.627721 0.056553
vt 0.627034 0.056553
vt 0.627721 0.056553
vt 0.627721 0.056553
vt 0.627034 0.056553
vt 0.627034 0.056553
vt 0.627721 0.055774
vt 0.627721 0.056553
vt 0.627034 0.055774
vt 0.627034 0.058510
vt 0.627034 0.058510
vt 0.627034 0.057731
vt 0.627034 0.058510
vt 0.627721 0.058510
vt 0.627034 0.058510
vt 0.627034 0.058510
vt 0.627721 0.057731
vt 0.627034 0.057731
vt 0.627721 0.058510
vt 0.627721 0.058510
vt 0.627721 0.057731
vt 0.627721 0.057731
vt 0.627721 0.058510
vt 0.627034 0.057731
vt 0.627721 0.057731
vt 0.627721 0.057731
vt 0.627034 0.057731
vt 0.627034 0.058510
vt 0.627034 0.057731
vt 0.627721 0.057731
vt 0.627034 0.057731
vt 0.627721 0.058510
vt 0.627721 0.058510
vt 0.627034 0.060430
vt 0.627034 0.060430
vt 0.627034 0.059650
vt 0.627034 0.060430
vt 0.627721 0.059650
vt 0.627034 0.059650
vt 0.627034 0.059650
vt 0.627034 0.059650
vt 0.627034 0.059650
vt 0.627721 0.059650
vt 0.627721 0.060430
vt 0.627721 0.059650
vt 0.627721 0.059650
vt 0.627721 0.059650
vt 0.627721 0.060430
vt 0.627721 0.060430
vt 0.627034 0.060430
vt 0.627721 0.060430
vt 0.627721 0.060430
vt 0.627034 0.060430
vt 0.627034 0.060430
vt 0.627721 0.059650
vt 0.627721 0.060430
vt 0.627034 0.059650
vt 0.627034 0.062295
vt 0.627721 0.061516
vt 0.627721 0.062295
vt 0.627034 0.062295
vt 0.627721 0.062295
vt 0.627721 0.062295
vt 0.627721 0.062295
vt 0.627721 0.061516
vt 0.627721 0.061516
vt 0.627721 0.062295
vt 0.627034 0.061516
vt 0.627034 0.061516
vt 0.627721 0.061516
vt 0.627721 0.061516
vt 0.627034 0.062295
vt 0.627721 0.061516
vt 0.627034 0.061516
vt 0.627721 0.062295
vt 0.627034 0.062295
vt 0.627034 0.062295
vt 0.627034 0.061516
vt 0.627034 0.062295
vt 0.627034 0.061516
vt 0.627034 0.061516
vt 0.627034 0.064250
vt 0.627034 0.064250
vt 0.627034 0.063471
vt 0.627034 0.063471
vt 0.627034 0.064250
vt 0.627721 0.064250
vt 0.627034 0.064250
vt 0.627034 0.064250
vt 0.627034 0.063471
vt 0.627721 0.063471
vt 0.627721 0.064250
vt 0.627721 0.064250
vt 0.627034 0.064250
vt 0.627721 0.064250
vt 0.627721 0.063471
vt 0.627721 0.064250
vt 0.627721 0.063471
vt 0.627721 0.064250
vt 0.627721 0.063471
vt 0.627034 0.063471
vt 0.627721 0.063471
vt 0.627721 0.063471
vt 0.627034 0.063471
vt 0.627034 0.063471
vt 0.627034 0.066204
vt 0.627034 0.066204
vt 0.627034 0.065425
vt 0.627034 0.066204
vt 0.627721 0.065425
vt 0.627034 0.065425
vt 0.627034 0.065425
vt 0.627034 0.065425
vt 0.627034 0.065425
vt 0.627721 0.065425
vt 0.627721 0.066204
vt 0.627721 0.065425
vt 0.627721 0.066204
vt 0.627721 0.065425
vt 0.627721 0.066204
vt 0.627721 0.065425
vt 0.627034 0.066204
vt 0.627034 0.065425
vt 0.627721 0.065425
vt 0.627721 0.066204
vt 0.627034 0.066204
vt 0.627721 0.066204
vt 0.627721 0.066204
vt 0.627034 0.066204
vt 0.627034 0.033555
vt 0.627034 0.033555
vt 0.627034 0.032776
vt 0.627034 0.032776
vt 0.627034 0.033555
vt 0.627721 0.032776
vt 0.627034 0.032776
vt 0.627034 0.032776
vt 0.627034 0.032776
vt 0.627721 0.032776
vt 0.627721 0.033555
vt 0.627721 0.033555
vt 0.627721 0.032776
vt 0.627721 0.033555
vt 0.627721 0.032776
vt 0.627721 0.032776
vt 0.627034 0.033555
vt 0.627034 0.032776
vt 0.627721 0.032776
vt 0.627721 0.033555
vt 0.627034 0.033555
vt 0.627721 0.033555
vt 0.627721 0.033555
vt 0.627034 0.033555
vt 0.627034 0.029696
vt 0.627034 0.029696
vt 0.627034 0.028917
vt 0.627034 0.029696
vt 0.627721 0.028917
vt 0.627034 0.028917
vt 0.627034 0.028917
vt 0.627034 0.028917
vt 0.627034 0.028917
vt 0.627721 0.028917
vt 0.627721 0.029696
vt 0.627721 0.028917
vt 0.627721 0.028917
vt 0.627721 0.029696
vt 0.627721 0.028917
vt 0.627721 0.029696
vt 0.627034 0.029696
vt 0.627721 0.029696
vt 0.627721 0.029696
vt 0.627034 0.029696
vt 0.627034 0.029696
vt 0.627721 0.028917
vt 0.627721 0.029696
vt 0.627034 0.028917
vt 0.627717 0.024560
vt 0.627717 0.024560
vt 0.630283 0.024549
vt 0.630283 0.024549
vt 0.627717 0.044460
vt 0.627717 0.024560
vt 0.627717 0.024560
vt 0.627717 0.044460
vt 0.627717 0.024560
vt 0.630283 0.024549
vt 0.627717 0.045614
vt 0.627717 0.045614
vt 0.627717 0.044460
vt 0.631053 0.044460
vt 0.627717 0.045614
vt 0.627717 0.044460
vt 0.627717 0.045614
vt 0.631053 0.045614
vt 0.630283 0.024549
vt 0.627717 0.024560
vt 0.631053 0.044460
vt 0.631053 0.044460
vt 0.630283 0.024549
vt 0.631053 0.044460
vt 0.631053 0.045614
vt 0.631053 0.045614
vt 0.631053 0.045614
vt 0.630109 0.065147
vt 0.630109 0.065147
vt 0.627717 0.065147
vt 0.627717 0.065147
vt 0.627717 0.065147
vt 0.627717 0.065555
vt 0.627717 0.065555
vt 0.627717 0.065555
vt 0.627717 0.065147
vt 0.627717 0.065555
vt 0.630040 0.065555
vt 0.630109 0.065147
vt 0.630109 0.065147
vt 0.630040 0.065555
vt 0.630040 0.065555
vt 0.629803 0.065933
vt 0.629803 0.065933
vt 0.629803 0.065933
vt 0.627717 0.065933
vt 0.629384 0.066204
vt 0.629384 0.066204
vt 0.629384 0.066204
vt 0.629384 0.066204
vt 0.629384 0.066204
vt 0.627717 0.066204
vt 0.627717 0.066204
vt 0.627717 0.065933
vt 0.627717 0.066204
vt 0.627717 0.065933
vt 0.627717 0.066204
vt 0.627717 0.066204
vt 0.630040 0.065555
vt 0.629803 0.065933
vt 0.627717 0.065933
vt 0.627717 0.066204
vt 0.629384 0.066204
vt 0.630283 0.024549
vt 0.627717 0.024560
vt 0.627717 0.024560
vt 0.630283 0.024549
vt 0.627717 0.044460
vt 0.630283 0.024549
vt 0.627717 0.024560
vt 0.630283 0.024549
vt 0.631053 0.044460
vt 0.630283 0.024549
vt 0.630283 0.024549
vt 0.631053 0.044460
vt 0.631053 0.044460
vt 0.627717 0.044460
vt 0.627717 0.045614
vt 0.627717 0.044460
vt 0.627717 0.024560
vt 0.627717 0.045614
vt 0.631053 0.045614
vt 0.631053 0.045614
vt 0.630109 0.065147
vt 0.630109 0.065147
vt 0.630109 0.065147
vt 0.631053 0.045614
vt 0.631053 0.045614
vt 0.630109 0.065147
vt 0.627717 0.065147
vt 0.627717 0.065555
vt 0.630040 0.065555
vt 0.630040 0.065555
vt 0.627717 0.065933
vt 0.629803 0.065933
vt 0.630040 0.065555
vt 0.629803 0.065933
vt 0.627717 0.065147
vt 0.627717 0.065555
vt 0.630040 0.065555
vt 0.629803 0.065933
vt 0.629803 0.065933
vt 0.629384 0.066204
vt 0.629384 0.066204
vt 0.627717 0.065933
vt 0.629384 0.066204
vt 0.627717 0.065555
vt 0.627717 0.065933
vt 0.627717 0.065933
vt 0.627717 0.065555
vt 0.627717 0.066204
vt 0.627717 0.066204
vt 0.627717 0.066204
vt 0.627717 0.066204
vt 0.629384 0.066204
vt 0.629384 0.066204
vt 0.627717 0.066204
vt 0.629384 0.066204
vt 0.627717 0.066204
vt 0.627717 0.065147
vt 0.627717 0.065147
vt 0.627717 0.045614
vt 0.631053 0.044460
vt 0.627717 0.045614
vt 0.627717 0.044460
vt 0.627717 0.024560
vt 0.630283 0.024549
vt 0.627717 0.024560
vt 0.629087 0.046158
vt 0.629087 0.046158
vt 0.629087 0.043344
vt 0.629087 0.046158
vt 0.629613 0.046158
vt 0.629087 0.046158
vt 0.629087 0.046158
vt 0.629613 0.043344
vt 0.629087 0.043344
vt 0.629613 0.046158
vt 0.629087 0.043344
vt 0.629087 0.043344
vt 0.629613 0.043344
vt 0.629613 0.046158
vt 0.629613 0.043344
vt 0.629613 0.043344
vt 0.629613 0.046158
vt 0.629613 0.043344
vt 0.629087 0.043344
vt 0.629087 0.046158
vt 0.629087 0.043344
vt 0.629613 0.043344
vt 0.629613 0.046158
vt 0.629613 0.046158
vt 0.627698 0.064250
vt 0.627698 0.055776
vt 0.627698 0.055776
vt 0.627698 0.064250
vt 0.627698 0.055776
vt 0.628260 0.055776
vt 0.627698 0.055776
vt 0.627698 0.055776
vt 0.628260 0.055776
vt 0.628260 0.055776
vt 0.628260 0.064250
vt 0.628260 0.055776
vt 0.628260 0.055776
vt 0.628260 0.064250
vt 0.627698 0.064250
vt 0.628260 0.064250
vt 0.628260 0.055776
vt 0.627698 0.055776
vt 0.627698 0.064250
vt 0.628260 0.064250
vt 0.627698 0.064250
vt 0.627698 0.064250
vt 0.628260 0.064250
vt 0.628260 0.064250
vt 0.627717 0.024560
vt 0.630283 0.024549
vt 0.630283 0.024549
vt 0.627717 0.044460
vt 0.627717 0.024560
vt 0.630283 0.024549
vt 0.631053 0.044460
vt 0.630283 0.024549
vt 0.630283 0.024549
vt 0.631053 0.044460
vt 0.631053 0.045614
vt 0.627717 0.045614
vt 0.631053 0.044460
vt 0.631053 0.045614
vt 0.627717 0.044460
vt 0.631053 0.044460
vt 0.630283 0.024549
vt 0.631053 0.045614
vt 0.631053 0.045614
vt 0.630109 0.065147
vt 0.630109 0.065147
vt 0.627717 0.045614
vt 0.630109 0.065147
vt 0.627717 0.045614
vt 0.627717 0.065147
vt 0.627717 0.045614
vt 0.627717 0.044460
vt 0.627717 0.065147
vt 0.627717 0.044460
vt 0.627717 0.065147
vt 0.627717 0.065555
vt 0.627717 0.065555
vt 0.630040 0.065555
vt 0.630040 0.065555
vt 0.630040 0.065555
vt 0.629803 0.065933
vt 0.629803 0.065933
vt 0.629803 0.065933
vt 0.629803 0.065933
vt 0.629384 0.066204
vt 0.627717 0.066204
vt 0.629384 0.066204
vt 0.630040 0.065555
vt 0.627717 0.065933
vt 0.627717 0.065933
vt 0.627717 0.066204
vt 0.627717 0.066204
vt 0.627717 0.066204
vt 0.627717 0.066204
vt 0.629384 0.066204
vt 0.629384 0.066204
vt 0.627717 0.065933
vt 0.627717 0.066204
vt 0.629384 0.066204
vt 0.627717 0.065933
vt 0.627717 0.065555
vt 0.630109 0.065147
vt 0.627717 0.065555
vt 0.627717 0.065147
vt 0.629384 0.066204
vt 0.627717 0.024560
vt 0.627717 0.024560
vt 0.627717 0.024560
vt 0.627717 0.024560
vt 0.627717 0.024560
vt 0.627717 0.024560
vt 0.630283 0.024549
vt 0.630283 0.024549
vt 0.627717 0.044460
vt 0.630283 0.024549
vt 0.627717 0.024560
vt 0.631053 0.044460
vt 0.630283 0.024549
vt 0.630283 0.024549
vt 0.631053 0.044460
vt 0.631053 0.044460
vt 0.627717 0.044460
vt 0.627717 0.044460
vt 0.627717 0.024560
vt 0.627717 0.045614
vt 0.627717 0.045614
vt 0.631053 0.045614
vt 0.631053 0.045614
vt 0.631053 0.045614
vt 0.630109 0.065147
vt 0.630109 0.065147
vt 0.630109 0.065147
vt 0.630040 0.065555
vt 0.630040 0.065555
vt 0.627717 0.065147
vt 0.630040 0.065555
vt 0.627717 0.065555
vt 0.627717 0.065147
vt 0.627717 0.065555
vt 0.627717 0.065147
vt 0.627717 0.045614
vt 0.631053 0.045614
vt 0.627717 0.065147
vt 0.627717 0.045614
vt 0.631053 0.044460
vt 0.627717 0.044460
vt 0.630109 0.065147
vt 0.627717 0.065555
vt 0.627717 0.065555
vt 0.630040 0.065555
vt 0.627717 0.065933
vt 0.627717 0.065933
vt 0.627717 0.065933
vt 0.627717 0.065933
vt 0.629803 0.065933
vt 0.629384 0.066204
vt 0.627717 0.066204
vt 0.627717 0.066204
vt 0.629384 0.066204
vt 0.629384 0.066204
vt 0.627717 0.066204
vt 0.629803 0.065933
vt 0.629384 0.066204
vt 0.629384 0.066204
vt 0.629803 0.065933
vt 0.629384 0.066204
vt 0.627717 0.066204
vt 0.629803 0.065933
vt 0.627717 0.066204
vt 0.627717 0.066204
vt 0.627717 0.024560
vt 0.630283 0.024549
vt 0.627717 0.024560
vt 0.629087 0.046158
vt 0.629087 0.046158
vt 0.629087 0.043344
vt 0.629087 0.043344
vt 0.629087 0.046158
vt 0.629613 0.043344
vt 0.629087 0.043344
vt 0.629087 0.043344
vt 0.629087 0.043344
vt 0.629613 0.043344
vt 0.629613 0.046158
vt 0.629613 0.046158
vt 0.629613 0.043344
vt 0.629613 0.046158
vt 0.629613 0.043344
vt 0.629613 0.043344
vt 0.629087 0.046158
vt 0.629087 0.043344
vt 0.629613 0.043344
vt 0.629613 0.046158
vt 0.629087 0.046158
vt 0.629613 0.046158
vt 0.629613 0.046158
vt 0.629087 0.046158
vt 0.627698 0.064250
vt 0.627698 0.064250
vt 0.627698 0.055776
vt 0.627698 0.055776
vt 0.627698 0.064250
vt 0.628260 0.055776
vt 0.627698 0.055776
vt 0.627698 0.055776
vt 0.627698 0.055776
vt 0.628260 0.055776
vt 0.628260 0.064250
vt 0.628260 0.055776
vt 0.628260 0.055776
vt 0.628260 0.055776
vt 0.628260 0.064250
vt 0.628260 0.064250
vt 0.627698 0.064250
vt 0.628260 0.064250
vt 0.627698 0.064250
vt 0.628260 0.064250
vt 0.627698 0.064250
vt 0.628260 0.055776
vt 0.628260 0.064250
vt 0.627698 0.055776
vt 0.627034 0.031633
vt 0.627721 0.030854
vt 0.627721 0.031633
vt 0.627034 0.031633
vt 0.627721 0.031633
vt 0.627721 0.031633
vt 0.627034 0.031633
vt 0.627034 0.031633
vt 0.627034 0.030854
vt 0.627034 0.030854
vt 0.627034 0.031633
vt 0.627034 0.030854
vt 0.627034 0.031633
vt 0.627721 0.031633
vt 0.627721 0.030854
vt 0.627721 0.031633
vt 0.627721 0.030854
vt 0.627721 0.031633
vt 0.627721 0.030854
vt 0.627034 0.030854
vt 0.627721 0.030854
vt 0.627721 0.030854
vt 0.627034 0.030854
vt 0.627034 0.030854
vt 0.627034 0.035512
vt 0.627034 0.034733
vt 0.627034 0.034733
vt 0.627034 0.035512
vt 0.627034 0.034733
vt 0.627721 0.034733
vt 0.627034 0.035512
vt 0.627034 0.035512
vt 0.627721 0.035512
vt 0.627034 0.035512
vt 0.627721 0.035512
vt 0.627721 0.035512
vt 0.627721 0.035512
vt 0.627721 0.034733
vt 0.627721 0.035512
vt 0.627034 0.035512
vt 0.627721 0.035512
vt 0.627721 0.034733
vt 0.627721 0.034733
vt 0.627034 0.034733
vt 0.627721 0.034733
vt 0.627721 0.034733
vt 0.627034 0.034733
vt 0.627034 0.034733
vt 0.627034 0.037432
vt 0.627034 0.037432
vt 0.627034 0.036652
vt 0.627034 0.036652
vt 0.627034 0.037432
vt 0.627721 0.037432
vt 0.627034 0.037432
vt 0.627034 0.037432
vt 0.627034 0.036652
vt 0.627721 0.036652
vt 0.627721 0.037432
vt 0.627721 0.037432
vt 0.627721 0.037432
vt 0.627721 0.036652
vt 0.627721 0.037432
vt 0.627034 0.037432
vt 0.627721 0.037432
vt 0.627721 0.036652
vt 0.627034 0.036652
vt 0.627034 0.036652
vt 0.627034 0.036652
vt 0.627721 0.036652
vt 0.627721 0.036652
vt 0.627721 0.036652
vt 0.627034 0.039297
vt 0.627034 0.039297
vt 0.627034 0.038518
vt 0.627034 0.039297
vt 0.627721 0.039297
vt 0.627034 0.039297
vt 0.627034 0.039297
vt 0.627721 0.038518
vt 0.627034 0.038518
vt 0.627721 0.039297
vt 0.627034 0.038518
vt 0.627034 0.038518
vt 0.627721 0.038518
vt 0.627721 0.038518
vt 0.627721 0.039297
vt 0.627721 0.038518
vt 0.627721 0.038518
vt 0.627721 0.039297
vt 0.627034 0.039297
vt 0.627721 0.038518
vt 0.627721 0.039297
vt 0.627721 0.039297
vt 0.627034 0.038518
vt 0.627034 0.038518
vt 0.627034 0.041252
vt 0.627034 0.041252
vt 0.627034 0.040472
vt 0.627034 0.040472
vt 0.627034 0.041252
vt 0.627721 0.040472
vt 0.627034 0.040472
vt 0.627034 0.040472
vt 0.627034 0.040472
vt 0.627721 0.040472
vt 0.627721 0.040472
vt 0.627721 0.041252
vt 0.627721 0.040472
vt 0.627721 0.040472
vt 0.627721 0.041252
vt 0.627721 0.041252
vt 0.627034 0.041252
vt 0.627721 0.041252
vt 0.627721 0.041252
vt 0.627034 0.041252
vt 0.627034 0.041252
vt 0.627721 0.040472
vt 0.627721 0.041252
vt 0.627034 0.040472
vt 0.627034 0.043206
vt 0.627034 0.043206
vt 0.627034 0.042427
vt 0.627034 0.042427
vt 0.627034 0.043206
vt 0.627721 0.043206
vt 0.627034 0.043206
vt 0.627034 0.043206
vt 0.627034 0.042427
vt 0.627721 0.042427
vt 0.627721 0.043206
vt 0.627721 0.043206
vt 0.627721 0.043206
vt 0.627721 0.042427
vt 0.627721 0.043206
vt 0.627034 0.043206
vt 0.627721 0.043206
vt 0.627721 0.042427
vt 0.627721 0.042427
vt 0.627034 0.042427
vt 0.627721 0.042427
vt 0.627721 0.042427
vt 0.627034 0.042427
vt 0.627034 0.042427
vt 0.627034 0.045011
vt 0.627034 0.045011
vt 0.627034 0.044232
vt 0.627034 0.044232
vt 0.627034 0.045011
vt 0.627721 0.045011
vt 0.627034 0.045011
vt 0.627034 0.045011
vt 0.627034 0.044232
vt 0.627721 0.044232
vt 0.627721 0.045011
vt 0.627721 0.045011
vt 0.627034 0.045011
vt 0.627721 0.045011
vt 0.627721 0.044232
vt 0.627721 0.045011
vt 0.627721 0.044232
vt 0.627721 0.045011
vt 0.627034 0.044232
vt 0.627034 0.044232
vt 0.627034 0.044232
vt 0.627721 0.044232
vt 0.627721 0.044232
vt 0.627721 0.044232
vt 0.627034 0.046968
vt 0.627034 0.046968
vt 0.627034 0.046189
vt 0.627034 0.046189
vt 0.627034 0.046968
vt 0.627721 0.046968
vt 0.627034 0.046968
vt 0.627034 0.046968
vt 0.627034 0.046189
vt 0.627721 0.046189
vt 0.627721 0.046968
vt 0.627721 0.046968
vt 0.627034 0.046968
vt 0.627721 0.046968
vt 0.627721 0.046189
vt 0.627721 0.046968
vt 0.627721 0.046189
vt 0.627721 0.046968
vt 0.627034 0.046189
vt 0.627721 0.046189
vt 0.627034 0.046189
vt 0.627721 0.046189
vt 0.627721 0.046189
vt 0.627034 0.046189
vt 0.627034 0.048888
vt 0.627034 0.048888
vt 0.627034 0.048109
vt 0.627034 0.048109
vt 0.627034 0.048888
vt 0.627721 0.048888
vt 0.627034 0.048888
vt 0.627034 0.048888
vt 0.627034 0.048109
vt 0.627721 0.048109
vt 0.627721 0.048888
vt 0.627721 0.048888
vt 0.627721 0.048888
vt 0.627721 0.048109
vt 0.627721 0.048888
vt 0.627034 0.048888
vt 0.627721 0.048888
vt 0.627721 0.048109
vt 0.627034 0.048109
vt 0.627034 0.048109
vt 0.627034 0.048109
vt 0.627721 0.048109
vt 0.627721 0.048109
vt 0.627721 0.048109
vt 0.627034 0.050754
vt 0.627034 0.050754
vt 0.627034 0.049974
vt 0.627034 0.050754
vt 0.627721 0.050754
vt 0.627034 0.050754
vt 0.627034 0.050754
vt 0.627721 0.049974
vt 0.627034 0.049974
vt 0.627721 0.050754
vt 0.627034 0.049974
vt 0.627034 0.049974
vt 0.627721 0.049974
vt 0.627721 0.050754
vt 0.627721 0.049974
vt 0.627721 0.049974
vt 0.627721 0.050754
vt 0.627721 0.049974
vt 0.627034 0.049974
vt 0.627034 0.050754
vt 0.627034 0.049974
vt 0.627721 0.049974
vt 0.627721 0.050754
vt 0.627721 0.050754
vt 0.627034 0.052708
vt 0.627034 0.052708
vt 0.627034 0.051929
vt 0.627034 0.051929
vt 0.627034 0.052708
vt 0.627721 0.051929
vt 0.627034 0.051929
vt 0.627034 0.051929
vt 0.627034 0.051929
vt 0.627721 0.051929
vt 0.627721 0.051929
vt 0.627721 0.052708
vt 0.627721 0.051929
vt 0.627721 0.051929
vt 0.627721 0.052708
vt 0.627721 0.052708
vt 0.627034 0.052708
vt 0.627721 0.052708
vt 0.627034 0.052708
vt 0.627721 0.052708
vt 0.627034 0.052708
vt 0.627721 0.051929
vt 0.627721 0.052708
vt 0.627034 0.051929
vt 0.627034 0.054662
vt 0.627034 0.054662
vt 0.627034 0.053883
vt 0.627034 0.053883
vt 0.627034 0.054662
vt 0.627721 0.053883
vt 0.627034 0.053883
vt 0.627034 0.053883
vt 0.627034 0.053883
vt 0.627721 0.053883
vt 0.627721 0.054662
vt 0.627721 0.053883
vt 0.627721 0.053883
vt 0.627721 0.054662
vt 0.627721 0.053883
vt 0.627721 0.054662
vt 0.627034 0.054662
vt 0.627721 0.054662
vt 0.627721 0.054662
vt 0.627034 0.054662
vt 0.627034 0.054662
vt 0.627721 0.053883
vt 0.627721 0.054662
vt 0.627034 0.053883
vt 0.627034 0.056553
vt 0.627034 0.056553
vt 0.627034 0.055774
vt 0.627034 0.056553
vt 0.627721 0.056553
vt 0.627034 0.056553
vt 0.627034 0.056553
vt 0.627721 0.055774
vt 0.627034 0.055774
vt 0.627721 0.056553
vt 0.627721 0.056553
vt 0.627721 0.055774
vt 0.627721 0.055774
vt 0.627721 0.056553
vt 0.627034 0.055774
vt 0.627721 0.055774
vt 0.627721 0.055774
vt 0.627034 0.055774
vt 0.627034 0.056553
vt 0.627034 0.055774
vt 0.627721 0.055774
vt 0.627034 0.055774
vt 0.627721 0.056553
vt 0.627721 0.056553
vt 0.627034 0.058510
vt 0.627034 0.057731
vt 0.627721 0.057731
vt 0.627721 0.058510
vt 0.627034 0.057731
vt 0.627721 0.057731
vt 0.627721 0.057731
vt 0.627721 0.058510
vt 0.627721 0.057731
vt 0.627721 0.057731
vt 0.627034 0.058510
vt 0.627721 0.058510
vt 0.627721 0.057731
vt 0.627034 0.057731
vt 0.627721 0.058510
vt 0.627034 0.057731
vt 0.627034 0.058510
vt 0.627034 0.057731
vt 0.627034 0.057731
vt 0.627034 0.058510
vt 0.627034 0.058510
vt 0.627721 0.058510
vt 0.627721 0.058510
vt 0.627034 0.058510
vt 0.627034 0.060430
vt 0.627034 0.059650
vt 0.627034 0.059650
vt 0.627034 0.060430
vt 0.627034 0.059650
vt 0.627721 0.059650
vt 0.627034 0.060430
vt 0.627034 0.060430
vt 0.627721 0.060430
vt 0.627034 0.060430
vt 0.627721 0.060430
vt 0.627721 0.060430
vt 0.627034 0.060430
vt 0.627721 0.060430
vt 0.627721 0.059650
vt 0.627721 0.060430
vt 0.627721 0.059650
vt 0.627721 0.060430
vt 0.627721 0.059650
vt 0.627034 0.059650
vt 0.627721 0.059650
vt 0.627721 0.059650
vt 0.627034 0.059650
vt 0.627034 0.059650
vt 0.627034 0.062295
vt 0.627034 0.062295
vt 0.627034 0.061516
vt 0.627034 0.062295
vt 0.627721 0.061516
vt 0.627034 0.061516
vt 0.627034 0.061516
vt 0.627034 0.061516
vt 0.627034 0.061516
vt 0.627721 0.061516
vt 0.627721 0.062295
vt 0.627721 0.061516
vt 0.627721 0.062295
vt 0.627721 0.062295
vt 0.627721 0.061516
vt 0.627721 0.061516
vt 0.627034 0.062295
vt 0.627034 0.061516
vt 0.627721 0.061516
vt 0.627721 0.062295
vt 0.627034 0.062295
vt 0.627721 0.062295
vt 0.627721 0.062295
vt 0.627034 0.062295
vt 0.627034 0.064250
vt 0.627034 0.064250
vt 0.627034 0.063471
vt 0.627034 0.064250
vt 0.627721 0.063471
vt 0.627034 0.063471
vt 0.627034 0.063471
vt 0.627034 0.063471
vt 0.627034 0.063471
vt 0.627721 0.063471
vt 0.627721 0.064250
vt 0.627721 0.063471
vt 0.627721 0.063471
vt 0.627721 0.064250
vt 0.627721 0.063471
vt 0.627721 0.064250
vt 0.627034 0.064250
vt 0.627721 0.064250
vt 0.627721 0.064250
vt 0.627034 0.064250
vt 0.627034 0.064250
vt 0.627034 0.063471
vt 0.627721 0.063471
vt 0.627721 0.064250
vt 0.627034 0.066204
vt 0.627034 0.066204
vt 0.627034 0.065425
vt 0.627034 0.066204
vt 0.627721 0.065425
vt 0.627034 0.065425
vt 0.627034 0.065425
vt 0.627034 0.065425
vt 0.627034 0.065425
vt 0.627721 0.065425
vt 0.627721 0.066204
vt 0.627721 0.065425
vt 0.627721 0.065425
vt 0.627721 0.066204
vt 0.627721 0.065425
vt 0.627721 0.066204
vt 0.627034 0.066204
vt 0.627721 0.066204
vt 0.627721 0.066204
vt 0.627034 0.066204
vt 0.627034 0.066204
vt 0.627034 0.065425
vt 0.627721 0.065425
vt 0.627721 0.066204
vt 0.627034 0.033555
vt 0.627034 0.033555
vt 0.627034 0.032776
vt 0.627034 0.033555
vt 0.627721 0.032776
vt 0.627034 0.032776
vt 0.627034 0.032776
vt 0.627034 0.032776
vt 0.627034 0.032776
vt 0.627721 0.032776
vt 0.627721 0.033555
vt 0.627721 0.032776
vt 0.627721 0.032776
vt 0.627721 0.033555
vt 0.627721 0.032776
vt 0.627721 0.033555
vt 0.627034 0.033555
vt 0.627721 0.033555
vt 0.627721 0.033555
vt 0.627034 0.033555
vt 0.627034 0.033555
vt 0.627034 0.032776
vt 0.627721 0.032776
vt 0.627721 0.033555
vt 0.627034 0.029696
vt 0.627034 0.028917
vt 0.627034 0.028917
vt 0.627034 0.029696
vt 0.627034 0.028917
vt 0.627034 0.028917
vt 0.627721 0.028917
vt 0.627034 0.029696
vt 0.627721 0.028917
vt 0.627034 0.028917
vt 0.627721 0.029696
vt 0.627721 0.028917
vt 0.627721 0.028917
vt 0.627721 0.029696
vt 0.627721 0.028917
vt 0.627721 0.029696
vt 0.627034 0.029696
vt 0.627721 0.029696
vt 0.627034 0.029696
vt 0.627721 0.029696
vt 0.627034 0.029696
vt 0.627721 0.028917
vt 0.627721 0.029696
vt 0.627034 0.028917
vt 0.628954 0.025986
vt 0.628783 0.025986
vt 0.628954 0.025986
vt 0.629126 0.025986
vt 0.627976 0.055785
vt 0.628954 0.025986
vt 0.628783 0.025986
vt 0.628148 0.055785
vt 0.629126 0.025986
vt 0.628954 0.025986
vt 0.627976 0.055785
vt 0.627976 0.055785
vt 0.628148 0.055785
vt 0.627976 0.055785
vt 0.627805 0.055785
vt 0.627805 0.055785
vt 0.627734 0.055785
vt 0.627805 0.055785
vt 0.628712 0.025986
vt 0.627734 0.055785
vt 0.628783 0.025986
vt 0.627734 0.055785
vt 0.628712 0.025986
vt 0.628783 0.025986
vt 0.628783 0.025986
vt 0.628712 0.025986
vt 0.627805 0.055785
vt 0.628954 0.025986
vt 0.627805 0.055785
vt 0.628783 0.025986
vt 0.628954 0.025986
vt 0.627805 0.055785
vt 0.627976 0.055785
vt 0.627976 0.055785
vt 0.628148 0.055785
vt 0.627976 0.055785
vt 0.629126 0.025986
vt 0.628148 0.055785
vt 0.628954 0.025986
vt 0.629197 0.025986
vt 0.629126 0.025986
vt 0.628148 0.055785
vt 0.629126 0.025986
vt 0.629197 0.025986
vt 0.628219 0.055785
vt 0.629197 0.025986
vt 0.629126 0.025986
vt 0.628219 0.055785
vt 0.628219 0.055785
vt 0.628148 0.055785
vt 0.628954 0.025986
vt 0.628954 0.025986
vt 0.629126 0.025986
vt 0.628783 0.025986
vt 0.628148 0.055785
vt 0.629126 0.025986
vt 0.628954 0.025986
vt 0.627976 0.055785
vt 0.628954 0.025986
vt 0.628783 0.025986
vt 0.627976 0.055785
vt 0.627805 0.055785
vt 0.627976 0.055785
vt 0.628148 0.055785
vt 0.627976 0.055785
vt 0.627805 0.055785
vt 0.627734 0.055785
vt 0.627805 0.055785
vt 0.628712 0.025986
vt 0.627734 0.055785
vt 0.628783 0.025986
vt 0.628712 0.025986
vt 0.628783 0.025986
vt 0.627734 0.055785
vt 0.628712 0.025986
vt 0.628783 0.025986
vt 0.628954 0.025986
vt 0.627805 0.055785
vt 0.628783 0.025986
vt 0.628954 0.025986
vt 0.627805 0.055785
vt 0.627976 0.055785
vt 0.627805 0.055785
vt 0.627976 0.055785
vt 0.627976 0.055785
vt 0.629126 0.025986
vt 0.628148 0.055785
vt 0.628148 0.055785
vt 0.628954 0.025986
vt 0.628148 0.055785
vt 0.629126 0.025986
vt 0.629197 0.025986
vt 0.629126 0.025986
vt 0.629197 0.025986
vt 0.628219 0.055785
vt 0.629197 0.025986
vt 0.629126 0.025986
vt 0.628219 0.055785
vt 0.628148 0.055785
vt 0.628219 0.055785
vt 0.709305 0.091850
vt 0.709305 0.091850
vt 0.709096 0.091814
vt 0.709515 0.091814
vt 0.709096 0.091814
vt 0.709305 0.091238
vt 0.709305 0.091850
vt 0.709515 0.091814
vt 0.709515 0.091814
vt 0.709699 0.091707
vt 0.708703 0.091345
vt 0.708775 0.091544
vt 0.708912 0.091707
vt 0.708703 0.091132
vt 0.709699 0.090770
vt 0.709515 0.090663
vt 0.709835 0.090932
vt 0.708775 0.090932
vt 0.709305 0.090626
vt 0.709096 0.090663
vt 0.709835 0.091544
vt 0.709908 0.091345
vt 0.709908 0.091132
vt 0.708912 0.090770
vt 0.708912 0.090770
vt 0.708912 0.090770
vt 0.709096 0.090663
vt 0.709096 0.090663
vt 0.709305 0.090626
vt 0.708912 0.090770
vt 0.709305 0.091238
vt 0.709096 0.090663
vt 0.709305 0.090626
vt 0.709305 0.090626
vt 0.709699 0.091707
vt 0.709515 0.091814
vt 0.709835 0.091544
vt 0.709305 0.091850
vt 0.709908 0.091345
vt 0.709908 0.091132
vt 0.709515 0.090663
vt 0.709699 0.090770
vt 0.709835 0.090932
vt 0.708775 0.091544
vt 0.708703 0.091345
vt 0.708703 0.091132
vt 0.709096 0.091814
vt 0.708912 0.091707
vt 0.708775 0.090932
vt 0.708775 0.090932
vt 0.708703 0.091132
vt 0.708775 0.090932
vt 0.708703 0.091132
vt 0.708703 0.091345
vt 0.708775 0.091544
vt 0.708912 0.091707
vt 0.708775 0.091544
vt 0.708703 0.091345
vt 0.709908 0.091132
vt 0.709835 0.090932
vt 0.709908 0.091132
vt 0.709835 0.090932
vt 0.709699 0.090770
vt 0.708912 0.091707
vt 0.709096 0.091814
vt 0.709908 0.091345
vt 0.709908 0.091345
vt 0.709699 0.090770
vt 0.709515 0.090663
vt 0.709515 0.090663
vt 0.709835 0.091544
vt 0.709835 0.091544
vt 0.709699 0.091707
vt 0.709699 0.091707
vt 0.709649 0.092182
vt 0.709951 0.092007
vt 0.709649 0.092182
vt 0.709951 0.092007
vt 0.709951 0.092007
vt 0.709305 0.091238
vt 0.709649 0.092182
vt 0.710175 0.091740
vt 0.710175 0.091740
vt 0.709305 0.092242
vt 0.710294 0.091413
vt 0.708962 0.092182
vt 0.708660 0.092007
vt 0.709951 0.090469
vt 0.710175 0.090737
vt 0.710294 0.091064
vt 0.709649 0.090295
vt 0.708317 0.091413
vt 0.708317 0.091064
vt 0.708436 0.090737
vt 0.709305 0.090235
vt 0.708962 0.090295
vt 0.708436 0.091740
vt 0.708660 0.090469
vt 0.708660 0.090469
vt 0.708436 0.090737
vt 0.708660 0.090469
vt 0.708962 0.090295
vt 0.708962 0.090295
vt 0.708660 0.090469
vt 0.709305 0.091238
vt 0.708436 0.090737
vt 0.708962 0.090295
vt 0.708436 0.090737
vt 0.708317 0.091064
vt 0.708317 0.091064
vt 0.708317 0.091064
vt 0.708317 0.091413
vt 0.708317 0.091413
vt 0.708317 0.091413
vt 0.708436 0.091740
vt 0.708436 0.091740
vt 0.708436 0.091740
vt 0.708660 0.092007
vt 0.708660 0.092007
vt 0.708660 0.092007
vt 0.708962 0.092182
vt 0.708962 0.092182
vt 0.708962 0.092182
vt 0.709305 0.092242
vt 0.709305 0.092242
vt 0.709305 0.092242
vt 0.709649 0.092182
vt 0.709951 0.092007
vt 0.710175 0.091740
vt 0.710294 0.091413
vt 0.710294 0.091064
vt 0.710175 0.090737
vt 0.709951 0.090469
vt 0.709649 0.090295
vt 0.709305 0.090235
vt 0.709305 0.090235
vt 0.709305 0.090235
vt 0.709649 0.090295
vt 0.709649 0.090295
vt 0.709951 0.090469
vt 0.709951 0.090469
vt 0.710175 0.090737
vt 0.710175 0.090737
vt 0.710294 0.091064
vt 0.710294 0.091064
vt 0.710294 0.091413
vt 0.710294 0.091413
vt 0.710175 0.091740
vt 0.709951 0.092007
vt 0.709951 0.092007
vt 0.709649 0.092182
vt 0.709649 0.092182
vt 0.710175 0.091740
vt 0.710175 0.091740
vt 0.709305 0.091238
vt 0.709951 0.092007
vt 0.709649 0.092182
vt 0.709305 0.092242
vt 0.708962 0.092182
vt 0.710294 0.091064
vt 0.710294 0.091413
vt 0.708660 0.092007
vt 0.710175 0.090737
vt 0.708436 0.091740
vt 0.708317 0.091413
vt 0.709649 0.090295
vt 0.709951 0.090469
vt 0.709305 0.090235
vt 0.708436 0.090737
vt 0.708660 0.090469
vt 0.708317 0.091064
vt 0.708962 0.090295
vt 0.709649 0.090295
vt 0.709305 0.090235
vt 0.709649 0.090295
vt 0.709305 0.090235
vt 0.708962 0.090295
vt 0.709649 0.090295
vt 0.709305 0.091238
vt 0.709305 0.090235
vt 0.708962 0.090295
vt 0.708962 0.090295
vt 0.708660 0.090469
vt 0.708660 0.090469
vt 0.708660 0.090469
vt 0.708436 0.090737
vt 0.708436 0.090737
vt 0.708436 0.090737
vt 0.708317 0.091064
vt 0.708317 0.091064
vt 0.708317 0.091064
vt 0.708317 0.091413
vt 0.708317 0.091413
vt 0.708317 0.091413
vt 0.708436 0.091740
vt 0.708436 0.091740
vt 0.708436 0.091740
vt 0.708660 0.092007
vt 0.708660 0.092007
vt 0.708660 0.092007
vt 0.708962 0.092182
vt 0.708962 0.092182
vt 0.708962 0.092182
vt 0.709305 0.092242
vt 0.709305 0.092242
vt 0.709305 0.092242
vt 0.709649 0.092182
vt 0.709951 0.092007
vt 0.710175 0.091740
vt 0.710294 0.091413
vt 0.709951 0.090469
vt 0.710175 0.090737
vt 0.710294 0.091064
vt 0.710175 0.090737
vt 0.710175 0.090737
vt 0.710294 0.091064
vt 0.709951 0.090469
vt 0.709951 0.090469
vt 0.710294 0.091064
vt 0.710294 0.091413
vt 0.710294 0.091413
vt 0.710175 0.091740
vt 0.709515 0.091814
vt 0.709699 0.091707
vt 0.709515 0.091814
vt 0.709699 0.091707
vt 0.709305 0.091238
vt 0.709515 0.091814
vt 0.709305 0.091850
vt 0.709305 0.091850
vt 0.709305 0.091850
vt 0.709096 0.091814
vt 0.709908 0.091132
vt 0.709908 0.091345
vt 0.709835 0.091544
vt 0.709835 0.090932
vt 0.708912 0.091707
vt 0.708775 0.091544
vt 0.709699 0.090770
vt 0.708703 0.091345
vt 0.708703 0.091132
vt 0.708775 0.090932
vt 0.709305 0.090626
vt 0.709515 0.090663
vt 0.709096 0.090663
vt 0.708912 0.090770
vt 0.709096 0.090663
vt 0.709096 0.090663
vt 0.709305 0.090626
vt 0.708912 0.090770
vt 0.709305 0.090626
vt 0.709515 0.090663
vt 0.709305 0.091238
vt 0.709305 0.090626
vt 0.709096 0.090663
vt 0.709515 0.090663
vt 0.709515 0.090663
vt 0.709699 0.090770
vt 0.709699 0.090770
vt 0.709835 0.090932
vt 0.709699 0.090770
vt 0.709835 0.090932
vt 0.709835 0.090932
vt 0.709908 0.091132
vt 0.709908 0.091132
vt 0.709908 0.091132
vt 0.709908 0.091345
vt 0.709908 0.091345
vt 0.709835 0.091544
vt 0.709908 0.091345
vt 0.709835 0.091544
vt 0.709835 0.091544
vt 0.709699 0.091707
vt 0.709699 0.091707
vt 0.709515 0.091814
vt 0.709305 0.091850
vt 0.708912 0.091707
vt 0.709096 0.091814
vt 0.708775 0.091544
vt 0.708703 0.091132
vt 0.708703 0.091345
vt 0.708775 0.090932
vt 0.708912 0.090770
vt 0.708775 0.090932
vt 0.708775 0.090932
vt 0.708912 0.090770
vt 0.708703 0.091132
vt 0.708703 0.091132
vt 0.708912 0.091707
vt 0.708912 0.091707
vt 0.708775 0.091544
vt 0.708775 0.091544
vt 0.708703 0.091345
vt 0.708703 0.091345
vt 0.709096 0.091814
vt 0.709096 0.091814
vt 0.709649 0.092182
vt 0.709649 0.092182
vt 0.709305 0.092242
vt 0.709951 0.092007
vt 0.709305 0.092242
vt 0.709649 0.092182
vt 0.709305 0.091238
vt 0.709305 0.092242
vt 0.709951 0.092007
vt 0.710175 0.091740
vt 0.710294 0.091064
vt 0.710294 0.091413
vt 0.708962 0.092182
vt 0.708660 0.092007
vt 0.710175 0.090737
vt 0.709951 0.090469
vt 0.708962 0.090295
vt 0.709305 0.090235
vt 0.709649 0.090295
vt 0.708436 0.090737
vt 0.708660 0.090469
vt 0.708317 0.091064
vt 0.708436 0.091740
vt 0.708317 0.091413
vt 0.708317 0.091064
vt 0.708317 0.091413
vt 0.708317 0.091064
vt 0.708436 0.090737
vt 0.708436 0.090737
vt 0.708436 0.090737
vt 0.709305 0.091238
vt 0.708317 0.091064
vt 0.708660 0.090469
vt 0.708660 0.090469
vt 0.709649 0.092182
vt 0.709951 0.092007
vt 0.710175 0.091740
vt 0.708660 0.092007
vt 0.708962 0.092182
vt 0.709305 0.092242
vt 0.708436 0.091740
vt 0.710294 0.091413
vt 0.710294 0.091064
vt 0.710175 0.090737
vt 0.708317 0.091413
vt 0.709649 0.090295
vt 0.709305 0.090235
vt 0.709951 0.090469
vt 0.708962 0.090295
vt 0.709951 0.090469
vt 0.709951 0.090469
vt 0.710175 0.090737
vt 0.709649 0.090295
vt 0.709649 0.090295
vt 0.710175 0.090737
vt 0.710294 0.091064
vt 0.710294 0.091413
vt 0.710294 0.091413
vt 0.710175 0.091740
vt 0.710294 0.091064
vt 0.710175 0.091740
vt 0.709951 0.092007
vt 0.708962 0.090295
vt 0.708962 0.090295
vt 0.709305 0.090235
vt 0.708660 0.090469
vt 0.709305 0.090235
vt 0.708436 0.091740
vt 0.708436 0.091740
vt 0.708317 0.091413
vt 0.708660 0.092007
vt 0.708660 0.092007
vt 0.708962 0.092182
vt 0.708962 0.092182
vt 0.709305 0.092242
vt 0.709649 0.092182
vt 0.709305 0.092242
vt 0.709649 0.092182
vt 0.709305 0.091238
vt 0.709305 0.092242
vt 0.709649 0.092182
vt 0.709951 0.092007
vt 0.709951 0.092007
vt 0.710175 0.091740
vt 0.708962 0.092182
vt 0.708660 0.092007
vt 0.710294 0.091064
vt 0.710294 0.091413
vt 0.710175 0.090737
vt 0.708436 0.091740
vt 0.708317 0.091413
vt 0.708317 0.091064
vt 0.709305 0.090235
vt 0.709649 0.090295
vt 0.709951 0.090469
vt 0.708436 0.090737
vt 0.708962 0.090295
vt 0.708660 0.090469
vt 0.708962 0.090295
vt 0.708962 0.090295
vt 0.709305 0.090235
vt 0.709305 0.090235
vt 0.708660 0.090469
vt 0.708660 0.090469
vt 0.708962 0.090295
vt 0.709305 0.091238
vt 0.708660 0.090469
vt 0.709305 0.090235
vt 0.709649 0.092182
vt 0.709951 0.092007
vt 0.709305 0.092242
vt 0.710175 0.091740
vt 0.708962 0.092182
vt 0.710294 0.091413
vt 0.708436 0.091740
vt 0.708660 0.092007
vt 0.708317 0.091413
vt 0.710294 0.091064
vt 0.710175 0.090737
vt 0.709951 0.090469
vt 0.708317 0.091064
vt 0.709649 0.090295
vt 0.708436 0.090737
vt 0.708317 0.091064
vt 0.708317 0.091064
vt 0.708436 0.090737
vt 0.708436 0.090737
vt 0.709649 0.090295
vt 0.709649 0.090295
vt 0.709951 0.090469
vt 0.708317 0.091413
vt 0.708317 0.091413
vt 0.709951 0.090469
vt 0.710175 0.090737
vt 0.708436 0.091740
vt 0.708436 0.091740
vt 0.710294 0.091064
vt 0.710294 0.091064
vt 0.710294 0.091413
vt 0.710175 0.090737
vt 0.710294 0.091413
vt 0.710175 0.091740
vt 0.708962 0.092182
vt 0.708962 0.092182
vt 0.708660 0.092007
vt 0.708660 0.092007
vt 0.710175 0.091740
vt 0.709951 0.092007
vt 0.630429 0.041520
vt 0.630569 0.041432
vt 0.630429 0.041520
vt 0.630270 0.041550
vt 0.630569 0.041432
vt 0.630270 0.041046
vt 0.630429 0.041520
vt 0.630270 0.041550
vt 0.630270 0.041550
vt 0.630673 0.041298
vt 0.630111 0.041520
vt 0.630728 0.041134
vt 0.630728 0.040958
vt 0.629971 0.041432
vt 0.630673 0.040794
vt 0.630569 0.040660
vt 0.629867 0.041298
vt 0.629811 0.041134
vt 0.629867 0.040794
vt 0.629971 0.040660
vt 0.630111 0.040572
vt 0.630429 0.040572
vt 0.629811 0.040958
vt 0.630270 0.040542
vt 0.630270 0.040542
vt 0.630111 0.040572
vt 0.630270 0.040542
vt 0.630111 0.040572
vt 0.629971 0.040660
vt 0.629971 0.040660
vt 0.630111 0.040572
vt 0.630270 0.041046
vt 0.629971 0.040660
vt 0.630270 0.040542
vt 0.630270 0.041550
vt 0.630429 0.041520
vt 0.630569 0.041432
vt 0.630111 0.041520
vt 0.630728 0.041134
vt 0.630728 0.040958
vt 0.630673 0.041298
vt 0.629971 0.041432
vt 0.629867 0.041298
vt 0.630673 0.040794
vt 0.630569 0.040660
vt 0.629811 0.041134
vt 0.629811 0.040958
vt 0.630429 0.040572
vt 0.629867 0.040794
vt 0.629811 0.040958
vt 0.629811 0.041134
vt 0.629811 0.040958
vt 0.629811 0.041134
vt 0.629867 0.040794
vt 0.629971 0.041432
vt 0.629971 0.041432
vt 0.629867 0.041298
vt 0.629867 0.041298
vt 0.630111 0.041520
vt 0.630111 0.041520
vt 0.630673 0.041298
vt 0.630673 0.041298
vt 0.630569 0.041432
vt 0.630728 0.041134
vt 0.630728 0.041134
vt 0.629867 0.040794
vt 0.630429 0.040572
vt 0.630429 0.040572
vt 0.630569 0.040660
vt 0.630569 0.040660
vt 0.630673 0.040794
vt 0.630673 0.040794
vt 0.630728 0.040958
vt 0.630728 0.040958
vt 0.630334 0.052130
vt 0.630334 0.052130
vt 0.630194 0.052218
vt 0.630194 0.052218
vt 0.630035 0.051744
vt 0.630334 0.052130
vt 0.630194 0.052218
vt 0.630035 0.052248
vt 0.630035 0.052248
vt 0.629876 0.052218
vt 0.630438 0.051996
vt 0.630494 0.051832
vt 0.629736 0.052130
vt 0.629577 0.051657
vt 0.629577 0.051832
vt 0.629632 0.051996
vt 0.630438 0.051492
vt 0.630334 0.051358
vt 0.630194 0.051271
vt 0.629632 0.051492
vt 0.630035 0.051240
vt 0.629876 0.051271
vt 0.629736 0.051358
vt 0.630494 0.051657
vt 0.629876 0.051271
vt 0.629876 0.051271
vt 0.630035 0.051240
vt 0.629736 0.051358
vt 0.629736 0.051358
vt 0.629632 0.051492
vt 0.630035 0.051744
vt 0.629736 0.051358
vt 0.629632 0.051492
vt 0.629876 0.051271
vt 0.630334 0.052130
vt 0.630194 0.052218
vt 0.630438 0.051996
vt 0.630035 0.052248
vt 0.630494 0.051832
vt 0.630494 0.051657
vt 0.629736 0.052130
vt 0.629632 0.051996
vt 0.629876 0.052218
vt 0.630334 0.051358
vt 0.630438 0.051492
vt 0.629577 0.051832
vt 0.630194 0.051271
vt 0.629577 0.051657
vt 0.630035 0.051240
vt 0.630494 0.051657
vt 0.630494 0.051657
vt 0.630494 0.051832
vt 0.630494 0.051832
vt 0.630438 0.051492
vt 0.629876 0.052218
vt 0.630035 0.052248
vt 0.629876 0.052218
vt 0.629736 0.052130
vt 0.629736 0.052130
vt 0.630194 0.051271
vt 0.630035 0.051240
vt 0.630194 0.051271
vt 0.629577 0.051657
vt 0.629577 0.051832
vt 0.629577 0.051657
vt 0.629632 0.051492
vt 0.630334 0.051358
vt 0.630334 0.051358
vt 0.629577 0.051832
vt 0.629632 0.051996
vt 0.630438 0.051492
vt 0.629632 0.051996
vt 0.630438 0.051996
vt 0.630438 0.051996
vt 0.630104 0.029334
vt 0.630104 0.029334
vt 0.629945 0.029364
vt 0.630244 0.029246
vt 0.629945 0.029364
vt 0.630104 0.029334
vt 0.629945 0.028860
vt 0.629945 0.029364
vt 0.630244 0.029246
vt 0.630348 0.029112
vt 0.630403 0.028772
vt 0.630403 0.028947
vt 0.630348 0.028608
vt 0.629645 0.029246
vt 0.629542 0.029112
vt 0.629785 0.029334
vt 0.630244 0.028474
vt 0.629486 0.028947
vt 0.629945 0.028356
vt 0.630104 0.028386
vt 0.629785 0.028386
vt 0.629542 0.028608
vt 0.629645 0.028474
vt 0.629486 0.028772
vt 0.629945 0.028356
vt 0.629785 0.028386
vt 0.629945 0.028356
vt 0.629785 0.028386
vt 0.629645 0.028474
vt 0.629785 0.028386
vt 0.629945 0.028860
vt 0.629645 0.028474
vt 0.629945 0.028356
vt 0.629645 0.028474
vt 0.629542 0.028608
vt 0.629542 0.028608
vt 0.629542 0.028608
vt 0.629486 0.028772
vt 0.629486 0.028772
vt 0.629486 0.028772
vt 0.629486 0.028947
vt 0.629486 0.028947
vt 0.629486 0.028947
vt 0.629542 0.029112
vt 0.629542 0.029112
vt 0.629542 0.029112
vt 0.629645 0.029246
vt 0.629645 0.029246
vt 0.629645 0.029246
vt 0.629785 0.029334
vt 0.629785 0.029334
vt 0.629785 0.029334
vt 0.629945 0.029364
vt 0.630348 0.029112
vt 0.630403 0.028947
vt 0.630403 0.028772
vt 0.630348 0.028608
vt 0.630244 0.028474
vt 0.630104 0.028386
vt 0.630104 0.029334
vt 0.630244 0.029246
vt 0.630104 0.028386
vt 0.630104 0.028386
vt 0.630244 0.028474
vt 0.630403 0.028772
vt 0.630403 0.028772
vt 0.630403 0.028947
vt 0.630348 0.028608
vt 0.630348 0.028608
vt 0.630348 0.029112
vt 0.630348 0.029112
vt 0.630244 0.029246
vt 0.630403 0.028947
vt 0.630244 0.028474
vt 0.630429 0.041520
vt 0.630569 0.041432
vt 0.630429 0.041520
vt 0.630270 0.041550
vt 0.630569 0.041432
vt 0.630270 0.041046
vt 0.630429 0.041520
vt 0.630270 0.041550
vt 0.630270 0.041550
vt 0.630111 0.041520
vt 0.629971 0.041432
vt 0.630673 0.040794
vt 0.630728 0.040958
vt 0.630728 0.041134
vt 0.629867 0.041298
vt 0.630569 0.040660
vt 0.629811 0.041134
vt 0.630429 0.040572
vt 0.629811 0.040958
vt 0.629867 0.040794
vt 0.630111 0.040572
vt 0.630270 0.040542
vt 0.629971 0.040660
vt 0.630673 0.041298
vt 0.629867 0.040794
vt 0.629867 0.040794
vt 0.629971 0.040660
vt 0.629811 0.040958
vt 0.629971 0.040660
vt 0.629971 0.040660
vt 0.630270 0.041046
vt 0.629867 0.040794
vt 0.630111 0.040572
vt 0.630111 0.040572
vt 0.630111 0.041520
vt 0.630270 0.041550
vt 0.629971 0.041432
vt 0.630728 0.040958
vt 0.630673 0.040794
vt 0.630728 0.041134
vt 0.629811 0.041134
vt 0.629867 0.041298
vt 0.630569 0.040660
vt 0.629811 0.040958
vt 0.630429 0.040572
vt 0.630270 0.040542
vt 0.630429 0.041520
vt 0.630569 0.041432
vt 0.630673 0.041298
vt 0.630111 0.041520
vt 0.630111 0.041520
vt 0.629971 0.041432
vt 0.629971 0.041432
vt 0.629867 0.041298
vt 0.630728 0.041134
vt 0.630728 0.041134
vt 0.630673 0.041298
vt 0.630728 0.040958
vt 0.630728 0.040958
vt 0.630673 0.041298
vt 0.630569 0.041432
vt 0.630270 0.040542
vt 0.630270 0.040542
vt 0.630429 0.040572
vt 0.630111 0.040572
vt 0.630429 0.040572
vt 0.630569 0.040660
vt 0.629811 0.041134
vt 0.629811 0.041134
vt 0.629811 0.040958
vt 0.630569 0.040660
vt 0.630673 0.040794
vt 0.629867 0.041298
vt 0.630673 0.040794
vt 0.630194 0.052218
vt 0.630334 0.052130
vt 0.630194 0.052218
vt 0.630035 0.052248
vt 0.630334 0.052130
vt 0.630035 0.051744
vt 0.630194 0.052218
vt 0.630035 0.052248
vt 0.630035 0.052248
vt 0.630438 0.051996
vt 0.630494 0.051832
vt 0.629876 0.052218
vt 0.630334 0.051358
vt 0.630438 0.051492
vt 0.630494 0.051657
vt 0.630194 0.051271
vt 0.629632 0.051996
vt 0.629577 0.051832
vt 0.629577 0.051657
vt 0.629736 0.051358
vt 0.629876 0.051271
vt 0.630035 0.051240
vt 0.629632 0.051492
vt 0.629736 0.052130
vt 0.629632 0.051492
vt 0.629577 0.051657
vt 0.629632 0.051492
vt 0.629736 0.051358
vt 0.629736 0.051358
vt 0.629736 0.051358
vt 0.630035 0.051744
vt 0.629632 0.051492
vt 0.629876 0.051271
vt 0.629876 0.051271
vt 0.629876 0.051271
vt 0.630035 0.051240
vt 0.630035 0.051240
vt 0.630194 0.051271
vt 0.630035 0.051240
vt 0.630194 0.051271
vt 0.630334 0.051358
vt 0.630194 0.051271
vt 0.630334 0.051358
vt 0.630438 0.051492
vt 0.630334 0.051358
vt 0.630438 0.051492
vt 0.630494 0.051657
vt 0.630438 0.051492
vt 0.630494 0.051657
vt 0.630494 0.051657
vt 0.630494 0.051832
vt 0.630494 0.051832
vt 0.630494 0.051832
vt 0.630438 0.051996
vt 0.630438 0.051996
vt 0.630334 0.052130
vt 0.630438 0.051996
vt 0.630334 0.052130
vt 0.630194 0.052218
vt 0.630035 0.052248
vt 0.629876 0.052218
vt 0.629577 0.051657
vt 0.629577 0.051832
vt 0.629632 0.051996
vt 0.629736 0.052130
vt 0.629736 0.052130
vt 0.629736 0.052130
vt 0.629632 0.051996
vt 0.629632 0.051996
vt 0.629577 0.051832
vt 0.629876 0.052218
vt 0.629876 0.052218
vt 0.629577 0.051832
vt 0.629577 0.051657
vt 0.630104 0.029334
vt 0.630244 0.029246
vt 0.630104 0.029334
vt 0.629945 0.029364
vt 0.630244 0.029246
vt 0.629945 0.028860
vt 0.630104 0.029334
vt 0.629945 0.029364
vt 0.629945 0.029364
vt 0.630348 0.029112
vt 0.630403 0.028947
vt 0.629785 0.029334
vt 0.629645 0.029246
vt 0.630348 0.028608
vt 0.630403 0.028772
vt 0.630244 0.028474
vt 0.630104 0.028386
vt 0.629542 0.029112
vt 0.629486 0.028947
vt 0.629486 0.028772
vt 0.629945 0.028356
vt 0.629785 0.028386
vt 0.629542 0.028608
vt 0.629645 0.028474
vt 0.629645 0.028474
vt 0.629645 0.028474
vt 0.629785 0.028386
vt 0.629542 0.028608
vt 0.629785 0.028386
vt 0.629785 0.028386
vt 0.629945 0.028860
vt 0.629645 0.028474
vt 0.629945 0.028356
vt 0.629945 0.028356
vt 0.629945 0.029364
vt 0.630104 0.029334
vt 0.630244 0.029246
vt 0.629785 0.029334
vt 0.630348 0.029112
vt 0.630403 0.028947
vt 0.630403 0.028772
vt 0.630348 0.028608
vt 0.629486 0.028947
vt 0.629542 0.029112
vt 0.629645 0.029246
vt 0.630244 0.028474
vt 0.629486 0.028772
vt 0.630104 0.028386
vt 0.629542 0.028608
vt 0.630104 0.028386
vt 0.630104 0.028386
vt 0.630244 0.028474
vt 0.629945 0.028356
vt 0.629785 0.029334
vt 0.629785 0.029334
vt 0.629645 0.029246
vt 0.629645 0.029246
vt 0.629542 0.029112
vt 0.630244 0.029246
vt 0.630348 0.029112
vt 0.630348 0.029112
vt 0.629486 0.028772
vt 0.629486 0.028772
vt 0.629542 0.028608
vt 0.629486 0.028947
vt 0.629486 0.028947
vt 0.630244 0.028474
vt 0.630348 0.028608
vt 0.629542 0.029112
vt 0.630348 0.028608
vt 0.630403 0.028772
vt 0.630403 0.028772
vt 0.630403 0.028947
vt 0.630403 0.028947
vn 0.0000 1.0000 0.0000
vn -1.0000 0.0000 0.0000
vn 0.0000 0.0000 1.0000
vn 0.0000 -1.0000 0.0000
vn 1.0000 0.0000 0.0000
vn 0.0000 0.0000 -1.0000
vn 0.0000 -1.0000 -0.0043
vn 0.0000 -0.0193 0.9998
vn 0.0000 -0.0386 0.9992
vn 0.0000 0.0241 0.9997
vn 0.0000 0.1086 0.9941
vn 0.0000 0.3570 0.9341
vn 0.0000 0.7017 0.7125
vn 0.0000 0.8386 0.5448
vn 0.9238 -0.0125 -0.3827
vn 0.9238 0.0125 0.3826
vn 0.3825 -0.0303 -0.9234
vn -0.3825 -0.0303 -0.9234
vn -0.9238 -0.0125 -0.3827
vn -0.9238 0.0125 0.3826
vn -0.3824 0.0303 0.9235
vn -0.3825 0.0303 0.9234
vn 0.3824 0.0303 0.9235
vn 0.3825 0.0303 0.9234
vn 0.0000 0.9397 -0.3420
vn 0.0000 0.9397 0.3420
vn 0.0000 -0.7660 -0.6428
vn 0.0000 -0.9397 -0.3421
vn 0.0000 -0.9397 -0.3420
vn 0.0000 -0.5000 -0.8660
vn 0.0000 -0.1736 -0.9848
vn 0.0000 0.1737 -0.9848
vn 0.0000 0.5000 -0.8660
vn 0.0000 0.7660 -0.6428
vn 0.0000 0.1736 -0.9848
vn 0.0000 -0.1736 0.9848
vn 0.0000 -0.5000 0.8660
vn 0.0000 -0.1737 0.9848
vn 0.0000 -0.7660 0.6428
vn 0.0000 0.1736 0.9848
vn 0.0000 0.1737 0.9848
vn 0.0000 -0.9397 0.3421
vn 0.0000 0.5000 0.8660
vn 0.0000 0.7660 0.6428
vn 0.0000 -0.9397 0.3420
vn 0.0000 -0.4999 -0.8660
vn 0.0000 0.9310 0.3650
vn 0.0000 0.7418 0.6706
vn 0.0000 -0.9310 -0.3650
vn 0.0000 -0.7418 -0.6706
vn 0.0000 -0.1614 -0.9869
vn 0.0000 0.1614 -0.9869
vn 0.0000 -0.4722 -0.8814
vn 0.0000 0.7418 -0.6706
vn 0.0000 0.4722 -0.8815
vn 0.0000 0.9310 -0.3650
vn 0.0000 0.4722 0.8815
vn 0.0000 0.1614 0.9869
vn 0.0000 -0.4722 -0.8815
vn 0.0000 -0.9310 0.3650
vn 0.0000 -0.7418 0.6706
vn 0.0000 -0.4722 0.8815
vn 0.0000 -0.4722 0.8814
vn 0.0000 -0.1614 0.9869
vn 0.0000 -0.7417 -0.6707
vn 0.0000 0.7417 -0.6707
usemtl mat_0000_cement
s 1
f 2461/1503/761 2459/1504/761 2465/1505/761
f 1504/1506/762 2463/1507/762 2460/1508/762
f 1503/1509/763 2464/1510/763 2469/1511/763
f 1503/1509/763 2469/1511/763 2466/1512/763
f 2473/1513/764 2470/1514/764 1505/1515/764
f 2473/1513/764 2467/1516/764 2470/1514/764
f 2471/1517/765 1507/1518/765 2468/1519/765
f 2471/1517/765 1506/1520/765 1507/1518/765
f 2461/1503/761 2465/1505/761 2472/1521/761
f 2462/1522/766 1510/1523/766 1509/1524/766
f 2462/1522/766 1509/1524/766 2474/1525/766
f 1504/1506/762 1508/1526/762 2463/1507/762
f 2477/1527/766 2479/1528/766 2475/1529/766
f 2478/1530/762 2476/1531/762 2481/1532/762
f 1511/1533/764 2480/1534/764 2485/1535/764
f 1511/1533/764 2485/1535/764 2482/1536/764
f 2489/1537/763 2486/1538/763 2483/1539/763
f 2487/1540/765 2484/1541/765 1515/1542/765
f 2489/1537/763 1514/1543/763 2486/1538/763
f 2487/1540/765 1515/1542/765 1513/1544/765
f 2477/1527/766 2488/1545/766 2479/1528/766
f 1512/1546/761 1516/1547/761 1518/1548/761
f 2478/1530/762 2481/1532/762 2490/1549/762
f 1512/1546/761 1517/1550/761 1516/1547/761
f 2505/1551/762 2491/1552/762 2493/1553/762
f 2505/1551/762 2493/1553/762 2495/1554/762
f 2492/1555/764 2497/1556/764 2494/1557/764
f 2496/1558/763 1519/1559/763 1523/1560/763
f 2503/1561/765 2499/1562/765 2498/1563/765
f 2503/1561/765 2498/1563/765 2501/1564/765
f 2496/1558/763 1523/1560/763 1525/1565/763
f 2492/1555/764 2502/1566/764 2497/1556/764
f 2506/1567/766 1526/1568/766 1521/1569/766
f 2506/1567/766 2504/1570/766 1526/1568/766
f 1520/1571/761 2500/1572/761 1524/1573/761
f 1520/1571/761 1522/1574/761 2500/1572/761
f 2509/1575/766 2511/1576/766 2507/1577/766
f 2510/1578/762 2508/1579/762 2513/1580/762
f 1527/1581/764 2512/1582/764 2517/1583/764
f 1527/1581/764 2517/1583/764 2514/1584/764
f 2521/1585/765 2515/1586/765 2518/1587/765
f 2521/1585/765 2518/1587/765 1529/1588/765
f 2519/1589/763 1531/1590/763 2516/1591/763
f 2519/1589/763 1530/1592/763 1531/1590/763
f 2510/1578/762 2513/1580/762 2520/1593/762
f 1528/1594/761 1534/1595/761 1533/1596/761
f 1528/1594/761 1533/1596/761 2522/1597/761
f 2509/1575/766 1532/1598/766 2511/1576/766
f 2523/1599/766 2525/1600/766 2537/1601/766
f 2523/1599/766 2537/1601/766 2527/1602/766
f 1535/1603/761 2531/1604/761 2526/1605/761
f 2524/1606/762 1538/1607/762 2535/1608/762
f 2524/1606/762 2535/1608/762 2529/1609/762
f 1535/1603/761 2530/1610/761 2531/1604/761
f 1540/1611/763 2533/1612/763 2532/1613/763
f 1537/1614/765 1541/1615/765 2534/1616/765
f 1540/1611/763 2536/1617/763 2533/1612/763
f 2528/1618/764 1542/1619/764 1539/1620/764
f 1537/1614/765 2534/1616/765 2538/1621/765
f 2528/1618/764 1536/1622/764 1542/1619/764
f 2539/1623/766 2541/1624/766 2553/1625/766
f 2539/1623/766 2553/1625/766 2543/1626/766
f 1543/1627/761 2547/1628/761 2542/1629/761
f 2540/1630/762 1546/1631/762 2551/1632/762
f 2540/1630/762 2551/1632/762 2545/1633/762
f 1543/1627/761 2546/1634/761 2547/1628/761
f 1545/1635/765 2548/1636/765 2549/1637/765
f 1548/1638/763 1550/1639/763 1549/1640/763
f 2544/1641/764 2550/1642/764 2552/1643/764
f 2544/1641/764 2554/1644/764 2550/1642/764
f 1548/1638/763 1547/1645/763 1550/1639/763
f 1545/1635/765 2549/1637/765 1544/1646/765
f 2569/1647/766 2555/1648/766 2557/1649/766
f 2556/1650/765 2561/1651/765 2558/1652/765
f 2569/1647/766 2557/1649/766 2559/1653/766
f 2560/1654/764 1551/1655/764 1555/1656/764
f 2567/1657/763 2563/1658/763 2562/1659/763
f 2567/1657/763 2562/1659/763 2565/1660/763
f 2560/1654/764 1555/1656/764 1557/1661/764
f 2556/1650/765 1558/1662/765 2561/1651/765
f 2570/1663/761 2568/1664/761 2566/1665/761
f 2570/1663/761 2566/1665/761 1552/1666/761
f 1554/1667/762 1553/1668/762 2564/1669/762
f 1554/1667/762 2564/1669/762 1556/1670/762
f 2573/1671/766 2575/1672/766 2571/1673/766
f 1560/1674/762 2572/1675/762 2577/1676/762
f 1559/1677/764 2576/1678/764 2579/1679/764
f 1559/1677/764 2579/1679/764 2578/1680/764
f 2585/1681/763 1562/1682/763 2580/1683/763
f 2585/1681/763 2580/1683/763 2581/1684/763
f 2583/1685/765 2582/1686/765 1563/1687/765
f 2583/1685/765 1563/1687/765 1561/1688/765
f 2574/1689/761 1565/1690/761 2584/1691/761
f 2573/1671/766 1566/1692/766 2575/1672/766
f 2574/1689/761 2586/1693/761 1565/1690/761
f 1560/1674/762 2577/1676/762 1564/1694/762
f 2587/1695/766 2589/1696/766 2599/1697/766
f 2587/1695/766 2599/1697/766 2591/1698/766
f 1567/1699/761 2595/1700/761 2590/1701/761
f 2588/1702/762 1570/1703/762 2601/1704/762
f 2588/1702/762 2601/1704/762 2593/1705/762
f 1567/1699/761 2594/1706/761 2595/1700/761
f 1572/1707/763 2597/1708/763 2596/1709/763
f 1569/1710/765 1573/1711/765 2598/1712/765
f 1569/1710/765 2598/1712/765 2600/1713/765
f 2592/1714/764 1568/1715/764 1574/1716/764
f 1572/1707/763 2602/1717/763 2597/1708/763
f 2592/1714/764 1574/1716/764 1571/1718/764
f 2603/1719/766 2605/1720/766 2607/1721/766
f 1576/1722/761 2609/1723/761 2606/1724/761
f 1575/1725/765 2613/1726/765 2608/1727/765
f 1575/1725/765 2610/1728/765 2613/1726/765
f 2617/1729/763 2611/1730/763 2614/1731/763
f 2617/1729/763 2614/1731/763 1578/1732/763
f 2615/1733/764 1579/1734/764 2612/1735/764
f 2615/1733/764 1577/1736/764 1579/1734/764
f 2603/1719/766 2607/1721/766 2616/1737/766
f 2604/1738/762 1582/1739/762 1581/1740/762
f 2604/1738/762 1581/1740/762 2618/1741/762
f 1576/1722/761 1580/1742/761 2609/1723/761
f 2621/1743/766 2623/1744/766 2619/1745/766
f 2622/1746/762 2620/1747/762 2625/1748/762
f 1583/1749/764 2624/1750/764 2627/1751/764
f 1583/1749/764 2627/1751/764 2626/1752/764
f 2633/1753/763 1586/1754/763 2628/1755/763
f 2633/1753/763 2628/1755/763 2629/1756/763
f 2631/1757/765 2630/1758/765 1587/1759/765
f 2631/1757/765 1587/1759/765 1585/1760/765
f 2621/1743/766 2632/1761/766 2623/1744/766
f 1584/1762/761 1588/1763/761 1590/1764/761
f 2622/1746/762 2625/1748/762 2634/1765/762
f 1584/1762/761 1589/1766/761 1588/1763/761
f 2635/1767/766 2637/1768/766 2649/1769/766
f 2635/1767/766 2649/1769/766 2639/1770/766
f 1591/1771/761 2643/1772/761 2638/1773/761
f 2636/1774/762 1594/1775/762 2647/1776/762
f 2636/1774/762 2647/1776/762 2641/1777/762
f 1591/1771/761 2642/1778/761 2643/1772/761
f 1596/1779/763 2645/1780/763 2644/1781/763
f 1593/1782/765 1597/1783/765 2646/1784/765
f 1596/1779/763 2648/1785/763 2645/1780/763
f 2640/1786/764 1598/1787/764 1595/1788/764
f 1593/1782/765 2646/1784/765 2650/1789/765
f 2640/1786/764 1592/1790/764 1598/1787/764
f 2665/1791/766 2651/1792/766 2653/1793/766
f 2652/1794/765 2657/1795/765 2654/1796/765
f 2665/1791/766 2653/1793/766 2655/1797/766
f 2656/1798/764 1599/1799/764 1603/1800/764
f 2663/1801/763 2659/1802/763 2658/1803/763
f 2656/1798/764 1603/1800/764 1604/1804/764
f 2663/1801/763 2658/1803/763 2661/1805/763
f 2652/1794/765 1606/1806/765 2657/1795/765
f 2666/1807/761 2664/1808/761 2662/1809/761
f 2666/1807/761 2662/1809/761 1600/1810/761
f 1601/1811/762 2660/1812/762 1605/1813/762
f 1601/1811/762 1602/1814/762 2660/1812/762
f 2667/1815/766 2669/1816/766 2671/1817/766
f 1608/1818/761 2673/1819/761 2670/1820/761
f 1607/1821/765 2677/1822/765 2672/1823/765
f 1607/1821/765 2674/1824/765 2677/1822/765
f 2681/1825/763 2675/1826/763 2678/1827/763
f 2681/1825/763 2678/1827/763 1610/1828/763
f 2679/1829/764 1611/1830/764 2676/1831/764
f 2679/1829/764 1609/1832/764 1611/1830/764
f 2668/1833/762 2680/1834/762 1613/1835/762
f 2667/1815/766 2671/1817/766 1614/1836/766
f 2668/1833/762 1613/1835/762 2682/1837/762
f 1608/1818/761 1612/1838/761 2673/1819/761
f 2697/1839/766 2683/1840/766 2685/1841/766
f 2684/1842/765 2689/1843/765 2686/1844/765
f 2697/1839/766 2685/1841/766 2687/1845/766
f 2688/1846/764 1615/1847/764 1619/1848/764
f 2695/1849/763 2691/1850/763 2690/1851/763
f 2688/1846/764 1619/1848/764 1620/1852/764
f 2695/1849/763 2690/1851/763 2693/1853/763
f 2684/1842/765 1622/1854/765 2689/1843/765
f 2698/1855/761 2696/1856/761 2694/1857/761
f 2698/1855/761 2694/1857/761 1616/1858/761
f 1617/1859/762 2692/1860/762 1621/1861/762
f 1617/1859/762 1618/1862/762 2692/1860/762
f 2701/1863/762 2703/1864/762 2699/1865/762
f 1624/1866/761 2700/1867/761 2705/1868/761
f 1623/1869/763 2704/1870/763 2709/1871/763
f 1623/1869/763 2709/1871/763 2706/1872/763
f 2713/1873/764 2707/1874/764 2710/1875/764
f 2713/1873/764 2710/1875/764 1625/1876/764
f 2711/1877/765 1627/1878/765 2708/1879/765
f 2711/1877/765 1626/1880/765 1627/1878/765
f 2702/1881/766 2712/1882/766 1629/1883/766
f 1624/1866/761 2705/1868/761 1630/1884/761
f 2702/1881/766 1629/1883/766 2714/1885/766
f 2701/1863/762 1628/1886/762 2703/1864/762
f 2715/1887/766 2717/1888/766 2729/1889/766
f 2715/1887/766 2729/1889/766 2719/1890/766
f 1631/1891/761 2723/1892/761 2718/1893/761
f 2716/1894/762 1634/1895/762 2727/1896/762
f 2716/1894/762 2727/1896/762 2721/1897/762
f 1631/1891/761 2722/1898/761 2723/1892/761
f 1633/1899/765 2724/1900/765 2725/1901/765
f 1636/1902/763 2726/1903/763 1637/1904/763
f 1636/1902/763 2728/1905/763 2726/1903/763
f 2720/1906/764 1638/1907/764 1635/1908/764
f 1633/1899/765 2725/1901/765 2730/1909/765
f 2720/1906/764 1632/1910/764 1638/1907/764
f 2745/1911/766 2731/1912/766 2733/1913/766
f 2732/1914/765 2737/1915/765 2734/1916/765
f 2745/1911/766 2733/1913/766 2735/1917/766
f 2736/1918/764 1639/1919/764 1643/1920/764
f 2743/1921/763 2738/1922/763 2739/1923/763
f 2743/1921/763 2741/1924/763 2738/1922/763
f 2732/1914/765 1645/1925/765 2737/1915/765
f 2736/1918/764 1643/1920/764 1646/1926/764
f 2746/1927/762 1642/1928/762 2742/1929/762
f 2746/1927/762 2742/1929/762 2744/1930/762
f 1641/1931/761 1644/1932/761 2740/1933/761
f 1641/1931/761 2740/1933/761 1640/1934/761
f 2761/1935/766 2747/1936/766 2749/1937/766
f 2761/1935/766 2749/1937/766 2751/1938/766
f 2748/1939/765 2753/1940/765 2750/1941/765
f 2752/1942/764 1647/1943/764 1651/1944/764
f 2748/1939/765 2755/1945/765 2753/1940/765
f 2759/1946/763 2754/1947/763 2756/1948/763
f 2759/1946/763 2757/1949/763 2754/1947/763
f 2752/1942/764 1651/1944/764 2758/1950/764
f 2762/1951/762 1650/1952/762 1654/1953/762
f 2762/1951/762 1654/1953/762 2760/1954/762
f 1648/1955/761 1653/1956/761 1652/1957/761
f 1648/1955/761 1652/1957/761 1649/1958/761
f 2777/1959/766 2763/1960/766 2765/1961/766
f 2764/1962/765 2769/1963/765 2766/1964/765
f 2777/1959/766 2765/1961/766 2767/1965/766
f 2768/1966/764 1655/1967/764 1659/1968/764
f 2775/1969/763 2771/1970/763 2770/1971/763
f 2775/1969/763 2770/1971/763 2773/1972/763
f 2768/1966/764 1659/1968/764 1661/1973/764
f 2764/1962/765 1662/1974/765 2769/1963/765
f 2778/1975/761 2776/1976/761 2774/1977/761
f 2778/1975/761 2774/1977/761 1656/1978/761
f 1657/1979/762 2772/1980/762 1660/1981/762
f 1657/1979/762 1658/1982/762 2772/1980/762
f 2779/1983/767 2781/1984/767 2789/1985/767
f 2779/1983/767 2789/1985/767 2783/1986/767
f 2785/1987/766 2782/1988/766 2780/1989/766
f 1667/1990/762 1663/1991/762 2784/1992/762
f 2785/1987/766 2786/1993/766 2787/1994/766
f 2785/1987/766 2787/1994/766 2788/1995/766
f 2785/1987/766 2788/1995/766 2782/1988/766
f 1667/1990/762 2784/1992/762 2794/1996/762
f 2794/1996/762 1670/1997/762 1667/1990/762
f 1671/1998/765 1668/1999/765 2792/2000/765
f 1671/1998/765 2790/2001/765 1665/2002/765
f 1671/1998/765 2792/2000/765 2791/2003/765
f 1671/1998/765 2791/2003/765 2790/2001/765
f 1669/2004/768 1664/2005/769 1673/2006/768
f 1673/2006/768 2793/2007/770 1669/2004/768
f 1673/2006/768 1672/2008/770 2793/2007/770
f 2794/1996/762 1674/2009/762 1670/1997/762
f 1672/2008/770 2795/2010/771 2793/2007/770
f 1674/2009/762 1675/2011/762 2796/2012/762
f 1674/2009/762 2796/2012/762 1670/1997/762
f 2786/1993/766 1676/2013/766 2798/2014/766
f 1675/2011/762 2797/2015/762 2796/2012/762
f 1676/2013/766 1677/2016/766 2799/2017/766
f 1676/2013/766 2799/2017/766 2798/2014/766
f 1679/2018/765 1678/2019/765 2801/2020/765
f 1679/2018/765 2801/2020/765 2800/2021/765
f 1668/1999/765 1679/2018/765 2800/2021/765
f 2786/1993/766 2798/2014/766 2787/1994/766
f 1680/2022/771 1681/2023/772 2814/2024/772
f 1681/2023/772 2813/2025/773 2814/2024/772
f 1681/2023/772 2802/2026/773 2813/2025/773
f 1678/2019/765 1684/2027/765 2801/2020/765
f 1678/2019/765 2809/2028/765 1684/2027/765
f 2809/2028/765 2803/2029/765 1684/2027/765
f 2802/2026/773 2805/2030/774 2813/2025/773
f 2802/2026/773 2804/2031/774 2805/2030/774
f 2806/2032/761 1687/2033/761 2807/2034/761
f 2809/2028/765 2808/2035/765 2803/2029/765
f 2812/2036/766 1688/2037/766 1685/2038/766
f 2807/2034/761 2810/2039/761 2806/2032/761
f 2812/2036/766 2811/2040/766 1688/2037/766
f 1682/2041/762 1683/2042/762 1690/2043/762
f 1682/2041/762 1690/2043/762 2797/2015/762
f 1683/2042/762 1689/2044/762 1690/2043/762
f 1677/2016/766 2812/2036/766 1685/2038/766
f 1683/2042/762 1686/2045/762 1689/2044/762
f 1677/2016/766 1685/2038/766 2799/2017/766
f 1675/2011/762 1682/2041/762 2797/2015/762
f 1680/2022/771 2814/2024/772 2795/2010/771
f 1672/2008/770 1680/2022/771 2795/2010/771
f 1668/1999/765 2800/2021/765 2792/2000/765
f 1669/2004/768 1666/2046/769 1664/2005/769
f 2849/2047/767 2815/2048/767 2817/2049/767
f 2823/2050/765 1691/2051/765 2816/2052/765
f 2849/2047/767 2817/2049/767 2819/2053/767
f 2848/2054/768 1694/2055/769 2818/2056/769
f 2848/2054/768 2818/2056/769 2821/2057/768
f 2823/2050/765 1696/2058/765 1691/2051/765
f 2846/2059/766 2822/2060/766 1697/2061/766
f 2846/2059/766 1697/2061/766 1692/2062/766
f 2823/2050/765 1699/2063/765 2825/2064/765
f 2823/2050/765 2825/2064/765 1696/2058/765
f 1700/2065/770 2824/2066/771 2826/2067/771
f 1699/2063/765 1701/2068/765 2825/2064/765
f 2821/2057/768 1700/2065/770 2827/2069/770
f 1700/2065/770 2826/2067/771 2827/2069/770
f 1702/2070/762 1703/2071/762 2844/2072/762
f 1703/2071/762 2847/2073/762 2844/2072/762
f 1703/2071/762 2828/2074/762 2847/2073/762
f 2824/2066/771 1706/2075/772 2826/2067/771
f 2828/2074/762 2842/2076/762 2847/2073/762
f 2828/2074/762 2829/2077/762 2842/2076/762
f 2830/2078/772 1708/2079/773 1706/2075/772
f 2824/2066/771 2830/2078/772 1706/2075/772
f 2843/2080/765 2837/2081/765 1709/2082/765
f 2837/2081/765 2831/2083/765 1709/2082/765
f 2843/2080/765 1709/2082/765 1701/2068/765
f 2830/2078/772 1712/2084/773 1708/2079/773
f 1712/2084/773 2840/2085/774 1708/2079/773
f 1712/2084/773 2832/2086/774 2840/2085/774
f 2836/2087/765 2833/2088/765 2831/2083/765
f 2837/2081/765 2836/2087/765 2831/2083/765
f 1705/2089/766 1707/2090/766 1715/2091/766
f 1705/2089/766 1715/2091/766 1710/2092/766
f 1707/2090/766 2834/2093/766 1715/2091/766
f 2836/2087/765 1716/2094/765 2833/2088/765
f 2835/2095/761 2838/2096/761 2841/2097/761
f 2841/2097/761 1713/2098/761 2835/2095/761
f 1707/2090/766 1717/2099/766 2834/2093/766
f 2829/2077/762 1714/2100/762 2839/2101/762
f 2829/2077/762 2839/2101/762 2842/2076/762
f 1704/2102/766 1710/2092/766 1711/2103/766
f 1699/2063/765 2843/2080/765 1701/2068/765
f 2845/2104/766 1704/2102/766 1711/2103/766
f 2845/2104/766 1711/2103/766 2822/2060/766
f 1695/2105/762 1718/2106/762 1698/2107/762
f 1695/2105/762 1702/2070/762 1718/2106/762
f 1702/2070/762 2844/2072/762 1718/2106/762
f 2846/2059/766 2845/2104/766 2822/2060/766
f 1704/2102/766 1705/2089/766 1710/2092/766
f 2821/2057/768 2827/2069/770 2848/2054/768
f 1698/2107/762 2850/2108/762 2820/2109/762
f 2846/2059/766 1692/2062/766 1693/2110/766
f 1698/2107/762 2820/2109/762 1695/2105/762
f 2851/2111/766 2853/2112/766 2855/2113/766
f 1720/2114/761 2857/2115/761 2854/2116/761
f 1719/2117/765 2859/2118/765 2856/2119/765
f 1719/2117/765 2858/2120/765 2859/2118/765
f 2863/2121/764 1721/2122/764 1723/2123/764
f 2865/2124/763 2861/2125/763 2860/2126/763
f 2865/2124/763 2860/2126/763 1722/2127/763
f 2863/2121/764 1723/2123/764 2862/2128/764
f 2851/2111/766 2855/2113/766 2864/2129/766
f 2852/2130/762 1726/2131/762 1725/2132/762
f 2852/2130/762 1725/2132/762 2866/2133/762
f 1720/2114/761 1724/2134/761 2857/2115/761
f 2869/2135/766 2871/2136/766 2867/2137/766
f 1728/2138/762 2868/2139/762 2873/2140/762
f 1727/2141/764 2872/2142/764 2875/2143/764
f 1727/2141/764 2875/2143/764 2874/2144/764
f 2881/2145/763 1730/2146/763 2876/2147/763
f 2881/2145/763 2876/2147/763 2877/2148/763
f 2879/2149/765 2878/2150/765 1731/2151/765
f 2879/2149/765 1731/2151/765 1729/2152/765
f 2870/2153/761 1733/2154/761 2880/2155/761
f 2869/2135/766 1734/2156/766 2871/2136/766
f 2870/2153/761 2882/2157/761 1733/2154/761
f 1728/2138/762 2873/2140/762 1732/2158/762
f 2885/2159/767 2887/2160/767 2883/2161/767
f 2918/2162/762 1736/2163/762 2884/2164/762
f 2889/2165/768 1735/2166/769 2888/2167/769
f 2918/2162/762 2884/2164/762 1739/2168/762
f 1739/2168/762 2890/2169/762 2915/2170/762
f 2891/2171/768 1740/2172/770 2889/2165/768
f 1739/2168/762 2915/2170/762 2918/2162/762
f 2889/2165/768 2888/2167/769 2891/2171/768
f 2896/2173/765 1742/2174/765 1737/2175/765
f 2896/2173/765 2892/2176/765 1742/2174/765
f 2891/2171/768 1744/2177/770 1740/2172/770
f 1744/2177/770 2914/2178/771 1740/2172/770
f 1744/2177/770 2893/2179/771 2914/2178/771
f 2895/2180/765 1746/2181/765 2892/2176/765
f 2896/2173/765 2895/2180/765 2892/2176/765
f 1741/2182/766 2894/2183/766 1747/2184/766
f 1738/2185/766 1741/2182/766 1747/2184/766
f 2895/2180/765 1748/2186/765 1746/2181/765
f 1738/2185/766 1747/2184/766 1743/2187/766
f 1741/2182/766 2913/2188/766 2894/2183/766
f 2913/2188/766 2897/2189/766 2894/2183/766
f 1748/2186/765 1750/2190/765 2898/2191/765
f 1748/2186/765 2898/2191/765 1746/2181/765
f 2893/2179/771 1751/2192/772 2903/2193/772
f 1751/2192/772 2900/2194/773 2903/2193/772
f 1751/2192/772 2899/2195/773 2900/2194/773
f 1750/2190/765 1753/2196/765 2898/2191/765
f 1754/2197/762 2901/2198/762 2905/2199/762
f 2899/2195/773 1755/2200/774 2900/2194/773
f 1752/2201/762 1754/2197/762 2904/2202/762
f 1754/2197/762 2905/2199/762 2904/2202/762
f 1756/2203/766 2906/2204/766 2907/2205/766
f 2908/2206/761 1757/2207/761 2902/2208/761
f 2902/2208/761 2909/2209/761 2908/2206/761
f 2911/2210/765 1758/2211/765 2910/2212/765
f 1756/2203/766 2907/2205/766 1760/2213/766
f 2912/2214/766 1756/2203/766 1760/2213/766
f 2912/2214/766 1760/2213/766 2897/2189/766
f 1750/2190/765 2911/2210/765 1753/2196/765
f 2911/2210/765 2910/2212/765 1753/2196/765
f 1745/2215/762 1761/2216/762 1749/2217/762
f 1745/2215/762 1752/2201/762 1761/2216/762
f 2913/2188/766 2912/2214/766 2897/2189/766
f 1752/2201/762 2904/2202/762 1761/2216/762
f 2899/2195/773 1759/2218/774 1755/2200/774
f 2893/2179/771 2903/2193/772 2914/2178/771
f 2890/2169/762 1749/2217/762 2915/2170/762
f 2890/2169/762 1745/2215/762 1749/2217/762
f 2896/2173/765 1737/2175/765 2916/2219/765
f 1738/2185/766 1743/2187/766 2917/2220/766
f 1738/2185/766 2917/2220/766 2886/2221/766
f 2885/2159/767 1762/2222/767 2887/2160/767
f 2953/2223/767 2919/2224/767 2921/2225/767
f 2953/2223/767 2921/2225/767 2923/2226/767
f 2926/2227/765 1763/2228/765 2920/2229/765
f 2952/2230/768 1766/2231/769 2922/2232/769
f 2952/2230/768 2922/2232/769 2925/2233/768
f 2926/2227/765 1768/2234/765 1763/2228/765
f 2935/2235/766 1769/2236/766 1765/2237/766
f 2935/2235/766 2927/2238/766 1769/2236/766
f 2926/2227/765 1771/2239/765 2928/2240/765
f 2926/2227/765 2928/2240/765 1768/2234/765
f 2925/2233/768 1772/2241/770 2951/2242/770
f 1772/2241/770 2950/2243/771 2951/2242/770
f 1772/2241/770 2929/2244/771 2950/2243/771
f 1771/2239/765 1775/2245/765 2928/2240/765
f 2929/2244/771 2949/2246/772 2950/2243/771
f 2929/2244/771 2930/2247/772 2949/2246/772
f 2931/2248/765 1777/2249/765 1775/2245/765
f 1771/2239/765 2931/2248/765 1775/2245/765
f 2931/2248/765 2932/2250/765 1777/2249/765
f 2934/2251/766 1779/2252/766 1778/2253/766
f 2933/2254/766 2934/2251/766 1778/2253/766
f 2933/2254/766 1778/2253/766 2927/2238/766
f 1773/2255/762 1780/2256/762 1781/2257/762
f 2935/2235/766 2933/2254/766 2927/2238/766
f 1767/2258/762 1781/2257/762 1770/2259/762
f 1767/2258/762 1773/2255/762 1781/2257/762
f 1773/2255/762 1774/2260/762 1780/2256/762
f 1774/2260/762 2936/2261/762 1780/2256/762
f 2934/2251/766 1782/2262/766 1779/2252/766
f 1774/2260/762 1776/2263/762 2936/2261/762
f 1776/2263/762 2937/2264/762 2936/2261/762
f 1782/2262/766 1783/2265/766 2938/2266/766
f 1782/2262/766 2938/2266/766 1779/2252/766
f 2932/2250/765 1784/2267/765 2945/2268/765
f 1784/2267/765 2941/2269/765 2945/2268/765
f 1783/2265/766 2939/2270/766 2938/2266/766
f 1784/2267/765 2940/2271/765 2941/2269/765
f 2943/2272/761 2942/2273/761 1786/2274/761
f 1785/2275/773 1787/2276/774 1788/2277/774
f 2946/2278/762 2944/2279/762 2947/2280/762
f 1785/2275/773 1788/2277/774 1789/2281/773
f 1786/2274/761 2948/2282/761 2943/2272/761
f 1783/2265/766 1790/2283/766 2939/2270/766
f 2946/2278/762 2947/2280/762 2937/2264/762
f 1776/2263/762 2946/2278/762 2937/2264/762
f 2930/2247/772 1789/2281/773 2949/2246/772
f 2930/2247/772 1785/2275/773 1789/2281/773
f 2932/2250/765 2945/2268/765 1777/2249/765
f 2925/2233/768 2951/2242/770 2952/2230/768
f 1770/2259/762 2954/2284/762 2924/2285/762
f 1770/2259/762 2924/2285/762 1767/2258/762
f 2935/2235/766 1765/2237/766 1764/2286/766
f 2969/2287/766 2955/2288/766 2957/2289/766
f 2969/2287/766 2957/2289/766 2959/2290/766
f 2956/2291/765 2961/2292/765 2958/2293/765
f 2960/2294/764 1791/2295/764 1795/2296/764
f 2956/2291/765 2963/2297/765 2961/2292/765
f 2967/2298/763 2962/2299/763 2964/2300/763
f 2967/2298/763 2965/2301/763 2962/2299/763
f 2960/2294/764 1795/2296/764 1798/2302/764
f 2970/2303/762 1794/2304/762 2966/2305/762
f 2970/2303/762 2966/2305/762 2968/2306/762
f 1792/2307/761 1797/2308/761 1796/2309/761
f 1792/2307/761 1796/2309/761 1793/2310/761
f 2985/2311/766 2971/2312/766 2973/2313/766
f 2985/2311/766 2973/2313/766 2975/2314/766
f 2972/2315/765 2977/2316/765 2974/2317/765
f 2976/2318/764 1799/2319/764 1803/2320/764
f 2983/2321/763 2979/2322/763 2978/2323/763
f 2976/2318/764 1803/2320/764 1804/2324/764
f 2983/2321/763 2978/2323/763 2981/2325/763
f 2972/2315/765 2982/2326/765 2977/2316/765
f 2986/2327/761 1806/2328/761 1801/2329/761
f 2986/2327/761 2984/2330/761 1806/2328/761
f 1800/2331/762 2980/2332/762 1805/2333/762
f 1800/2331/762 1802/2334/762 2980/2332/762
f 2989/2335/762 2999/2336/762 2987/2337/762
f 1807/2338/761 2988/2339/761 2995/2340/761
f 2990/2341/766 2991/2342/766 3001/2343/766
f 2990/2341/766 3001/2343/766 2993/2344/766
f 1807/2338/761 2995/2340/761 2992/2345/761
f 2989/2335/762 1811/2346/762 2999/2336/762
f 1810/2347/765 2996/2348/765 2997/2349/765
f 1808/2350/763 2998/2351/763 1813/2352/763
f 1808/2350/763 3000/2353/763 2998/2351/763
f 2994/2354/764 1814/2355/764 1812/2356/764
f 1810/2347/765 2997/2349/765 3002/2357/765
f 2994/2354/764 1809/2358/764 1814/2355/764
f 3005/2359/766 3017/2360/766 3003/2361/766
f 3006/2362/762 1816/2363/762 3015/2364/762
f 3005/2359/766 3007/2365/766 3017/2360/766
f 1815/2366/761 3011/2367/761 3008/2368/761
f 3006/2362/762 3015/2364/762 3009/2369/762
f 1815/2366/761 3010/2370/761 3011/2367/761
f 1820/2371/763 3013/2372/763 3012/2373/763
f 1818/2374/765 1821/2375/765 3014/2376/765
f 1820/2371/763 3016/2377/763 3013/2372/763
f 3004/2378/764 1822/2379/764 1819/2380/764
f 1818/2374/765 3014/2376/765 3018/2381/765
f 3004/2378/764 1817/2382/764 1822/2379/764
f 3019/2383/766 3021/2384/766 3031/2385/766
f 3019/2383/766 3031/2385/766 3023/2386/766
f 1823/2387/761 3027/2388/761 3022/2389/761
f 3020/2390/762 1826/2391/762 3033/2392/762
f 3020/2390/762 3033/2392/762 3025/2393/762
f 1823/2387/761 3026/2394/761 3027/2388/761
f 1828/2395/763 3029/2396/763 3028/2397/763
f 1825/2398/765 1829/2399/765 3030/2400/765
f 1825/2398/765 3030/2400/765 3032/2401/765
f 3024/2402/764 1824/2403/764 1830/2404/764
f 1828/2395/763 3034/2405/763 3029/2396/763
f 3024/2402/764 1830/2404/764 1827/2406/764
f 3035/2407/766 3037/2408/766 3039/2409/766
f 1832/2410/761 3041/2411/761 3038/2412/761
f 1831/2413/765 3043/2414/765 3040/2415/765
f 1831/2413/765 3042/2416/765 3043/2414/765
f 3049/2417/764 1833/2418/764 3044/2419/764
f 3049/2417/764 3044/2419/764 3045/2420/764
f 3047/2421/763 3046/2422/763 1835/2423/763
f 3047/2421/763 1835/2423/763 1834/2424/763
f 3036/2425/762 1837/2426/762 3048/2427/762
f 1832/2410/761 1838/2428/761 3041/2411/761
f 3036/2425/762 3050/2429/762 1837/2426/762
f 3035/2407/766 3039/2409/766 1836/2430/766
f 3065/2431/766 3051/2432/766 3053/2433/766
f 3065/2431/766 3053/2433/766 3055/2434/766
f 3052/2435/765 3057/2436/765 3054/2437/765
f 3056/2438/764 1839/2439/764 3058/2440/764
f 3056/2438/764 3058/2440/764 3059/2441/764
f 3063/2442/763 3060/2443/763 1843/2444/763
f 3063/2442/763 1843/2444/763 3061/2445/763
f 3052/2435/765 1846/2446/765 3057/2436/765
f 3066/2447/761 3064/2448/761 3062/2449/761
f 3066/2447/761 3062/2449/761 1841/2450/761
f 1840/2451/762 1845/2452/762 1844/2453/762
f 1840/2451/762 1842/2454/762 1845/2452/762
f 3067/2455/766 3069/2456/766 3081/2457/766
f 3067/2455/766 3081/2457/766 3071/2458/766
f 1847/2459/761 3075/2460/761 3070/2461/761
f 3068/2462/762 1850/2463/762 3079/2464/762
f 3068/2462/762 3079/2464/762 3073/2465/762
f 1847/2459/761 3074/2466/761 3075/2460/761
f 1852/2467/763 3077/2468/763 3076/2469/763
f 1849/2470/765 1853/2471/765 3078/2472/765
f 1852/2467/763 3080/2473/763 3077/2468/763
f 3072/2474/764 1854/2475/764 1851/2476/764
f 1849/2470/765 3078/2472/765 3082/2477/765
f 3072/2474/764 1848/2478/764 1854/2475/764
f 3083/2479/766 3085/2480/766 3095/2481/766
f 3083/2479/766 3095/2481/766 3087/2482/766
f 1855/2483/761 3091/2484/761 3086/2485/761
f 3084/2486/762 1858/2487/762 3097/2488/762
f 3084/2486/762 3097/2488/762 3089/2489/762
f 1855/2483/761 3090/2490/761 3091/2484/761
f 1857/2491/765 3092/2492/765 3093/2493/765
f 1860/2494/763 3094/2495/763 1861/2496/763
f 1857/2491/765 3093/2493/765 3096/2497/765
f 3088/2498/764 1856/2499/764 1862/2500/764
f 1860/2494/763 3098/2501/763 3094/2495/763
f 3088/2498/764 1862/2500/764 1859/2502/764
f 3099/2503/766 3101/2504/766 3113/2505/766
f 3099/2503/766 3113/2505/766 3103/2506/766
f 1863/2507/761 3107/2508/761 3102/2509/761
f 3100/2510/762 1866/2511/762 3111/2512/762
f 3100/2510/762 3111/2512/762 3105/2513/762
f 1863/2507/761 3106/2514/761 3107/2508/761
f 1865/2515/765 3108/2516/765 3109/2517/765
f 1868/2518/763 3110/2519/763 1869/2520/763
f 1865/2515/765 3109/2517/765 3114/2521/765
f 1868/2518/763 3112/2522/763 3110/2519/763
f 3104/2523/764 1870/2524/764 1867/2525/764
f 3104/2523/764 1864/2526/764 1870/2524/764
f 3115/2527/766 3117/2528/766 3127/2529/766
f 3115/2527/766 3127/2529/766 3119/2530/766
f 1871/2531/761 3123/2532/761 3118/2533/761
f 3116/2534/762 1874/2535/762 3129/2536/762
f 3116/2534/762 3129/2536/762 3121/2537/762
f 1871/2531/761 3122/2538/761 3123/2532/761
f 1876/2539/763 3125/2540/763 3124/2541/763
f 1873/2542/765 1877/2543/765 3126/2544/765
f 1873/2542/765 3126/2544/765 3128/2545/765
f 3120/2546/764 1872/2547/764 1878/2548/764
f 1876/2539/763 3130/2549/763 3125/2540/763
f 3120/2546/764 1878/2548/764 1875/2550/764
f 3131/2551/766 3133/2552/766 3135/2553/766
f 1880/2554/761 3137/2555/761 3134/2556/761
f 1879/2557/765 3139/2558/765 3136/2559/765
f 1879/2557/765 3138/2560/765 3139/2558/765
f 3143/2561/764 1881/2562/764 1883/2563/764
f 3145/2564/763 3141/2565/763 3140/2566/763
f 3145/2564/763 3140/2566/763 1882/2567/763
f 3143/2561/764 1883/2563/764 3142/2568/764
f 3131/2551/766 3135/2553/766 3144/2569/766
f 3132/2570/762 1886/2571/762 1885/2572/762
f 3132/2570/762 1885/2572/762 3146/2573/762
f 1880/2554/761 1884/2574/761 3137/2555/761
f 3161/2575/766 3147/2576/766 3149/2577/766
f 3161/2575/766 3149/2577/766 3151/2578/766
f 3148/2579/765 3153/2580/765 3150/2581/765
f 3152/2582/764 1887/2583/764 3154/2584/764
f 3152/2582/764 3154/2584/764 3155/2585/764
f 3159/2586/763 3156/2587/763 1891/2588/763
f 3159/2586/763 1891/2588/763 3157/2589/763
f 3148/2579/765 1894/2590/765 3153/2580/765
f 3162/2591/761 3158/2592/761 1889/2593/761
f 3162/2591/761 3160/2594/761 3158/2592/761
f 1888/2595/762 1892/2596/762 1893/2597/762
f 1888/2595/762 1890/2598/762 1892/2596/762
f 3177/2599/766 3163/2600/766 3165/2601/766
f 3177/2599/766 3165/2601/766 3167/2602/766
f 3164/2603/765 3169/2604/765 3166/2605/765
f 3168/2606/764 1895/2607/764 1899/2608/764
f 3175/2609/763 3171/2610/763 3170/2611/763
f 3175/2609/763 3170/2611/763 3173/2612/763
f 3168/2606/764 1899/2608/764 1901/2613/764
f 3164/2603/765 1902/2614/765 3169/2604/765
f 3178/2615/761 3176/2616/761 3174/2617/761
f 3178/2615/761 3174/2617/761 1897/2618/761
f 1896/2619/762 3172/2620/762 1900/2621/762
f 1896/2619/762 1898/2622/762 3172/2620/762
f 3179/2623/766 3181/2624/766 3183/2625/766
f 1904/2626/761 3185/2627/761 3182/2628/761
f 1903/2629/765 3189/2630/765 3184/2631/765
f 1903/2629/765 3186/2632/765 3189/2630/765
f 3193/2633/763 3187/2634/763 3190/2635/763
f 3193/2633/763 3190/2635/763 1906/2636/763
f 3191/2637/764 1907/2638/764 3188/2639/764
f 3191/2637/764 1905/2640/764 1907/2638/764
f 3180/2641/762 3192/2642/762 1909/2643/762
f 3179/2623/766 3183/2625/766 1910/2644/766
f 3180/2641/762 1909/2643/762 3194/2645/762
f 1904/2626/761 1908/2646/761 3185/2627/761
f 3209/2647/762 3195/2648/762 3197/2649/762
f 3209/2647/762 3197/2649/762 3199/2650/762
f 3196/2651/764 3201/2652/764 3198/2653/764
f 3200/2654/763 1911/2655/763 1915/2656/763
f 3207/2657/765 3203/2658/765 3202/2659/765
f 3207/2657/765 3202/2659/765 3205/2660/765
f 3200/2654/763 1915/2656/763 1917/2661/763
f 3196/2651/764 3206/2662/764 3201/2652/764
f 3210/2663/766 1918/2664/766 1913/2665/766
f 3210/2663/766 3208/2666/766 1918/2664/766
f 1912/2667/761 1914/2668/761 3204/2669/761
f 1912/2667/761 3204/2669/761 1916/2670/761
f 3213/2671/766 3225/2672/766 3211/2673/766
f 3214/2674/762 1920/2675/762 3223/2676/762
f 3213/2671/766 3215/2677/766 3225/2672/766
f 1919/2678/761 3219/2679/761 3216/2680/761
f 3214/2674/762 3223/2676/762 3217/2681/762
f 1919/2678/761 3218/2682/761 3219/2679/761
f 1922/2683/765 3220/2684/765 3221/2685/765
f 1924/2686/763 3222/2687/763 1925/2688/763
f 1924/2686/763 3224/2689/763 3222/2687/763
f 3212/2690/764 1926/2691/764 1923/2692/764
f 1922/2683/765 3221/2685/765 3226/2693/765
f 3212/2690/764 1921/2694/764 1926/2691/764
f 3241/2695/766 3227/2696/766 3229/2697/766
f 3228/2698/765 3233/2699/765 3230/2700/765
f 3241/2695/766 3229/2697/766 3231/2701/766
f 3232/2702/764 1927/2703/764 1931/2704/764
f 3239/2705/763 3234/2706/763 3235/2707/763
f 3228/2698/765 1932/2708/765 3233/2699/765
f 3239/2705/763 3237/2709/763 3234/2706/763
f 3232/2702/764 1931/2704/764 1934/2710/764
f 3242/2711/762 1930/2712/762 3238/2713/762
f 3242/2711/762 3238/2713/762 3240/2714/762
f 1929/2715/761 1933/2716/761 3236/2717/761
f 1929/2715/761 3236/2717/761 1928/2718/761
f 3257/2719/766 3243/2720/766 3245/2721/766
f 3244/2722/765 3249/2723/765 3246/2724/765
f 3257/2719/766 3245/2721/766 3247/2725/766
f 3248/2726/764 1935/2727/764 1939/2728/764
f 3255/2729/763 3251/2730/763 3250/2731/763
f 3255/2729/763 3250/2731/763 3253/2732/763
f 3248/2726/764 1939/2728/764 1941/2733/764
f 3244/2722/765 1942/2734/765 3249/2723/765
f 3258/2735/761 3256/2736/761 3254/2737/761
f 3258/2735/761 3254/2737/761 1936/2738/761
f 1937/2739/762 1938/2740/762 3252/2741/762
f 1937/2739/762 3252/2741/762 1940/2742/762
f 3273/2743/766 3259/2744/766 3261/2745/766
f 3260/2746/765 3265/2747/765 3262/2748/765
f 3273/2743/766 3261/2745/766 3263/2749/766
f 3264/2750/764 1943/2751/764 1947/2752/764
f 3271/2753/763 3267/2754/763 3266/2755/763
f 3271/2753/763 3266/2755/763 3269/2756/763
f 3264/2750/764 1947/2752/764 3268/2757/764
f 3260/2746/765 1950/2758/765 3265/2747/765
f 3274/2759/761 3272/2760/761 3270/2761/761
f 3274/2759/761 3270/2761/761 1944/2762/761
f 1945/2763/762 1946/2764/762 1949/2765/762
f 1945/2763/762 1949/2765/762 1948/2766/762
f 3289/2767/766 3275/2768/766 3277/2769/766
f 3276/2770/765 3281/2771/765 3278/2772/765
f 3289/2767/766 3277/2769/766 3279/2773/766
f 3280/2774/764 1951/2775/764 1955/2776/764
f 3287/2777/763 3283/2778/763 3282/2779/763
f 3287/2777/763 3282/2779/763 3285/2780/763
f 3280/2774/764 1955/2776/764 1957/2781/764
f 3276/2770/765 1958/2782/765 3281/2771/765
f 3290/2783/761 3288/2784/761 3286/2785/761
f 3290/2783/761 3286/2785/761 1952/2786/761
f 1953/2787/762 1954/2788/762 3284/2789/762
f 1953/2787/762 3284/2789/762 1956/2790/762
f 3305/2791/766 3291/2792/766 3293/2793/766
f 3305/2791/766 3295/2794/766 3291/2792/766
f 3294/2795/764 3292/2796/764 3297/2797/764
f 3296/2798/765 1963/2799/765 1959/2800/765
f 3303/2801/763 3299/2802/763 3298/2803/763
f 3303/2801/763 3298/2803/763 3301/2804/763
f 3294/2795/764 3297/2797/764 1965/2805/764
f 3296/2798/765 3302/2806/765 1963/2799/765
f 3306/2807/761 1966/2808/761 1962/2809/761
f 3306/2807/761 3304/2810/761 1966/2808/761
f 1960/2811/762 3300/2812/762 1964/2813/762
f 1960/2811/762 1961/2814/762 3300/2812/762
f 1968/2815/764 3307/2816/764 3309/2817/764
f 1968/2815/764 3309/2817/764 3311/2818/764
f 3313/2819/775 1967/2820/775 3308/2821/775
f 3315/2822/776 1970/2823/776 3310/2824/776
f 3315/2822/776 3310/2824/776 1972/2825/776
f 1973/2826/761 3316/2827/761 3314/2828/761
f 1973/2826/761 3314/2828/761 3317/2829/761
f 3313/2819/775 3308/2821/775 3318/2830/775
f 1973/2826/761 3317/2829/761 3319/2831/761
f 1974/2832/777 3321/2833/777 3320/2834/777
f 1974/2832/777 1969/2835/777 3321/2833/777
f 1975/2836/778 3322/2837/778 3323/2838/778
f 1968/2815/764 3324/2839/764 1976/2840/764
f 1968/2815/764 1976/2840/764 3307/2816/764
f 1975/2836/778 3323/2838/778 3327/2841/778
f 1968/2815/764 3325/2842/764 3324/2839/764
f 1979/2843/779 1977/2844/779 3326/2845/779
f 1973/2826/761 3319/2831/761 3328/2846/761
f 1973/2826/761 3328/2846/761 3329/2847/761
f 1979/2843/779 3326/2845/779 1980/2848/779
f 1973/2826/761 3329/2847/761 3331/2849/761
f 3330/2850/780 3335/2851/780 3332/2852/780
f 3330/2850/780 1978/2853/780 3335/2851/780
f 1968/2815/764 3333/2854/764 3336/2855/764
f 1968/2815/764 3336/2855/764 3325/2842/764
f 1981/2856/781 1982/2857/782 1983/2858/782
f 1968/2815/764 3311/2818/764 3333/2854/764
f 3337/2859/783 3334/2860/784 3312/2861/784
f 1981/2856/781 1983/2858/782 1984/2862/781
f 1973/2826/761 3338/2863/761 3316/2827/761
f 1973/2826/761 3331/2849/761 3338/2863/761
f 3337/2859/783 3312/2861/784 1971/2864/783
f 1986/2865/764 3339/2866/764 3341/2867/764
f 1986/2865/764 3343/2868/764 3339/2866/764
f 3347/2869/776 1987/2870/776 3340/2871/776
f 3345/2872/775 1985/2873/775 3344/2874/775
f 3347/2869/776 3340/2871/776 1990/2875/776
f 3345/2872/775 3344/2874/775 3349/2876/775
f 1991/2877/761 1989/2878/761 3346/2879/761
f 1991/2877/761 3346/2879/761 3350/2880/761
f 1991/2877/761 3350/2880/761 3351/2881/761
f 1992/2882/777 3353/2883/777 3352/2884/777
f 1992/2882/777 1988/2885/777 3353/2883/777
f 1986/2865/764 3354/2886/764 3343/2868/764
f 1986/2865/764 3355/2887/764 3354/2886/764
f 1993/2888/778 1994/2889/778 3356/2890/778
f 1986/2865/764 3357/2891/764 3355/2887/764
f 3359/2892/779 1995/2893/779 3358/2894/779
f 1993/2888/778 3356/2890/778 1997/2895/778
f 3359/2892/779 3358/2894/779 3361/2896/779
f 1991/2877/761 3360/2897/761 1998/2898/761
f 1991/2877/761 3351/2881/761 3360/2897/761
f 3362/2899/780 3365/2900/780 3363/2901/780
f 1991/2877/761 1998/2898/761 1999/2902/761
f 3362/2899/780 1996/2903/780 3365/2900/780
f 3364/2904/781 2000/2905/782 3367/2906/782
f 1986/2865/764 3366/2907/764 3357/2891/764
f 1986/2865/764 3368/2908/764 3366/2907/764
f 1986/2865/764 3341/2867/764 3368/2908/764
f 3369/2909/783 2001/2910/784 3342/2911/784
f 3364/2904/781 3367/2906/782 3370/2912/781
f 3369/2909/783 3342/2911/784 3348/2913/783
f 1991/2877/761 1999/2902/761 2002/2914/761
f 1991/2877/761 2002/2914/761 1989/2878/761
f 3372/2915/761 3390/2916/761 3371/2917/785
f 3372/2915/761 3394/2918/786 3390/2916/761
f 2005/2919/762 2008/2920/762 2003/2921/762
f 3373/2922/786 3394/2918/786 3372/2915/761
f 2003/2921/762 2008/2920/762 2006/2923/762
f 2006/2923/762 2008/2920/762 3404/2924/762
f 3406/2925/762 2008/2920/762 3402/2926/762
f 3402/2926/762 2008/2920/762 3401/2927/762
f 3396/2928/762 2008/2920/762 3406/2925/762
f 3399/2929/762 2008/2920/762 3405/2930/762
f 3398/2931/762 2008/2920/762 3399/2929/762
f 3395/2932/762 2008/2920/762 3396/2928/762
f 3405/2930/762 2008/2920/762 3376/2933/762
f 3376/2933/762 2008/2920/762 3374/2934/762
f 3404/2924/762 2008/2920/762 3403/2935/762
f 3403/2935/762 2008/2920/762 3400/2936/762
f 3401/2927/762 2008/2920/762 2005/2919/762
f 3400/2936/762 2008/2920/762 3397/2937/762
f 3397/2937/762 2008/2920/762 3398/2931/762
f 3375/2938/762 2008/2920/762 3395/2932/762
f 3374/2934/762 2008/2920/762 3375/2938/762
f 2022/2939/787 3377/2940/787 2023/2941/788
f 2023/2941/788 3377/2940/787 3378/2942/789
f 2023/2941/788 3378/2942/789 2014/2943/764
f 2024/2944/765 2027/2945/765 2025/2946/765
f 2014/2943/764 3378/2942/789 3379/2947/764
f 2025/2946/765 2027/2945/765 2026/2948/765
f 3393/2949/765 2027/2945/765 2007/2950/765
f 3392/2951/765 2027/2945/765 3393/2949/765
f 2007/2950/765 2027/2945/765 2004/2952/765
f 3389/2953/765 2027/2945/765 3392/2951/765
f 3386/2954/765 2027/2945/765 3389/2953/765
f 3391/2955/765 2027/2945/765 3387/2956/765
f 3387/2956/765 2027/2945/765 3385/2957/765
f 3384/2958/765 2027/2945/765 3382/2959/765
f 3382/2959/765 2027/2945/765 3380/2960/765
f 2026/2948/765 2027/2945/765 3391/2955/765
f 2004/2952/765 2027/2945/765 3388/2961/765
f 3388/2961/765 2027/2945/765 3383/2962/765
f 3385/2957/765 2027/2945/765 3386/2954/765
f 3383/2962/765 2027/2945/765 3384/2958/765
f 3380/2960/765 2027/2945/765 3381/2963/765
f 3381/2963/765 2027/2945/765 2024/2944/765
f 2021/2964/790 2039/2965/791 2040/2966/790
f 2021/2964/790 2040/2966/790 2022/2939/787
f 2022/2939/787 2040/2966/790 3377/2940/787
f 2012/2967/791 2039/2965/791 2021/2964/790
f 2012/2967/791 2032/2968/792 2039/2965/791
f 2009/2969/793 2036/2970/794 2038/2971/793
f 2009/2969/793 2038/2971/793 2010/2972/795
f 2010/2972/795 2038/2971/793 2032/2968/792
f 2019/2973/796 2037/2974/797 2035/2975/798
f 2020/2976/797 2037/2974/797 2019/2973/796
f 2020/2976/797 2031/2977/799 2037/2974/797
f 2018/2978/794 2034/2979/785 2036/2970/794
f 2018/2978/794 2036/2970/794 2009/2969/793
f 2019/2973/796 2035/2975/798 2017/2980/800
f 2017/2980/800 2035/2975/798 2030/2981/801
f 3371/2917/785 3390/2916/761 2034/2979/785
f 3371/2917/785 2034/2979/785 2018/2978/794
f 2011/2982/799 2033/2983/802 2031/2977/799
f 2013/2984/802 3379/2947/764 2033/2983/802
f 2013/2984/802 2033/2983/802 2011/2982/799
f 2010/2972/795 2032/2968/792 2012/2967/791
f 2011/2982/799 2031/2977/799 2020/2976/797
f 2016/2985/803 2030/2981/801 2029/2986/803
f 2017/2980/800 2030/2981/801 2016/2985/803
f 2015/2987/804 2029/2986/803 2028/2988/804
f 2016/2985/803 2029/2986/803 2015/2987/804
f 3373/2922/786 2028/2988/804 3394/2918/786
f 2015/2987/804 2028/2988/804 3373/2922/786
f 2014/2943/764 3379/2947/764 2013/2984/802
f 3422/2989/786 3407/2990/804 3408/2991/786
f 3430/2992/804 3407/2990/804 3422/2989/786
f 2041/2993/765 2046/2994/765 2043/2995/765
f 3430/2992/804 3409/2996/803 3407/2990/804
f 2045/2997/765 2046/2994/765 2041/2993/765
f 2043/2995/765 2046/2994/765 3442/2998/765
f 3440/2999/765 2046/2994/765 2045/2997/765
f 3442/2998/765 2046/2994/765 3438/3000/765
f 3438/3000/765 2046/2994/765 3437/3001/765
f 3434/3002/765 2046/2994/765 3441/3003/765
f 3441/3003/765 2046/2994/765 3439/3004/765
f 3433/3005/765 2046/2994/765 3434/3002/765
f 3436/3006/765 2046/2994/765 3432/3007/765
f 3432/3007/765 2046/2994/765 3410/3008/765
f 3431/3009/765 2046/2994/765 3433/3005/765
f 3412/3010/765 2046/2994/765 3431/3009/765
f 3439/3004/765 2046/2994/765 3440/2999/765
f 3437/3001/765 2046/2994/765 3435/3011/765
f 3435/3011/765 2046/2994/765 3436/3006/765
f 3410/3008/765 2046/2994/765 3411/3012/765
f 3411/3012/765 2046/2994/765 3412/3010/765
f 3413/3013/787 2059/3014/790 2061/3015/787
f 3415/3016/789 2061/3015/787 2060/3017/789
f 3413/3013/787 2061/3015/787 3415/3016/789
f 2063/3018/762 2064/3019/762 3414/3020/762
f 2062/3021/762 2064/3019/762 2063/3018/762
f 2065/3022/790 2059/3014/790 3413/3013/787
f 2065/3022/790 2051/3023/791 2059/3014/790
f 3416/3024/791 2051/3023/791 2065/3022/790
f 3414/3020/762 2064/3019/762 2066/3025/762
f 2066/3025/762 2064/3019/762 3417/3026/762
f 2067/3027/795 2057/3028/795 3416/3024/791
f 3416/3024/791 2057/3028/795 2051/3023/791
f 3418/3029/793 2056/3030/793 2067/3027/795
f 3417/3026/762 2064/3019/762 2068/3031/762
f 2067/3027/795 2056/3030/793 2057/3028/795
f 3418/3029/793 2055/3032/794 2056/3030/793
f 3419/3033/794 2055/3032/794 3418/3029/793
f 2068/3031/762 2064/3019/762 2069/3034/762
f 2069/3034/762 2064/3019/762 3420/3035/762
f 2070/3036/785 2048/3037/785 3419/3033/794
f 3419/3033/794 2048/3037/785 2055/3032/794
f 3421/3038/761 2047/3039/761 2070/3036/785
f 3420/3035/762 2064/3019/762 2071/3040/762
f 2070/3036/785 2047/3039/761 2048/3037/785
f 2071/3040/762 2064/3019/762 2042/3041/762
f 3422/2989/786 3408/2991/786 3421/3038/761
f 3421/3038/761 3408/2991/786 2047/3039/761
f 2042/3041/762 2064/3019/762 2044/3042/762
f 2044/3042/762 2064/3019/762 3429/3043/762
f 3429/3043/762 2064/3019/762 3428/3044/762
f 3428/3044/762 2064/3019/762 3427/3045/762
f 3427/3045/762 2064/3019/762 3426/3046/762
f 3426/3046/762 2064/3019/762 3425/3047/762
f 3425/3047/762 2064/3019/762 3424/3048/762
f 3424/3048/762 2064/3019/762 3423/3049/762
f 3423/3049/762 2064/3019/762 2062/3021/762
f 2078/3050/764 2052/3051/764 2077/3052/805
f 2078/3050/764 2060/3017/789 2052/3051/764
f 3415/3016/789 2060/3017/789 2078/3050/764
f 2077/3052/805 2058/3053/805 2076/3054/799
f 2077/3052/805 2052/3051/764 2058/3053/805
f 2076/3054/799 2050/3055/799 2075/3056/797
f 2076/3054/799 2058/3053/805 2050/3055/799
f 2075/3056/797 2049/3057/797 2074/3058/798
f 2075/3056/797 2050/3055/799 2049/3057/797
f 2074/3058/798 2054/3059/798 2073/3060/801
f 2074/3058/798 2049/3057/797 2054/3059/798
f 2073/3060/801 2053/3061/801 2072/3062/803
f 2073/3060/801 2054/3059/798 2053/3061/801
f 2072/3062/803 3409/2996/803 3430/2992/804
f 2072/3062/803 2053/3061/801 3409/2996/803
f 3466/3063/804 3444/3064/804 3460/3065/786
f 3460/3065/786 3444/3064/804 3445/3066/786
f 3466/3063/804 3443/3067/803 3444/3064/804
f 2082/3068/765 2084/3069/765 2079/3070/765
f 2079/3070/765 2084/3069/765 2083/3071/765
f 2083/3071/765 2084/3069/765 3478/3072/765
f 3478/3072/765 2084/3069/765 3476/3073/765
f 3473/3074/765 2084/3069/765 3477/3075/765
f 3477/3075/765 2084/3069/765 2082/3068/765
f 3476/3073/765 2084/3069/765 3475/3076/765
f 3472/3077/765 2084/3069/765 3473/3074/765
f 3475/3076/765 2084/3069/765 3470/3078/765
f 3470/3078/765 2084/3069/765 3467/3079/765
f 3447/3080/765 2084/3069/765 3471/3081/765
f 3446/3082/765 2084/3069/765 3447/3080/765
f 3469/3083/765 2084/3069/765 3474/3084/765
f 3468/3085/765 2084/3069/765 3469/3083/765
f 3474/3084/765 2084/3069/765 3448/3086/765
f 3448/3086/765 2084/3069/765 3446/3082/765
f 3471/3081/765 2084/3069/765 3472/3077/765
f 3467/3079/765 2084/3069/765 3468/3085/765
f 3450/3087/805 2099/3088/764 2091/3089/805
f 3449/3090/764 2099/3088/764 3450/3087/805
f 3449/3090/764 2093/3091/789 2099/3088/764
f 2100/3092/762 2102/3093/762 2101/3094/762
f 2101/3094/762 2102/3093/762 3451/3095/762
f 2103/3096/789 2093/3091/789 3449/3090/764
f 3452/3097/787 2094/3098/787 2103/3096/789
f 3451/3095/762 2102/3093/762 2104/3099/762
f 2103/3096/789 2094/3098/787 2093/3091/789
f 3453/3100/790 2092/3101/806 3452/3097/787
f 2104/3099/762 2102/3093/762 2105/3102/762
f 3452/3097/787 2092/3101/806 2094/3098/787
f 3454/3103/791 2098/3104/791 3453/3100/790
f 3453/3100/790 2098/3104/791 2092/3101/806
f 2105/3102/762 2102/3093/762 2106/3105/762
f 2106/3105/762 2102/3093/762 3455/3106/762
f 2107/3107/795 2097/3108/795 3454/3103/791
f 3454/3103/791 2097/3108/795 2098/3104/791
f 2107/3107/795 2090/3109/793 2097/3108/795
f 3456/3110/793 2090/3109/793 2107/3107/795
f 3455/3106/762 2102/3093/762 2108/3111/762
f 2108/3111/762 2102/3093/762 3457/3112/762
f 2109/3113/794 2089/3114/794 3456/3110/793
f 3456/3110/793 2089/3114/794 2090/3109/793
f 3458/3115/785 2087/3116/785 2109/3113/794
f 3457/3112/762 2102/3093/762 2110/3117/762
f 2109/3113/794 2087/3116/785 2089/3114/794
f 3459/3118/761 2085/3119/761 3458/3115/785
f 2110/3117/762 2102/3093/762 2111/3120/762
f 3458/3115/785 2085/3119/761 2087/3116/785
f 3460/3065/786 3445/3066/786 3459/3118/761
f 2111/3120/762 2102/3093/762 2080/3121/762
f 3459/3118/761 3445/3066/786 2085/3119/761
f 2081/3122/762 2102/3093/762 3465/3123/762
f 3465/3123/762 2102/3093/762 3464/3124/762
f 3463/3125/762 2102/3093/762 2100/3092/762
f 3462/3126/762 2102/3093/762 3463/3125/762
f 2080/3121/762 2102/3093/762 2081/3122/762
f 3464/3124/762 2102/3093/762 3461/3127/762
f 3461/3127/762 2102/3093/762 3462/3126/762
f 2116/3128/797 2095/3129/797 2115/3130/798
f 2116/3128/797 2096/3131/799 2095/3129/797
f 2113/3132/799 2096/3131/799 2116/3128/797
f 2115/3130/798 2088/3133/798 2114/3134/801
f 2115/3130/798 2095/3129/797 2088/3133/798
f 2114/3134/801 2086/3135/801 2112/3136/803
f 2114/3134/801 2088/3133/798 2086/3135/801
f 3450/3087/805 2091/3089/805 2113/3132/799
f 2113/3132/799 2091/3089/805 2096/3131/799
f 2112/3136/803 3443/3067/803 3466/3063/804
f 2112/3136/803 2086/3135/801 3443/3067/803
f 3494/3137/786 3479/3138/804 3480/3139/786
f 2118/3140/765 2122/3141/765 2117/3142/765
f 3494/3137/786 3480/3139/786 3502/3143/761
f 3502/3143/761 3480/3139/786 3481/3144/761
f 2117/3142/765 2122/3141/765 2121/3145/765
f 2121/3145/765 2122/3141/765 3506/3146/765
f 3514/3147/765 2122/3141/765 3509/3148/765
f 3509/3148/765 2122/3141/765 3508/3149/765
f 3505/3150/765 2122/3141/765 3514/3147/765
f 3507/3151/765 2122/3141/765 3513/3152/765
f 3506/3146/765 2122/3141/765 3507/3151/765
f 3504/3153/765 2122/3141/765 3505/3150/765
f 3513/3152/765 2122/3141/765 3512/3154/765
f 3512/3154/765 2122/3141/765 3511/3155/765
f 3511/3155/765 2122/3141/765 3510/3156/765
f 3483/3157/765 2122/3141/765 3503/3158/765
f 3482/3159/765 2122/3141/765 3483/3157/765
f 3510/3156/765 2122/3141/765 3484/3160/765
f 3484/3160/765 2122/3141/765 3482/3159/765
f 3508/3149/765 2122/3141/765 2118/3140/765
f 3503/3158/765 2122/3141/765 3504/3153/765
f 3487/3161/788 2137/3162/788 3486/3163/764
f 3487/3161/788 2132/3164/787 2137/3162/788
f 3486/3163/764 2137/3162/788 2130/3165/764
f 3485/3166/762 2140/3167/762 2139/3168/762
f 2139/3168/762 2140/3167/762 2138/3169/762
f 3486/3163/764 2130/3165/764 2141/3170/802
f 2141/3170/802 2136/3171/802 3488/3172/799
f 2141/3170/802 2130/3165/764 2136/3171/802
f 2142/3173/762 2140/3167/762 3485/3166/762
f 3489/3174/762 2140/3167/762 2142/3173/762
f 3488/3172/799 2135/3175/799 2143/3176/797
f 3488/3172/799 2136/3171/802 2135/3175/799
f 2143/3176/797 2126/3177/797 3490/3178/796
f 2144/3179/762 2140/3167/762 3489/3174/762
f 2143/3176/797 2135/3175/799 2126/3177/797
f 3490/3178/796 2124/3180/796 3491/3181/800
f 2145/3182/762 2140/3167/762 2144/3179/762
f 3490/3178/796 2126/3177/797 2124/3180/796
f 3492/3183/762 2140/3167/762 2145/3182/762
f 3491/3181/800 2123/3184/800 2146/3185/803
f 3491/3181/800 2124/3180/796 2123/3184/800
f 2146/3185/803 2133/3186/803 3493/3187/804
f 2147/3188/762 2140/3167/762 3492/3183/762
f 2146/3185/803 2123/3184/800 2133/3186/803
f 3493/3187/804 2133/3186/803 3479/3138/804
f 3493/3187/804 3479/3138/804 3494/3137/786
f 2120/3189/762 2140/3167/762 2147/3188/762
f 2119/3190/762 2140/3167/762 2120/3189/762
f 3499/3191/762 2140/3167/762 3501/3192/762
f 3501/3192/762 2140/3167/762 2119/3190/762
f 3498/3193/762 2140/3167/762 3499/3191/762
f 3497/3194/762 2140/3167/762 3500/3195/762
f 3500/3195/762 2140/3167/762 3498/3193/762
f 3496/3196/762 2140/3167/762 3497/3194/762
f 3495/3197/762 2140/3167/762 3496/3196/762
f 2138/3169/762 2140/3167/762 3495/3197/762
f 2153/3198/790 2131/3199/790 2154/3200/787
f 2154/3200/787 2132/3164/787 3487/3161/788
f 2154/3200/787 2131/3199/790 2132/3164/787
f 2151/3201/791 2129/3202/791 2153/3198/790
f 2153/3198/790 2129/3202/791 2131/3199/790
f 2149/3203/794 2125/3204/794 2152/3205/793
f 2152/3205/793 2125/3204/794 2127/3206/793
f 2152/3205/793 2127/3206/793 2150/3207/795
f 2150/3207/795 2128/3208/795 2151/3201/791
f 2151/3201/791 2128/3208/795 2129/3202/791
f 2150/3207/795 2127/3206/793 2128/3208/795
f 2148/3209/785 2134/3210/785 2149/3203/794
f 2149/3203/794 2134/3210/785 2125/3204/794
f 3502/3143/761 3481/3144/761 2148/3209/785
f 2148/3209/785 3481/3144/761 2134/3210/785
f 3538/3211/786 3515/3212/786 3537/3213/761
f 3538/3211/786 3517/3214/804 3515/3212/786
f 3537/3213/761 3515/3212/786 3516/3215/761
f 2155/3216/765 2160/3217/765 2158/3218/765
f 2159/3219/765 2160/3217/765 2155/3216/765
f 3546/3220/765 2160/3217/765 2159/3219/765
f 3550/3221/765 2160/3217/765 3547/3222/765
f 3547/3222/765 2160/3217/765 3546/3220/765
f 2158/3218/765 2160/3217/765 3545/3223/765
f 3545/3223/765 2160/3217/765 3544/3224/765
f 3543/3225/765 2160/3217/765 3550/3221/765
f 3540/3226/765 2160/3217/765 3543/3225/765
f 3549/3227/765 2160/3217/765 3541/3228/765
f 3541/3228/765 2160/3217/765 3539/3229/765
f 3520/3230/765 2160/3217/765 3548/3231/765
f 3519/3232/765 2160/3217/765 3520/3230/765
f 3548/3231/765 2160/3217/765 3549/3227/765
f 3544/3224/765 2160/3217/765 3542/3233/765
f 3542/3233/765 2160/3217/765 3518/3234/765
f 3539/3229/765 2160/3217/765 3540/3226/765
f 3518/3234/765 2160/3217/765 3519/3232/765
f 3522/3235/791 2173/3236/795 2175/3237/791
f 3522/3235/791 2175/3237/791 3521/3238/806
f 3521/3238/806 2175/3237/791 2166/3239/790
f 2177/3240/762 2179/3241/762 2176/3242/762
f 3521/3238/806 2166/3239/790 3523/3243/787
f 2178/3244/762 2179/3241/762 2177/3240/762
f 2156/3245/762 2179/3241/762 3530/3246/762
f 3530/3246/762 2179/3241/762 3528/3247/762
f 3535/3248/762 2179/3241/762 3536/3249/762
f 3536/3249/762 2179/3241/762 2157/3250/762
f 3533/3251/762 2179/3241/762 3535/3248/762
f 3529/3252/762 2179/3241/762 3527/3253/762
f 3527/3253/762 2179/3241/762 3524/3254/762
f 3534/3255/762 2179/3241/762 3533/3251/762
f 2176/3242/762 2179/3241/762 3534/3255/762
f 3526/3256/762 2179/3241/762 3532/3257/762
f 3525/3258/762 2179/3241/762 3526/3256/762
f 3532/3257/762 2179/3241/762 3531/3259/762
f 3531/3259/762 2179/3241/762 2178/3244/762
f 2157/3250/762 2179/3241/762 2156/3245/762
f 3528/3247/762 2179/3241/762 3529/3252/762
f 3524/3254/762 2179/3241/762 3525/3258/762
f 2192/3260/799 2172/3261/799 2191/3262/797
f 2192/3260/799 2174/3263/805 2172/3261/799
f 2186/3264/805 2174/3263/805 2192/3260/799
f 2191/3262/797 2172/3261/799 2164/3265/797
f 2191/3262/797 2164/3265/797 2183/3266/798
f 2190/3267/801 2161/3268/801 2189/3269/803
f 2190/3267/801 2163/3270/798 2161/3268/801
f 2183/3266/798 2163/3270/798 2190/3267/801
f 2189/3269/803 2169/3271/803 2180/3272/804
f 2189/3269/803 2161/3268/801 2169/3271/803
f 2188/3273/789 2167/3274/789 2187/3275/764
f 3523/3243/787 2168/3276/787 2188/3273/789
f 2188/3273/789 2168/3276/787 2167/3274/789
f 2187/3275/764 2165/3277/764 2186/3264/805
f 2187/3275/764 2167/3274/789 2165/3277/764
f 2186/3264/805 2165/3277/764 2174/3263/805
f 2184/3278/793 2171/3279/793 2185/3280/795
f 2185/3280/795 2171/3279/793 2173/3236/795
f 2185/3280/795 2173/3236/795 3522/3235/791
f 2182/3281/794 2170/3282/794 2184/3278/793
f 2184/3278/793 2170/3282/794 2171/3279/793
f 2183/3266/798 2164/3265/797 2163/3270/798
f 2181/3283/785 2162/3284/785 2182/3281/794
f 2182/3281/794 2162/3284/785 2170/3282/794
f 3537/3213/761 3516/3215/761 2181/3283/785
f 2181/3283/785 3516/3215/761 2162/3284/785
f 2180/3272/804 3517/3214/804 3538/3211/786
f 2180/3272/804 2169/3271/803 3517/3214/804
f 3523/3243/787 2166/3239/790 2168/3276/787
f 3571/3285/761 3551/3286/786 3552/3287/761
f 2193/3288/765 2198/3289/765 2194/3290/765
f 3574/3291/786 3553/3292/804 3551/3286/786
f 3574/3291/786 3551/3286/786 3571/3285/761
f 2196/3293/765 2198/3289/765 2193/3288/765
f 3580/3294/765 2198/3289/765 2196/3293/765
f 3586/3295/765 2198/3289/765 3585/3296/765
f 2194/3290/765 2198/3289/765 3586/3295/765
f 3578/3297/765 2198/3289/765 3579/3298/765
f 3576/3299/765 2198/3289/765 3578/3297/765
f 3585/3296/765 2198/3289/765 3584/3300/765
f 3584/3300/765 2198/3289/765 3583/3301/765
f 3583/3301/765 2198/3289/765 3582/3302/765
f 3555/3303/765 2198/3289/765 3577/3304/765
f 3577/3304/765 2198/3289/765 3575/3305/765
f 3582/3302/765 2198/3289/765 3581/3306/765
f 3554/3307/765 2198/3289/765 3555/3303/765
f 3581/3306/765 2198/3289/765 3556/3308/765
f 3556/3308/765 2198/3289/765 3554/3307/765
f 3579/3298/765 2198/3289/765 3580/3294/765
f 3575/3305/765 2198/3289/765 3576/3299/765
f 3557/3309/789 2213/3310/789 3559/3311/764
f 3559/3311/764 2213/3310/789 2206/3312/764
f 3557/3309/789 2208/3313/787 2213/3310/789
f 3558/3314/787 2208/3313/787 3557/3309/789
f 2215/3315/762 2217/3316/762 2216/3317/762
f 2214/3318/762 2217/3316/762 2215/3315/762
f 2195/3319/762 2217/3316/762 3573/3320/762
f 2197/3321/762 2217/3316/762 2195/3319/762
f 3573/3320/762 2217/3316/762 3569/3322/762
f 3570/3323/762 2217/3316/762 2197/3321/762
f 3569/3322/762 2217/3316/762 3567/3324/762
f 3566/3325/762 2217/3316/762 3572/3326/762
f 3572/3326/762 2217/3316/762 3570/3323/762
f 3564/3327/762 2217/3316/762 3566/3325/762
f 3568/3328/762 2217/3316/762 3565/3329/762
f 3565/3329/762 2217/3316/762 3562/3330/762
f 3567/3324/762 2217/3316/762 3568/3328/762
f 3561/3331/762 2217/3316/762 3564/3327/762
f 3562/3330/762 2217/3316/762 3563/3332/762
f 3560/3333/762 2217/3316/762 3561/3331/762
f 3563/3332/762 2217/3316/762 2214/3318/762
f 2216/3317/762 2217/3316/762 3560/3333/762
f 2228/3334/791 2205/3335/791 2230/3336/790
f 2230/3336/790 2207/3337/806 3558/3314/787
f 2230/3336/790 2205/3335/791 2207/3337/806
f 2229/3338/805 2204/3339/805 2227/3340/799
f 3559/3311/764 2206/3312/764 2229/3338/805
f 2229/3338/805 2206/3312/764 2204/3339/805
f 2226/3341/795 2203/3342/795 2228/3334/791
f 2228/3334/791 2203/3342/795 2205/3335/791
f 2227/3340/799 2212/3343/799 2222/3344/797
f 2227/3340/799 2204/3339/805 2212/3343/799
f 2221/3345/793 2202/3346/793 2226/3341/795
f 2226/3341/795 2202/3346/793 2203/3342/795
f 2225/3347/798 2200/3348/798 2224/3349/801
f 2225/3347/798 2211/3350/797 2200/3348/798
f 2222/3344/797 2211/3350/797 2225/3347/798
f 2224/3349/801 2210/3351/801 2219/3352/803
f 2224/3349/801 2200/3348/798 2210/3351/801
f 3571/3285/761 3552/3287/761 2223/3353/785
f 2223/3353/785 3552/3287/761 2199/3354/785
f 2223/3353/785 2199/3354/785 2220/3355/794
f 2222/3344/797 2212/3343/799 2211/3350/797
f 2220/3355/794 2201/3356/794 2221/3345/793
f 2221/3345/793 2201/3356/794 2202/3346/793
f 2220/3355/794 2199/3354/785 2201/3356/794
f 2219/3352/803 2209/3357/803 2218/3358/804
f 2219/3352/803 2210/3351/801 2209/3357/803
f 2218/3358/804 3553/3292/804 3574/3291/786
f 2218/3358/804 2209/3357/803 3553/3292/804
f 3558/3314/787 2207/3337/806 2208/3313/787
f 3606/3359/807 3587/3360/808 3588/3361/807
f 3606/3359/807 3588/3361/807 3602/3362/761
f 2233/3363/765 2236/3364/765 2231/3365/765
f 3602/3362/761 3588/3361/807 3589/3366/761
f 2231/3365/765 2236/3364/765 2235/3367/765
f 3622/3368/765 2236/3364/765 2233/3363/765
f 2235/3367/765 2236/3364/765 3618/3369/765
f 3621/3370/765 2236/3364/765 3622/3368/765
f 3620/3371/765 2236/3364/765 3621/3370/765
f 3618/3369/765 2236/3364/765 3619/3372/765
f 3617/3373/765 2236/3364/765 3620/3371/765
f 3615/3374/765 2236/3364/765 3617/3373/765
f 3619/3372/765 2236/3364/765 3616/3375/765
f 3616/3375/765 2236/3364/765 3614/3376/765
f 3612/3377/765 2236/3364/765 3592/3378/765
f 3592/3378/765 2236/3364/765 3590/3379/765
f 3613/3380/765 2236/3364/765 3615/3374/765
f 3614/3376/765 2236/3364/765 3611/3381/765
f 3591/3382/765 2236/3364/765 3613/3380/765
f 3611/3381/765 2236/3364/765 3612/3377/765
f 3590/3379/765 2236/3364/765 3591/3382/765
f 3595/3383/764 2251/3384/809 2249/3385/764
f 3593/3386/809 2251/3384/809 3595/3383/764
f 3593/3386/809 2241/3387/810 2251/3384/809
f 3594/3388/810 2241/3387/810 3593/3386/809
f 2253/3389/762 2255/3390/762 2254/3391/762
f 2252/3392/762 2255/3390/762 2253/3389/762
f 2234/3393/762 2255/3390/762 2232/3394/762
f 2232/3394/762 2255/3390/762 3603/3395/762
f 3601/3396/762 2255/3390/762 2234/3393/762
f 3605/3397/762 2255/3390/762 3610/3398/762
f 3604/3399/762 2255/3390/762 3605/3397/762
f 3600/3400/762 2255/3390/762 3601/3396/762
f 3599/3401/762 2255/3390/762 3600/3400/762
f 3610/3398/762 2255/3390/762 3609/3402/762
f 3609/3402/762 2255/3390/762 3608/3403/762
f 3597/3404/762 2255/3390/762 3599/3401/762
f 3596/3405/762 2255/3390/762 3597/3404/762
f 3608/3403/762 2255/3390/762 3607/3406/762
f 3607/3406/762 2255/3390/762 2252/3392/762
f 3598/3407/762 2255/3390/762 3596/3405/762
f 2254/3391/762 2255/3390/762 3598/3407/762
f 3603/3395/762 2255/3390/762 3604/3399/762
f 2268/3408/811 2246/3409/812 2248/3410/811
f 2260/3411/812 2246/3409/812 2268/3408/811
f 2268/3408/811 2248/3410/811 2263/3412/813
f 2257/3413/814 2244/3414/814 2267/3415/815
f 2267/3415/815 2244/3414/814 2240/3416/815
f 2267/3415/815 2240/3416/815 2260/3411/812
f 3602/3362/761 3589/3366/761 2266/3417/816
f 2266/3417/816 3589/3366/761 2238/3418/816
f 2266/3417/816 2238/3418/816 2257/3413/814
f 2265/3419/817 2242/3420/817 2264/3421/808
f 2265/3419/817 2237/3422/818 2242/3420/817
f 2256/3423/818 2237/3422/818 2265/3419/817
f 2264/3421/808 2242/3420/817 3587/3360/808
f 2264/3421/808 3587/3360/808 3606/3359/807
f 2263/3412/813 2248/3410/811 2250/3424/819
f 2263/3412/813 2250/3424/819 3594/3388/810
f 2262/3425/820 2247/3426/820 2261/3427/821
f 2262/3425/820 2249/3385/764 2247/3426/820
f 3595/3383/764 2249/3385/764 2262/3425/820
f 2261/3427/821 2245/3428/821 2259/3429/822
f 2261/3427/821 2247/3426/820 2245/3428/821
f 2260/3411/812 2240/3416/815 2246/3409/812
f 2259/3429/822 2239/3430/823 2258/3431/824
f 2259/3429/822 2245/3428/821 2239/3430/823
f 2258/3431/824 2243/3432/824 2256/3423/818
f 2258/3431/824 2239/3430/823 2243/3432/824
f 2257/3413/814 2238/3418/816 2244/3414/814
f 2256/3423/818 2243/3432/824 2237/3422/818
f 3594/3388/810 2250/3424/819 2241/3387/810
f 3624/3433/808 3646/3434/808 3623/3435/807
f 2269/3436/762 2274/3437/762 2270/3438/762
f 3623/3435/807 3646/3434/808 3638/3439/807
f 3623/3435/807 3638/3439/807 3625/3440/761
f 2273/3441/762 2274/3437/762 2269/3436/762
f 3657/3442/762 2274/3437/762 2273/3441/762
f 2270/3438/762 2274/3437/762 3658/3443/762
f 3658/3443/762 2274/3437/762 3656/3444/762
f 3654/3445/762 2274/3437/762 3657/3442/762
f 3648/3446/762 2274/3437/762 3655/3447/762
f 3655/3447/762 2274/3437/762 3653/3448/762
f 3652/3449/762 2274/3437/762 3649/3450/762
f 3649/3450/762 2274/3437/762 3650/3451/762
f 3647/3452/762 2274/3437/762 3648/3446/762
f 3650/3451/762 2274/3437/762 3628/3453/762
f 3628/3453/762 2274/3437/762 3626/3454/762
f 3627/3455/762 2274/3437/762 3647/3452/762
f 3626/3454/762 2274/3437/762 3627/3455/762
f 3656/3444/762 2274/3437/762 3651/3456/762
f 3653/3448/762 2274/3437/762 3654/3445/762
f 3651/3456/762 2274/3437/762 3652/3449/762
f 2289/3457/809 3631/3458/809 2280/3459/764
f 2289/3457/809 3629/3460/810 3631/3458/809
f 2281/3461/810 3629/3460/810 2289/3457/809
f 3630/3462/765 2293/3463/765 2291/3464/765
f 2281/3461/810 2292/3465/819 3629/3460/810
f 2291/3464/765 2293/3463/765 2290/3466/765
f 2272/3467/765 2293/3463/765 2271/3468/765
f 3645/3469/765 2293/3463/765 2272/3467/765
f 2271/3468/765 2293/3463/765 3635/3470/765
f 3633/3471/765 2293/3463/765 3645/3469/765
f 3632/3472/765 2293/3463/765 3633/3471/765
f 3637/3473/765 2293/3463/765 3644/3474/765
f 3636/3475/765 2293/3463/765 3637/3473/765
f 3643/3476/765 2293/3463/765 3634/3477/765
f 3634/3477/765 2293/3463/765 3632/3472/765
f 3644/3474/765 2293/3463/765 3642/3478/765
f 3639/3479/765 2293/3463/765 3643/3476/765
f 3642/3478/765 2293/3463/765 3641/3480/765
f 3640/3481/765 2293/3463/765 3639/3479/765
f 3641/3480/765 2293/3463/765 3630/3462/765
f 2290/3466/765 2293/3463/765 3640/3481/765
f 3635/3470/765 2293/3463/765 3636/3475/765
f 2284/3482/824 2306/3483/824 2282/3484/818
f 2282/3484/818 2306/3483/824 2295/3485/818
f 2284/3482/824 2297/3486/822 2306/3483/824
f 2276/3487/816 2304/3488/761 2305/3489/816
f 2276/3487/816 2305/3489/816 2283/3490/814
f 2283/3490/814 2305/3489/816 2296/3491/814
f 3625/3440/761 3638/3439/807 2304/3488/761
f 3625/3440/761 2304/3488/761 2276/3487/816
f 2287/3492/820 2303/3493/764 2301/3494/820
f 2280/3459/764 2303/3493/764 2287/3492/820
f 2280/3459/764 3631/3458/809 2303/3493/764
f 2279/3495/811 2300/3496/812 2302/3497/811
f 2288/3498/813 2302/3497/811 2292/3465/819
f 2279/3495/811 2302/3497/811 2288/3498/813
f 2278/3499/821 2301/3494/820 2299/3500/821
f 2287/3492/820 2301/3494/820 2278/3499/821
f 2277/3501/812 2298/3502/815 2300/3496/812
f 2277/3501/812 2300/3496/812 2279/3495/811
f 2286/3503/822 2299/3500/821 2297/3486/822
f 2278/3499/821 2299/3500/821 2286/3503/822
f 2285/3504/815 2296/3491/814 2298/3502/815
f 2285/3504/815 2298/3502/815 2277/3501/812
f 2286/3503/822 2297/3486/822 2284/3482/824
f 2283/3490/814 2296/3491/814 2285/3504/815
f 2275/3505/817 2295/3485/818 2294/3506/817
f 2282/3484/818 2295/3485/818 2275/3505/817
f 3624/3433/808 2294/3506/817 3646/3434/808
f 2275/3505/817 2294/3506/817 3624/3433/808
f 2288/3498/813 2292/3465/819 2281/3461/810
f 3682/3507/807 3659/3508/807 3674/3509/761
f 3682/3507/807 3661/3510/808 3659/3508/807
f 3674/3509/761 3659/3508/807 3660/3511/761
f 2307/3512/765 2312/3513/765 2310/3514/765
f 2311/3515/765 2312/3513/765 2307/3512/765
f 3692/3516/765 2312/3513/765 2311/3515/765
f 3694/3517/765 2312/3513/765 3693/3518/765
f 3693/3518/765 2312/3513/765 3692/3516/765
f 3689/3519/765 2312/3513/765 3694/3517/765
f 3691/3520/765 2312/3513/765 3688/3521/765
f 3690/3522/765 2312/3513/765 3691/3520/765
f 3687/3523/765 2312/3513/765 3689/3519/765
f 3688/3521/765 2312/3513/765 3685/3524/765
f 3663/3525/765 2312/3513/765 3686/3526/765
f 3662/3527/765 2312/3513/765 3663/3525/765
f 3684/3528/765 2312/3513/765 3664/3529/765
f 3664/3529/765 2312/3513/765 3662/3527/765
f 2310/3514/765 2312/3513/765 3690/3522/765
f 3686/3526/765 2312/3513/765 3687/3523/765
f 3685/3524/765 2312/3513/765 3683/3530/765
f 3683/3530/765 2312/3513/765 3684/3528/765
f 3667/3531/764 2327/3532/809 2318/3533/764
f 3666/3534/809 2327/3532/809 3667/3531/764
f 3666/3534/809 2319/3535/825 2327/3532/809
f 2329/3536/762 2330/3537/762 3665/3538/762
f 2328/3539/762 2330/3537/762 2329/3536/762
f 2331/3540/825 2319/3535/825 3666/3534/809
f 3665/3538/762 2330/3537/762 3668/3541/762
f 2332/3542/819 2326/3543/819 2331/3540/825
f 2331/3540/825 2326/3543/819 2319/3535/825
f 2332/3542/819 2325/3544/811 2326/3543/819
f 3669/3545/811 2325/3544/811 2332/3542/819
f 3668/3541/762 2330/3537/762 2333/3546/762
f 2333/3546/762 2330/3537/762 3670/3547/762
f 2334/3548/812 2323/3549/812 3669/3545/811
f 3669/3545/811 2323/3549/812 2325/3544/811
f 2334/3548/812 2317/3550/815 2323/3549/812
f 3671/3551/815 2317/3550/815 2334/3548/812
f 3670/3547/762 2330/3537/762 2335/3552/762
f 2335/3552/762 2330/3537/762 3672/3553/762
f 2336/3554/826 2315/3555/826 3671/3551/815
f 3671/3551/815 2315/3555/826 2317/3550/815
f 3672/3553/762 2330/3537/762 3673/3556/762
f 2337/3557/816 2321/3558/816 2336/3554/826
f 2336/3554/826 2321/3558/816 2315/3555/826
f 3674/3509/761 3660/3511/761 2337/3557/816
f 3673/3556/762 2330/3537/762 2309/3559/762
f 2337/3557/816 3660/3511/761 2321/3558/816
f 3681/3560/762 2330/3537/762 3677/3561/762
f 3677/3561/762 2330/3537/762 3678/3562/762
f 3679/3563/762 2330/3537/762 3676/3564/762
f 3678/3562/762 2330/3537/762 3679/3563/762
f 3676/3564/762 2330/3537/762 3675/3565/762
f 2308/3566/762 2330/3537/762 3680/3567/762
f 2309/3559/762 2330/3537/762 2308/3566/762
f 3680/3567/762 2330/3537/762 3681/3560/762
f 3675/3565/762 2330/3537/762 2328/3539/762
f 2344/3568/820 2324/3569/820 2340/3570/821
f 2344/3568/820 2318/3533/764 2324/3569/820
f 3667/3531/764 2318/3533/764 2344/3568/820
f 2343/3571/824 2314/3572/824 2338/3573/818
f 2343/3571/824 2316/3574/822 2314/3572/824
f 2339/3575/822 2316/3574/822 2343/3571/824
f 2342/3576/817 2320/3577/817 2341/3578/808
f 2342/3576/817 2313/3579/818 2320/3577/817
f 2338/3573/818 2313/3579/818 2342/3576/817
f 2341/3578/808 3661/3510/808 3682/3507/807
f 2341/3578/808 2320/3577/817 3661/3510/808
f 2340/3570/821 2322/3580/821 2339/3575/822
f 2340/3570/821 2324/3569/820 2322/3580/821
f 2339/3575/822 2322/3580/821 2316/3574/822
f 2338/3573/818 2314/3572/824 2313/3579/818
f 3711/3581/807 3695/3582/808 3696/3583/807
f 3711/3581/807 3696/3583/807 3718/3584/761
f 2347/3585/765 2350/3586/765 2345/3587/765
f 3718/3584/761 3696/3583/807 3697/3588/761
f 2345/3587/765 2350/3586/765 2349/3589/765
f 3730/3590/765 2350/3586/765 3729/3591/765
f 2349/3589/765 2350/3586/765 3730/3590/765
f 3728/3592/765 2350/3586/765 3724/3593/765
f 3724/3593/765 2350/3586/765 3722/3594/765
f 3729/3591/765 2350/3586/765 3727/3595/765
f 3720/3596/765 2350/3586/765 3728/3592/765
f 3727/3595/765 2350/3586/765 3726/3597/765
f 3719/3598/765 2350/3586/765 3720/3596/765
f 3726/3597/765 2350/3586/765 3698/3599/765
f 3698/3599/765 2350/3586/765 3699/3600/765
f 3725/3601/765 2350/3586/765 3721/3602/765
f 3721/3602/765 2350/3586/765 3719/3598/765
f 3700/3603/765 2350/3586/765 3725/3601/765
f 3699/3600/765 2350/3586/765 3700/3603/765
f 3723/3604/765 2350/3586/765 2347/3585/765
f 3722/3594/765 2350/3586/765 3723/3604/765
f 3702/3605/819 2365/3606/819 3701/3607/810
f 3702/3605/819 2358/3608/811 2365/3606/819
f 3701/3607/810 2365/3606/819 2361/3609/810
f 2367/3610/762 2369/3611/762 2366/3612/762
f 3701/3607/810 2361/3609/810 3703/3613/809
f 2368/3614/762 2369/3611/762 2367/3610/762
f 3705/3615/762 2369/3611/762 2348/3616/762
f 3704/3617/762 2369/3611/762 3705/3615/762
f 3709/3618/762 2369/3611/762 3717/3619/762
f 3708/3620/762 2369/3611/762 3709/3618/762
f 3715/3621/762 2369/3611/762 3706/3622/762
f 3706/3622/762 2369/3611/762 3704/3617/762
f 3717/3619/762 2369/3611/762 3714/3623/762
f 3716/3624/762 2369/3611/762 3715/3621/762
f 3714/3623/762 2369/3611/762 3713/3625/762
f 2366/3612/762 2369/3611/762 3716/3624/762
f 3713/3625/762 2369/3611/762 3712/3626/762
f 3712/3626/762 2369/3611/762 2368/3614/762
f 2346/3627/762 2369/3611/762 3710/3628/762
f 2348/3616/762 2369/3611/762 2346/3627/762
f 3710/3628/762 2369/3611/762 3707/3629/762
f 3707/3629/762 2369/3611/762 3708/3620/762
f 2370/3630/816 2351/3631/816 2382/3632/814
f 2382/3632/814 2351/3631/816 2353/3633/814
f 2382/3632/814 2353/3633/814 2372/3634/815
f 2381/3635/818 2363/3636/818 2380/3637/817
f 2381/3635/818 2352/3638/824 2363/3636/818
f 2371/3639/824 2352/3638/824 2381/3635/818
f 2380/3637/817 2362/3640/817 2379/3641/808
f 2380/3637/817 2363/3636/818 2362/3640/817
f 2379/3641/808 3695/3582/808 3711/3581/807
f 2379/3641/808 2362/3640/817 3695/3582/808
f 2378/3642/764 2359/3643/764 2377/3644/820
f 2378/3642/764 2360/3645/809 2359/3643/764
f 3703/3613/809 2360/3645/809 2378/3642/764
f 2377/3644/820 2364/3646/820 2375/3647/821
f 2377/3644/820 2359/3643/764 2364/3646/820
f 2374/3648/812 2357/3649/812 2376/3650/811
f 2376/3650/811 2357/3649/812 2358/3608/811
f 2376/3650/811 2358/3608/811 3702/3605/819
f 2375/3647/821 2356/3651/821 2373/3652/822
f 2375/3647/821 2364/3646/820 2356/3651/821
f 2372/3634/815 2355/3653/815 2374/3648/812
f 2374/3648/812 2355/3653/815 2357/3649/812
f 2373/3652/822 2354/3654/822 2371/3639/824
f 2373/3652/822 2356/3651/821 2354/3654/822
f 2372/3634/815 2353/3633/814 2355/3653/815
f 2371/3639/824 2354/3654/822 2352/3638/824
f 3718/3584/761 3697/3588/761 2370/3630/816
f 2370/3630/816 3697/3588/761 2351/3631/816
f 3703/3613/809 2361/3609/810 2360/3645/809
f 3748/3655/807 3731/3656/808 3732/3657/807
f 3748/3655/807 3732/3657/807 3753/3658/761
f 2385/3659/765 2388/3660/765 2383/3661/765
f 3753/3658/761 3732/3657/807 3733/3662/761
f 2383/3661/765 2388/3660/765 2387/3663/765
f 3766/3664/765 2388/3660/765 2385/3659/765
f 3764/3665/765 2388/3660/765 3766/3664/765
f 2387/3663/765 2388/3660/765 3762/3666/765
f 3759/3667/765 2388/3660/765 3765/3668/765
f 3765/3668/765 2388/3660/765 3763/3669/765
f 3756/3670/765 2388/3660/765 3759/3667/765
f 3761/3671/765 2388/3660/765 3758/3672/765
f 3758/3672/765 2388/3660/765 3734/3673/765
f 3736/3674/765 2388/3660/765 3757/3675/765
f 3757/3675/765 2388/3660/765 3755/3676/765
f 3735/3677/765 2388/3660/765 3736/3674/765
f 3763/3669/765 2388/3660/765 3764/3665/765
f 3762/3666/765 2388/3660/765 3760/3678/765
f 3760/3678/765 2388/3660/765 3761/3671/765
f 3755/3676/765 2388/3660/765 3756/3670/765
f 3734/3673/765 2388/3660/765 3735/3677/765
f 3737/3679/813 2401/3680/811 2403/3681/819
f 3737/3679/813 2403/3681/819 3738/3682/810
f 3738/3682/810 2403/3681/819 2394/3683/810
f 2405/3684/762 2406/3685/762 2404/3686/762
f 3739/3687/762 2406/3685/762 2405/3684/762
f 3738/3682/810 2394/3683/810 2407/3688/809
f 2407/3688/809 2394/3683/810 2393/3689/809
f 2407/3688/809 2393/3689/809 3740/3690/764
f 2408/3691/762 2406/3685/762 3739/3687/762
f 3741/3692/762 2406/3685/762 2408/3691/762
f 3740/3690/764 2402/3693/764 2409/3694/820
f 3740/3690/764 2393/3689/809 2402/3693/764
f 3742/3695/762 2406/3685/762 3741/3692/762
f 2409/3694/820 2400/3696/820 2410/3697/821
f 2409/3694/820 2402/3693/764 2400/3696/820
f 3743/3698/762 2406/3685/762 3742/3695/762
f 2410/3697/821 2391/3699/821 2411/3700/822
f 2410/3697/821 2400/3696/820 2391/3699/821
f 3744/3701/762 2406/3685/762 3743/3698/762
f 2411/3700/822 2390/3702/822 2412/3703/824
f 2411/3700/822 2391/3699/821 2390/3702/822
f 2412/3703/824 2397/3704/824 3745/3705/818
f 2413/3706/762 2406/3685/762 3744/3701/762
f 2412/3703/824 2390/3702/822 2397/3704/824
f 3745/3705/818 2397/3704/824 2395/3707/818
f 3745/3705/818 2395/3707/818 3746/3708/817
f 2414/3709/762 2406/3685/762 2413/3706/762
f 3747/3710/762 2406/3685/762 2414/3709/762
f 3746/3708/817 2389/3711/817 2415/3712/808
f 3746/3708/817 2395/3707/818 2389/3711/817
f 2415/3712/808 3731/3656/808 3748/3655/807
f 2384/3713/762 2406/3685/762 3747/3710/762
f 2415/3712/808 2389/3711/817 3731/3656/808
f 2386/3714/762 2406/3685/762 2384/3713/762
f 3752/3715/762 2406/3685/762 2386/3714/762
f 3754/3716/762 2406/3685/762 3751/3717/762
f 3751/3717/762 2406/3685/762 3749/3718/762
f 2404/3686/762 2406/3685/762 3754/3716/762
f 3750/3719/762 2406/3685/762 3752/3715/762
f 3749/3718/762 2406/3685/762 3750/3719/762
f 2419/3720/814 2398/3721/814 2420/3722/815
f 2420/3722/815 2398/3721/814 2399/3723/815
f 2420/3722/815 2399/3723/815 2416/3724/812
f 2418/3725/816 2396/3726/816 2419/3720/814
f 2419/3720/814 2396/3726/816 2398/3721/814
f 2418/3725/816 3733/3662/761 2396/3726/816
f 3753/3658/761 3733/3662/761 2418/3725/816
f 2416/3724/812 2392/3727/812 2417/3728/811
f 2417/3728/811 2401/3680/811 3737/3679/813
f 2417/3728/811 2392/3727/812 2401/3680/811
f 2416/3724/812 2399/3723/815 2392/3727/812
f 3782/3729/807 3767/3730/808 3768/3731/807
f 3782/3729/807 3768/3731/807 3781/3732/761
f 2423/3733/765 2426/3734/765 2421/3735/765
f 3781/3732/761 3768/3731/807 3769/3736/761
f 2421/3735/765 2426/3734/765 2425/3737/765
f 3797/3738/765 2426/3734/765 2423/3733/765
f 3796/3739/765 2426/3734/765 3797/3738/765
f 2425/3737/765 2426/3734/765 3795/3740/765
f 3795/3740/765 2426/3734/765 3793/3741/765
f 3802/3742/765 2426/3734/765 3798/3743/765
f 3798/3743/765 2426/3734/765 3796/3739/765
f 3801/3744/765 2426/3734/765 3802/3742/765
f 3800/3745/765 2426/3734/765 3801/3744/765
f 3794/3746/765 2426/3734/765 3791/3747/765
f 3791/3747/765 2426/3734/765 3792/3748/765
f 3799/3749/765 2426/3734/765 3800/3745/765
f 3772/3750/765 2426/3734/765 3799/3749/765
f 3792/3748/765 2426/3734/765 3770/3751/765
f 3770/3751/765 2426/3734/765 3771/3752/765
f 3771/3752/765 2426/3734/765 3772/3750/765
f 3793/3741/765 2426/3734/765 3794/3746/765
f 3774/3753/825 2441/3754/825 3773/3755/809
f 3774/3753/825 2435/3756/819 2441/3754/825
f 3773/3755/809 2441/3754/825 2436/3757/809
f 2443/3758/762 2445/3759/762 2442/3760/762
f 3773/3755/809 2436/3757/809 3775/3761/764
f 2444/3762/762 2445/3759/762 2443/3758/762
f 2424/3763/762 2445/3759/762 2422/3764/762
f 2422/3764/762 2445/3759/762 3783/3765/762
f 3779/3766/762 2445/3759/762 2424/3763/762
f 3784/3767/762 2445/3759/762 3790/3768/762
f 3783/3765/762 2445/3759/762 3784/3767/762
f 3790/3768/762 2445/3759/762 3789/3769/762
f 3789/3769/762 2445/3759/762 3788/3770/762
f 3787/3771/762 2445/3759/762 3780/3772/762
f 3780/3772/762 2445/3759/762 3778/3773/762
f 3788/3770/762 2445/3759/762 3776/3774/762
f 3785/3775/762 2445/3759/762 3787/3771/762
f 3776/3774/762 2445/3759/762 3777/3776/762
f 3786/3777/762 2445/3759/762 3785/3775/762
f 2442/3760/762 2445/3759/762 3786/3777/762
f 3777/3776/762 2445/3759/762 2444/3762/762
f 3778/3773/762 2445/3759/762 3779/3766/762
f 2458/3778/820 2433/3779/820 2452/3780/821
f 2458/3778/820 2434/3781/764 2433/3779/820
f 3775/3761/764 2434/3781/764 2458/3778/820
f 2456/3782/816 2428/3783/816 2457/3784/826
f 2457/3784/826 2428/3783/816 2438/3785/826
f 2457/3784/826 2438/3785/826 2449/3786/815
f 3781/3732/761 3769/3736/761 2456/3782/816
f 2456/3782/816 3769/3736/761 2428/3783/816
f 2455/3787/808 3767/3730/808 3782/3729/807
f 2455/3787/808 2427/3788/817 3767/3730/808
f 2446/3789/817 2427/3788/817 2455/3787/808
f 2453/3790/811 2440/3791/811 2454/3792/819
f 2454/3792/819 2440/3791/811 2435/3756/819
f 2454/3792/819 2435/3756/819 3774/3753/825
f 2451/3793/812 2432/3794/812 2453/3790/811
f 2453/3790/811 2432/3794/812 2440/3791/811
f 2452/3780/821 2431/3795/821 2450/3796/822
f 2452/3780/821 2433/3779/820 2431/3795/821
f 2449/3786/815 2439/3797/815 2451/3793/812
f 2451/3793/812 2439/3797/815 2432/3794/812
f 2450/3796/822 2430/3798/822 2448/3799/824
f 2450/3796/822 2431/3795/821 2430/3798/822
f 2449/3786/815 2438/3785/826 2439/3797/815
f 2448/3799/824 2429/3800/824 2447/3801/818
f 2448/3799/824 2430/3798/822 2429/3800/824
f 2447/3801/818 2437/3802/818 2446/3789/817
f 2447/3801/818 2429/3800/824 2437/3802/818
f 2446/3789/817 2437/3802/818 2427/3788/817
f 3775/3761/764 2436/3757/809 2434/3781/764
o ramp_sign_piece_4.520
v -47.003445 54.507481 5.666904
v -47.003445 54.507481 6.058190
v -47.003445 18.715824 5.666904
v 46.806122 54.507481 5.666904
v 46.806122 18.715824 5.666904
v 46.806122 54.507481 6.058190
v 46.806122 18.715824 6.058190
v -47.003445 18.715824 6.058190
v -47.577648 18.824123 5.601290
v -47.577648 18.362715 6.834245
v -47.577648 18.824104 6.834245
v -47.577648 18.362715 5.601290
v 47.235653 18.824123 5.601290
v 47.235653 18.362715 6.834245
v 47.235653 18.362715 5.601290
v 47.235653 18.824104 6.834245
v -47.003445 54.507481 6.058190
v -47.003445 54.507481 6.058190
v -47.003445 54.507481 5.666904
v -47.003445 54.507481 5.666904
v -47.003445 18.715824 5.666904
v -47.003445 18.715824 5.666904
v 46.806122 54.507481 5.666904
v 46.806122 54.507481 5.666904
v 46.806122 18.715824 6.058190
v 46.806122 18.715824 6.058190
v 46.806122 18.715824 5.666904
v 46.806122 18.715824 5.666904
v -47.003445 18.715824 6.058190
v -47.003445 18.715824 6.058190
v 46.806122 54.507481 6.058190
v 46.806122 54.507481 6.058190
v -47.577648 18.824104 6.834245
v -47.577648 18.824104 6.834245
v -47.577648 18.824123 5.601290
v -47.577648 18.824123 5.601290
v -47.577648 18.362715 5.601290
v -47.577648 18.362715 5.601290
v 47.235653 18.824123 5.601290
v 47.235653 18.824123 5.601290
v 47.235653 18.362715 5.601290
v 47.235653 18.362715 5.601290
v 47.235653 18.824104 6.834245
v 47.235653 18.824104 6.834245
v 47.235653 18.362715 6.834245
v 47.235653 18.362715 6.834245
v -47.577648 18.362715 6.834245
v -47.577648 18.362715 6.834245
vt 0.276150 0.550609
vt 0.276150 0.550609
vt 0.276150 0.419795
vt 0.276150 0.550609
vt 0.650555 0.550609
vt 0.276150 0.550609
vt 0.525830 0.074206
vt 0.471979 0.053660
vt 0.525830 0.053660
vt 0.471979 0.074206
vt 0.650555 0.550609
vt 0.650555 0.419795
vt 0.650555 0.419795
vt 0.650555 0.550609
vt 0.525830 0.053660
vt 0.471979 0.053660
vt 0.471979 0.053660
vt 0.525830 0.053660
vt 0.276150 0.550609
vt 0.276150 0.419795
vt 0.650555 0.419795
vt 0.276150 0.419795
vt 0.650555 0.550609
vt 0.650555 0.550609
vt 0.526160 0.053457
vt 0.526160 0.053722
vt 0.526160 0.053722
vt 0.526160 0.053457
vt 0.526160 0.053722
vt 0.471732 0.053722
vt 0.526160 0.053722
vt 0.526160 0.053457
vt 0.526160 0.053722
vt 0.471732 0.053722
vt 0.471732 0.053457
vt 0.471732 0.053457
vt 0.471732 0.053457
vt 0.471732 0.053722
vt 0.471732 0.053722
vt 0.471732 0.053722
vt 0.526160 0.053457
vt 0.471732 0.053457
vt 0.471732 0.053722
vt 0.526160 0.053722
vt 0.526160 0.053457
vt 0.526160 0.053457
vt 0.471732 0.053457
vt 0.471732 0.053457
vn -1.0000 0.0000 0.0000
vn 0.0000 1.0000 0.0000
vn 0.0000 0.0000 -1.0000
vn 1.0000 0.0000 0.0000
vn 0.0000 -1.0000 0.0000
vn 0.0000 0.0000 1.0000
usemtl mat_0000_cement
s 1
f 3819/3803/827 3821/3804/827 3823/3805/827
f 3804/3806/828 3825/3807/828 3822/3808/828
f 3803/3809/829 3829/3810/829 3824/3811/829
f 3803/3809/829 3826/3812/829 3829/3810/829
f 3833/3813/830 3827/3814/830 3830/3815/830
f 3833/3813/830 3830/3815/830 3806/3816/830
f 3831/3817/831 3807/3818/831 3828/3819/831
f 3831/3817/831 3805/3820/831 3807/3818/831
f 3820/3821/832 3832/3822/832 3809/3823/832
f 3819/3803/827 3823/3805/827 3810/3824/827
f 3820/3821/832 3809/3823/832 3834/3825/832
f 3804/3806/828 3808/3826/828 3825/3807/828
f 3849/3827/827 3835/3828/827 3837/3829/827
f 3849/3827/827 3837/3829/827 3839/3830/827
f 3836/3831/828 3841/3832/828 3838/3833/828
f 3840/3834/829 3811/3835/829 3842/3836/829
f 3840/3834/829 3842/3836/829 3843/3837/829
f 3847/3838/830 3817/3839/830 3815/3840/830
f 3847/3838/830 3815/3840/830 3845/3841/830
f 3836/3831/828 3818/3842/828 3841/3832/828
f 3850/3843/832 3848/3844/832 3846/3845/832
f 3850/3843/832 3846/3845/832 3813/3846/832
f 3812/3847/831 3814/3848/831 3844/3849/831
f 3812/3847/831 3844/3849/831 3816/3850/831
o body_phys.007_body_phys.006
v 55.550026 -16.494829 349.062805
v -21.927120 -3.184813 75.881096
v 20.502829 -16.631369 75.915550
v 20.502903 -3.185112 75.881096
v 55.751740 -3.185487 85.230911
v 55.744698 -16.633017 85.265144
v -57.340961 -3.185637 85.230988
v -57.333920 -16.633093 85.265221
v 55.550102 -15.110198 349.062805
v 55.552799 -3.176878 346.066498
v -57.142773 -16.494904 349.062866
v -57.142849 -15.110273 349.062866
v -57.145542 -3.176878 346.066498
v -21.926970 -16.631220 75.915627
v 55.704998 -22.213789 504.671265
v -57.299019 -22.213789 504.671265
v -57.299091 -6.997083 504.671265
v 55.704998 -6.997083 504.671265
v -57.299019 -22.213789 496.728729
v 55.704926 -22.213789 496.728729
v 55.704998 -3.176953 494.160858
v -57.299091 -3.176953 494.160797
v 53.758606 0.570296 356.388092
v 53.758606 0.570296 483.874939
v -55.439735 0.570296 356.388092
v 53.758606 -7.096628 355.878693
v 53.758606 -3.176878 346.085602
v -55.439735 -3.176878 346.085602
v -53.603073 -4.037422 346.085602
v 51.921944 -4.037347 346.085602
v -55.439735 -7.096628 355.878693
v -55.439735 -6.948322 494.803223
v 53.758606 -6.948322 494.803223
v -55.439735 -3.176878 494.177429
v 53.758606 -3.176878 494.177429
v -55.439735 0.570296 483.874939
vn -0.5912 0.6359 0.4961
vn 0.5912 0.6359 0.4961
vn 0.0950 0.6782 -0.7287
vn -0.0944 -0.6801 -0.7270
vn -0.6385 -0.5930 -0.4906
vn -0.0945 0.6783 -0.7287
vn 0.0948 -0.6800 -0.7270
vn -0.6387 0.5913 -0.4923
vn -0.6802 0.0898 0.7274
vn -0.5771 -0.5772 0.5777
vn 0.5771 -0.5772 0.5777
vn 0.6387 -0.5930 -0.4902
vn 0.6803 0.0898 0.7274
vn 0.6389 0.5914 -0.4919
vn -0.5847 -0.6107 -0.5339
vn 0.5773 -0.5773 0.5773
vn -0.5773 -0.5773 0.5773
vn -0.5979 0.4599 0.6565
vn 0.5979 0.4599 0.6565
vn 0.5561 0.6472 -0.5214
vn 0.5847 -0.6107 -0.5339
vn -0.5561 0.6472 -0.5214
vn 0.6747 -0.7291 -0.1141
vn 0.6700 0.7310 -0.1288
vn 0.6700 0.7310 0.1288
vn -0.6700 0.7310 -0.1288
vn 0.6574 0.1391 -0.7405
vn -0.6574 0.1391 -0.7405
vn -0.1270 -0.6168 -0.7768
vn 0.1270 -0.6168 -0.7768
vn -0.6747 -0.7291 -0.1141
vn 0.5692 -0.5313 0.6274
vn -0.6092 0.5067 0.6099
vn -0.5692 -0.5313 0.6274
vn 0.6092 0.5067 0.6099
vn -0.6700 0.7310 0.1288
usemtl None
s 1
f 3863//833 3860//834 3854//835
f 3864//836 3858//837 3852//838
f 3854//835 3864//836 3852//838
f 3854//835 3853//839 3864//836
f 3863//833 3852//838 3857//840
f 3862//841 3863//833 3857//840
f 3861//842 3862//841 3857//840
f 3858//837 3861//842 3857//840
f 3852//838 3858//837 3857//840
f 3863//833 3854//835 3852//838
f 3851//843 3861//842 3858//837
f 3864//836 3853//839 3858//837
f 3853//839 3856//844 3858//837
f 3856//844 3851//843 3858//837
f 3851//843 3859//845 3862//841
f 3851//843 3862//841 3861//842
f 3859//845 3860//834 3862//841
f 3860//834 3863//833 3862//841
f 3860//834 3855//846 3854//835
f 3855//846 3856//844 3854//835
f 3856//844 3853//839 3854//835
f 3856//844 3855//846 3851//843
f 3855//846 3860//834 3851//843
f 3860//834 3859//845 3851//843
f 3869//847 3865//848 3866//849
f 3865//848 3867//850 3866//849
f 3865//848 3868//851 3867//850
f 3871//852 3868//851 3865//848
f 3869//847 3870//853 3865//848
f 3870//853 3871//852 3865//848
f 3868//851 3871//852 3867//850
f 3871//852 3872//854 3867//850
f 3871//852 3870//853 3872//854
f 3872//854 3869//847 3867//850
f 3872//854 3870//853 3869//847
f 3867//850 3869//847 3866//849
f 3876//855 3873//856 3874//857
f 3874//857 3873//856 3875//858
f 3875//858 3873//856 3877//859
f 3876//855 3877//859 3873//856
f 3875//858 3877//859 3878//860
f 3877//859 3879//861 3878//860
f 3877//859 3880//862 3879//861
f 3880//862 3877//859 3876//855
f 3879//861 3880//862 3876//855
f 3878//860 3879//861 3881//863
f 3879//861 3876//855 3881//863
f 3881//863 3876//855 3883//864
f 3884//865 3878//860 3881//863
f 3884//865 3881//863 3882//866
f 3881//863 3883//864 3882//866
f 3883//864 3885//867 3884//865
f 3885//867 3886//868 3884//865
f 3884//865 3886//868 3875//858
f 3883//864 3884//865 3882//866
f 3884//865 3875//858 3878//860
f 3885//867 3874//857 3886//868
f 3874//857 3875//858 3886//868
f 3876//855 3874//857 3885//867
f 3876//855 3885//867 3883//864
