# Blender v2.93.18 OBJ File: 'Trailer Prancha 3.blend'
# www.blender.org
o floor_piece_4.224
v -52.950657 -3.171607 86.698761
v -23.041546 -3.171607 318.738739
v -23.041546 -3.171607 86.698761
v -52.950657 -3.171607 318.738739
v -20.997368 -3.058959 453.582642
v 19.058691 -3.058959 492.255157
v 19.058691 -3.058959 453.582642
v -20.997368 -3.058959 492.255157
v -20.997368 -3.058959 404.930298
v 19.058691 -3.058959 443.602814
v 19.058691 -3.058959 404.930298
v -20.997368 -3.058959 443.602814
v -20.997368 -3.058959 356.393921
v 19.058691 -3.058959 395.066437
v 19.058691 -3.058959 356.393921
v -20.997368 -3.058959 395.066437
v -18.464405 -3.171607 86.698799
v 17.622936 -3.171607 318.738739
v 17.622936 -3.171607 86.698799
v -18.464405 -3.171607 318.738739
v 21.520323 -3.171607 86.698761
v 51.429428 -3.171607 318.738739
v 51.429428 -3.171607 86.698761
v 21.520323 -3.171607 318.738739
v -9.394723 -10.836122 504.813599
v 8.686102 -15.824661 504.813599
v 8.686102 -10.836122 504.813599
v -9.394723 -15.824661 504.813599
v -55.768890 -33.521423 505.721008
v -55.768890 -39.409988 505.721008
v 55.272648 -33.521423 505.721008
v 55.272648 -39.409988 505.721008
v 55.140556 -22.799871 499.526367
v 55.138870 -23.396364 501.333801
v 55.140556 -23.396364 499.526367
v 55.138870 -22.799871 501.333801
v 55.079708 -22.627026 499.602539
v 54.990948 -22.627026 499.282562
v 55.051777 -22.799871 499.206390
v 54.839375 -22.627026 499.118073
v 54.900215 -22.799871 499.041901
v 55.051777 -23.396364 499.206390
v 55.140556 -23.746300 499.526367
v 55.051777 -23.746300 499.206390
v 54.900215 -23.396364 499.041901
v 54.685631 -23.396364 498.967224
v 54.900215 -23.746300 499.041901
v 54.685631 -22.799871 498.967224
v 40.293228 -22.799871 498.967224
v 54.624802 -22.627026 499.043488
v 40.293228 -22.627026 499.043488
v 40.293228 -22.448298 499.348022
v 25.326674 -22.627026 499.043396
v 25.265835 -22.799871 498.967163
v 25.265835 -23.396364 498.967163
v 25.051241 -22.799871 499.041840
v 25.051241 -23.396364 499.041840
v 24.899668 -23.396364 499.206299
v 24.899668 -23.746300 499.206299
v 25.051241 -23.746300 499.041840
v 24.899668 -27.204704 499.206299
v 25.265835 -23.746300 498.967163
v 25.051241 -27.204704 499.041840
v 25.051241 -30.366468 499.041840
v 25.265835 -30.366468 498.967163
v 25.265835 -27.204704 498.967163
v 40.293228 -27.204704 498.967224
v 40.287178 -30.364769 498.967224
v 40.293228 -23.746300 498.967224
v 40.293228 -23.396364 498.967224
v 54.681866 -27.245132 498.967224
v 54.685631 -23.746300 498.967224
v 54.866283 -27.246368 499.042725
v 54.520634 -28.496962 498.967224
v 54.671558 -28.548176 499.043488
v 55.023804 -27.244650 499.277100
v 54.827671 -28.601131 499.348022
v 55.130932 -27.243343 499.616760
v 55.138870 -23.746300 501.333801
v 55.072647 -27.198614 501.333801
v 54.948112 -28.642023 499.654816
v 54.948112 -28.642023 501.333801
v 54.364685 -30.168049 501.333801
v 55.130939 -27.243343 503.275421
v 54.364677 -30.168049 499.654816
v 54.364685 -30.168049 503.237366
v 54.948112 -28.642023 503.237366
v 54.827663 -28.601131 503.544373
v 54.262840 -30.086702 503.544373
v 53.546516 -30.969492 503.544373
v 54.130825 -29.981291 503.848846
v 53.443733 -30.830530 503.848846
v 52.803337 -31.295740 503.848846
v 52.750622 -31.132792 503.925018
v 53.344349 -30.696123 503.925018
v 53.001366 -30.232328 503.925018
v 52.568714 -30.570444 503.925018
v 54.003220 -29.879351 503.925018
v 54.671551 -28.548176 503.848846
v 54.520622 -28.496962 503.925018
v 53.562706 -29.527548 503.925018
v 53.999626 -28.320227 503.925018
v 40.287178 -30.364769 503.925018
v 54.681858 -27.245132 503.925018
v 40.293228 -27.204704 503.925018
v 40.289433 -30.717270 503.925018
v 25.265835 -27.204704 503.925110
v 25.265835 -30.366468 503.925110
v 25.265835 -30.716417 503.925110
v 25.051241 -30.366468 503.850281
v 25.051241 -27.204704 503.850281
v 24.899677 -27.204704 503.685944
v 25.051241 -23.746300 503.850281
v 25.265835 -23.746300 503.925110
v 25.265835 -23.396364 503.925110
v 40.293228 -23.396364 503.925018
v 40.293228 -23.746300 503.925018
v 54.685623 -23.746300 503.925018
v 54.685623 -23.396364 503.925018
v 54.866276 -27.246368 503.849609
v 54.900196 -23.746300 503.850281
v 55.023792 -27.244650 503.615082
v 55.051777 -23.746300 503.685944
v 54.900196 -23.396364 503.850281
v 55.051777 -23.396364 503.685944
v 54.900196 -22.799871 503.850281
v 54.685623 -22.799871 503.925018
v 40.293228 -22.799871 503.925018
v 40.293228 -22.627026 503.848846
v 54.624790 -22.627026 503.848846
v 40.293228 -22.448298 503.544373
v 54.839367 -22.627026 503.774017
v 54.490990 -22.448298 503.544373
v 40.293228 -22.310375 503.237366
v 54.705555 -22.448298 503.469635
v 54.320663 -22.310375 503.237366
v 54.320663 -22.310375 501.333801
v 54.535267 -22.310375 503.162689
v 40.293228 -22.310375 501.333801
v 25.630802 -22.310375 501.333801
v 25.630793 -22.310375 503.237366
v 40.293228 -22.310375 499.654816
v 54.320663 -22.310375 499.654816
v 25.630793 -22.310375 499.654816
v 25.245892 -22.448298 499.422638
v 25.416208 -22.310375 499.729492
v 25.460485 -22.448298 499.347961
v 25.112089 -22.627026 499.118073
v 24.960480 -22.627026 499.282471
v 24.899668 -22.799871 499.206299
v 24.810909 -22.799871 499.526276
v 24.810909 -23.396364 499.526276
v 24.812605 -23.396364 501.333801
v 24.812605 -23.746300 501.333801
v 24.810909 -23.746300 499.526276
v 24.810909 -27.204704 499.526276
v 24.812605 -27.204704 501.333801
v 24.812605 -30.366468 501.333801
v 24.810909 -30.366468 499.526276
v 24.810909 -30.366468 503.365906
v 24.810909 -27.204704 503.365906
v 24.810909 -23.746300 503.365906
v 24.810909 -23.396364 503.365906
v 24.899677 -23.396364 503.685944
v 24.899677 -23.746300 503.685944
v 25.051241 -23.396364 503.850281
v 25.051241 -22.799871 503.850281
v 25.265835 -22.799871 503.925110
v 25.326674 -22.627026 503.848846
v 25.460485 -22.448298 503.544373
v 25.112089 -22.627026 503.774017
v 24.960480 -22.627026 503.609711
v 25.245892 -22.448298 503.469635
v 24.899677 -22.799871 503.685944
v 24.810909 -22.799871 503.365906
v 24.871740 -22.627026 503.289703
v 24.812605 -22.799871 501.333801
v 24.871740 -22.627026 499.602478
v 24.873425 -22.627026 501.333801
v 25.007256 -22.448298 501.333801
v 25.005550 -22.448298 502.985229
v 25.005550 -22.448298 499.907074
v 25.094309 -22.448298 499.586884
v 25.175869 -22.310375 500.214020
v 25.264618 -22.310375 499.893982
v 25.416218 -22.310375 501.333801
v 25.264618 -22.310375 501.333801
v 25.175877 -22.310375 502.678223
v 25.264618 -22.310375 502.998291
v 25.177544 -22.310375 501.333801
v 25.416208 -22.310375 503.162689
v 25.094309 -22.448298 503.305237
v 24.899677 -30.366468 503.685944
v 25.051241 -30.716417 503.850281
v 24.899677 -30.716417 503.685944
v 24.899677 -31.312887 503.685944
v 24.810909 -30.716417 503.365906
v 25.051241 -31.312887 503.850281
v 25.112089 -31.485729 503.774017
v 25.326674 -31.485729 503.848846
v 25.265835 -31.312887 503.925110
v 40.293228 -31.312887 503.925018
v 40.293228 -31.485729 503.848846
v 51.744331 -31.485729 503.848846
v 51.744331 -31.664482 503.544373
v 40.293228 -31.664482 503.544373
v 25.460485 -31.664482 503.544373
v 40.293228 -31.802399 503.237366
v 51.744339 -31.802399 503.237366
v 51.744339 -31.802399 501.333801
v 52.899891 -31.594286 501.333801
v 52.899891 -31.594286 503.237366
v 52.857834 -31.464237 503.544373
v 53.625820 -31.076784 503.237366
v 53.625820 -31.076784 501.333801
v 52.899891 -31.594286 499.654816
v 53.625820 -31.076784 499.654816
v 53.546528 -30.969492 499.348022
v 52.857845 -31.464237 499.348022
v 52.803352 -31.295740 499.043488
v 51.744339 -31.485729 499.043488
v 51.744339 -31.664482 499.348022
v 51.744339 -31.802399 499.654816
v 40.293228 -31.485729 499.043488
v 40.293228 -31.664482 499.348022
v 40.293228 -31.802399 499.654816
v 25.326674 -31.485729 499.043396
v 25.460485 -31.664482 499.347961
v 25.245892 -31.664482 499.422638
v 25.112089 -31.485729 499.118073
v 25.630793 -31.802399 499.654816
v 40.293228 -31.802399 501.333801
v 25.630802 -31.802399 501.333801
v 25.416208 -31.802399 499.729492
v 25.416218 -31.802399 501.333801
v 25.264618 -31.802399 499.893982
v 25.094309 -31.664482 499.586884
v 24.960480 -31.485729 499.282471
v 25.005550 -31.664482 499.907074
v 24.871740 -31.485729 499.602478
v 24.810909 -31.312887 499.526276
v 24.873425 -31.485729 501.333801
v 24.812605 -31.312887 501.333801
v 24.810909 -31.312887 503.365906
v 24.812605 -30.716417 501.333801
v 24.871740 -31.485729 503.289703
v 25.005550 -31.664482 502.985229
v 25.094309 -31.664482 503.305237
v 24.960480 -31.485729 503.609711
v 25.245892 -31.664482 503.469635
v 25.416208 -31.802399 503.162689
v 25.630793 -31.802399 503.237366
v 25.264618 -31.802399 502.998291
v 25.264618 -31.802399 501.333801
v 25.175877 -31.802399 502.678223
v 25.007256 -31.664482 501.333801
v 25.175877 -31.802399 501.333801
v 25.175869 -31.802399 500.214020
v 24.810909 -30.716417 499.526276
v 24.899668 -31.312887 499.206299
v 24.899668 -30.716417 499.206299
v 25.051241 -31.312887 499.041840
v 25.051241 -30.716417 499.041840
v 24.899668 -30.366468 499.206299
v 25.265835 -30.716417 498.967163
v 25.265835 -31.312887 498.967163
v 40.293228 -31.312887 498.967224
v 40.289425 -30.717270 498.967224
v 51.744339 -31.312887 498.967224
v 51.744339 -30.716417 498.967224
v 52.750652 -31.132792 498.967224
v 53.443745 -30.830530 499.043488
v 53.344360 -30.696123 498.967224
v 52.568714 -30.570444 498.967224
v 53.001373 -30.232328 498.967224
v 53.562717 -29.527548 498.967224
v 54.003231 -29.879351 498.967224
v 54.130836 -29.981291 499.043488
v 54.262840 -30.086702 499.348022
v 53.999634 -28.320227 498.967224
v 51.744331 -31.312887 503.925018
v 51.744331 -30.716417 503.925018
v 54.705574 -22.448298 499.422699
v 54.535267 -22.310375 499.729584
v 54.490997 -22.448298 499.348022
v 54.857147 -22.448298 499.587036
v 54.535267 -22.310375 501.333801
v 54.686859 -22.310375 499.894043
v 54.686859 -22.310375 501.333801
v 54.775616 -22.310375 500.214020
v 54.945915 -22.448298 499.907074
v 54.944199 -22.448298 501.333801
v 55.078049 -22.627026 501.333801
v 55.079708 -22.627026 503.289703
v 54.945923 -22.448298 502.985229
v 54.857147 -22.448298 503.305237
v 54.686859 -22.310375 502.998291
v 54.775616 -22.310375 502.678162
v 54.773922 -22.310375 501.333801
v 54.990940 -22.627026 503.609711
v 55.051777 -22.799871 503.685944
v 55.140556 -22.799871 503.365906
v 55.140556 -23.396364 503.365906
v 55.140556 -23.746300 503.365906
v -56.773754 -23.396364 501.333801
v -56.775440 -23.396364 499.526367
v -56.773754 -23.746300 501.333801
v -56.775440 -22.799871 499.526367
v -56.773754 -22.799871 501.333801
v -56.775440 -23.396364 503.365906
v -56.775440 -22.799871 503.365906
v -56.686665 -22.799871 503.685944
v -56.625824 -22.627026 503.609711
v -56.714592 -22.627026 503.289703
v -56.492031 -22.448298 503.305237
v -56.580811 -22.448298 502.985229
v -56.712936 -22.627026 501.333801
v -56.580811 -22.448298 499.907074
v -56.579086 -22.448298 501.333801
v -56.714592 -22.627026 499.602539
v -56.492031 -22.448298 499.587036
v -56.625835 -22.627026 499.282562
v -56.340458 -22.448298 499.422699
v -56.686665 -22.799871 499.206390
v -56.474262 -22.627026 499.118073
v -56.125893 -22.448298 499.348022
v -56.259689 -22.627026 499.043488
v -56.535099 -22.799871 499.041901
v -56.320526 -22.799871 498.967224
v -56.686665 -23.396364 499.206390
v -56.535099 -23.396364 499.041901
v -56.686665 -23.746300 499.206390
v -56.320526 -23.396364 498.967224
v -56.535099 -23.746300 499.041901
v -56.501171 -27.246368 499.042725
v -56.320526 -23.746300 498.967224
v -56.658688 -27.244650 499.277100
v -56.306446 -28.548176 499.043488
v -56.462559 -28.601131 499.348022
v -56.765816 -27.243343 499.616760
v -56.775440 -23.746300 499.526367
v -56.707523 -27.198614 501.333801
v -56.583000 -28.642023 499.654816
v -56.583000 -28.642023 501.333801
v -55.999573 -30.168049 501.333801
v -56.765816 -27.243343 503.275421
v -55.999573 -30.168049 499.654816
v -55.999573 -30.168049 503.237366
v -56.583000 -28.642023 503.237366
v -56.462547 -28.601131 503.544373
v -55.897724 -30.086702 503.544373
v -55.181423 -30.969492 503.544373
v -55.765713 -29.981291 503.848846
v -55.078629 -30.830530 503.848846
v -54.438240 -31.295740 503.848846
v -54.385529 -31.132792 503.925018
v -54.979244 -30.696123 503.925018
v -55.638115 -29.879351 503.925018
v -54.636272 -30.232328 503.925018
v -54.203621 -30.570444 503.925018
v -41.924435 -30.717270 503.925018
v -53.379246 -30.716417 503.925018
v -53.379246 -31.312887 503.925018
v -53.379246 -31.485729 503.848846
v -41.928226 -31.312887 503.925018
v -41.928226 -31.485729 503.848846
v -26.900946 -31.312887 503.925110
v -26.900946 -30.716417 503.925110
v -26.686361 -30.716417 503.850281
v -26.686361 -30.366468 503.850281
v -26.900946 -30.366468 503.925110
v -41.922176 -30.364769 503.925018
v -26.900946 -27.204704 503.925110
v -26.686361 -27.204704 503.850281
v -26.534788 -27.204704 503.685944
v -26.686361 -23.746300 503.850281
v -26.900946 -23.746300 503.925110
v -26.900946 -23.396364 503.925110
v -41.928226 -23.396364 503.925018
v -41.928226 -23.746300 503.925018
v -56.316742 -27.245132 503.925018
v -41.928226 -27.204704 503.925018
v -56.320507 -23.746300 503.925018
v -56.501160 -27.246368 503.849609
v -56.535084 -23.746300 503.850281
v -56.320507 -23.396364 503.925018
v -56.320507 -22.799871 503.925018
v -56.535084 -23.396364 503.850281
v -41.928226 -22.799871 503.925018
v -41.928226 -22.627026 503.848846
v -26.900946 -22.799871 503.925110
v -26.961794 -22.627026 503.848846
v -26.686361 -22.799871 503.850281
v -26.686361 -23.396364 503.850281
v -26.534788 -23.396364 503.685944
v -26.534788 -23.746300 503.685944
v -26.446030 -23.746300 503.365906
v -26.446030 -27.204704 503.365906
v -26.446030 -30.366468 503.365906
v -26.447725 -27.204704 501.333801
v -26.534788 -30.366468 503.685944
v -26.534788 -30.716417 503.685944
v -26.534788 -31.312887 503.685944
v -26.686361 -31.312887 503.850281
v -26.446030 -30.716417 503.365906
v -26.446030 -31.312887 503.365906
v -26.447725 -30.716417 501.333801
v -26.447725 -30.366468 501.333801
v -26.446030 -30.716417 499.526276
v -26.446030 -30.366468 499.526276
v -26.446030 -27.204704 499.526276
v -26.534788 -30.716417 499.206299
v -26.534788 -30.366468 499.206299
v -26.686361 -30.716417 499.041840
v -26.534788 -27.204704 499.206299
v -26.686361 -30.366468 499.041840
v -26.686361 -27.204704 499.041840
v -26.900946 -30.716417 498.967163
v -26.900946 -30.366468 498.967163
v -26.900946 -27.204704 498.967163
v -41.922176 -30.364769 498.967224
v -41.924435 -30.717270 498.967224
v -54.636280 -30.232328 498.967224
v -54.203621 -30.570444 498.967224
v -53.379253 -30.716417 498.967224
v -41.928226 -31.312887 498.967224
v -53.379253 -31.312887 498.967224
v -54.385555 -31.132792 498.967224
v -54.438248 -31.295740 499.043488
v -53.379253 -31.485729 499.043488
v -54.492741 -31.464237 499.348022
v -53.379253 -31.664482 499.348022
v -41.928226 -31.485729 499.043488
v -26.900946 -31.312887 498.967163
v -41.928226 -31.664482 499.348022
v -26.961794 -31.485729 499.043396
v -27.095596 -31.664482 499.347961
v -26.686361 -31.312887 499.041840
v -26.747210 -31.485729 499.118073
v -26.881002 -31.664482 499.422638
v -26.595600 -31.485729 499.282471
v -26.534788 -31.312887 499.206299
v -26.446030 -31.312887 499.526276
v -26.506861 -31.485729 499.602478
v -26.447725 -31.312887 501.333801
v -26.508545 -31.485729 501.333801
v -26.506861 -31.485729 503.289703
v -26.640671 -31.664482 502.985229
v -26.729429 -31.664482 503.305237
v -26.595600 -31.485729 503.609711
v -26.881002 -31.664482 503.469635
v -26.747210 -31.485729 503.774017
v -27.095596 -31.664482 503.544373
v -26.961794 -31.485729 503.848846
v -41.928226 -31.664482 503.544373
v -53.379246 -31.664482 503.544373
v -41.928226 -31.802399 503.237366
v -53.379253 -31.802399 503.237366
v -53.379253 -31.802399 501.333801
v -54.534798 -31.594286 501.333801
v -54.534798 -31.594286 503.237366
v -54.492741 -31.464237 503.544373
v -55.260727 -31.076784 501.333801
v -55.260727 -31.076784 503.237366
v -54.534798 -31.594286 499.654816
v -55.260727 -31.076784 499.654816
v -55.181423 -30.969492 499.348022
v -55.897736 -30.086702 499.348022
v -55.078640 -30.830530 499.043488
v -54.979263 -30.696123 498.967224
v -55.765732 -29.981291 499.043488
v -55.638126 -29.879351 498.967224
v -56.155518 -28.496962 498.967224
v -55.197620 -29.527548 498.967224
v -55.634529 -28.320227 498.967224
v -56.316761 -27.245132 498.967224
v -41.928226 -23.746300 498.967224
v -41.928226 -27.204704 498.967224
v -41.928226 -23.396364 498.967224
v -26.900946 -23.746300 498.967163
v -26.686361 -23.746300 499.041840
v -26.900946 -23.396364 498.967163
v -26.900946 -22.799871 498.967163
v -41.928226 -22.799871 498.967224
v -26.686361 -23.396364 499.041840
v -26.686361 -22.799871 499.041840
v -26.534788 -23.396364 499.206299
v -26.534788 -23.746300 499.206299
v -26.446030 -23.746300 499.526276
v -26.447725 -23.746300 501.333801
v -26.446030 -23.396364 499.526276
v -26.446030 -22.799871 499.526276
v -26.534788 -22.799871 499.206299
v -26.447725 -23.396364 501.333801
v -26.447725 -22.799871 501.333801
v -26.446030 -22.799871 503.365906
v -26.446030 -23.396364 503.365906
v -26.534788 -22.799871 503.685944
v -26.595600 -22.627026 503.609711
v -26.747210 -22.627026 503.774017
v -26.881002 -22.448298 503.469635
v -27.095596 -22.448298 503.544373
v -41.928226 -22.448298 503.544373
v -27.265913 -22.310375 503.237366
v -41.928226 -22.310375 503.237366
v -41.928226 -22.310375 501.333801
v -56.125877 -22.448298 503.544373
v -55.955559 -22.310375 503.237366
v -56.340450 -22.448298 503.469635
v -56.170162 -22.310375 503.162689
v -55.955559 -22.310375 501.333801
v -55.955559 -22.310375 499.654816
v -56.170162 -22.310375 499.729584
v -56.170162 -22.310375 501.333801
v -56.321743 -22.310375 499.894043
v -56.321743 -22.310375 501.333801
v -56.321743 -22.310375 502.998291
v -56.410503 -22.310375 502.678162
v -56.410503 -22.310375 501.333801
v -56.410503 -22.310375 500.214020
v -41.928226 -22.310375 499.654816
v -41.928226 -22.448298 499.348022
v -27.095596 -22.448298 499.347961
v -27.265913 -22.310375 499.654816
v -27.265913 -22.310375 501.333801
v -27.051319 -22.310375 499.729492
v -26.881002 -22.448298 499.422638
v -26.729429 -22.448298 499.586884
v -26.595600 -22.627026 499.282471
v -26.747210 -22.627026 499.118073
v -26.961794 -22.627026 499.043396
v -41.928226 -22.627026 499.043488
v -26.506861 -22.627026 499.602478
v -26.640671 -22.448298 499.907074
v -26.508545 -22.627026 501.333801
v -26.640671 -22.448298 502.985229
v -26.642366 -22.448298 501.333801
v -26.506861 -22.627026 503.289703
v -26.729429 -22.448298 503.305237
v -26.899738 -22.310375 502.998291
v -27.051319 -22.310375 503.162689
v -27.051329 -22.310375 501.333801
v -26.899738 -22.310375 499.893982
v -26.899738 -22.310375 501.333801
v -26.810987 -22.310375 502.678223
v -26.810987 -22.310375 500.214020
v -26.812664 -22.310375 501.333801
v -56.474251 -22.627026 503.774017
v -56.535084 -22.799871 503.850281
v -56.259678 -22.627026 503.848846
v -56.686665 -23.396364 503.685944
v -56.686665 -23.746300 503.685944
v -56.775440 -23.746300 503.365906
v -56.658680 -27.244650 503.615082
v -56.306435 -28.548176 503.848846
v -56.155510 -28.496962 503.925018
v -55.634521 -28.320227 503.925018
v -55.197601 -29.527548 503.925018
v -53.379253 -31.802399 499.654816
v -41.928226 -31.802399 499.654816
v -41.928226 -31.802399 501.333801
v -27.265913 -31.802399 499.654816
v -27.051319 -31.802399 499.729492
v -27.265913 -31.802399 501.333801
v -27.051329 -31.802399 501.333801
v -27.051319 -31.802399 503.162689
v -27.265913 -31.802399 503.237366
v -26.899738 -31.802399 502.998291
v -26.810987 -31.802399 502.678223
v -26.899738 -31.802399 501.333801
v -26.810987 -31.802399 500.214020
v -26.899738 -31.802399 499.893982
v -26.812664 -31.802399 501.333801
v -26.642366 -31.664482 501.333801
v -26.640671 -31.664482 499.907074
v -26.729429 -31.664482 499.586884
v 45.732506 -25.175108 503.739136
v 45.732506 -25.175108 504.557434
v 46.236912 -27.102112 503.739136
v 44.360672 -23.766041 503.739136
v 44.360664 -23.766041 504.557434
v 42.488815 -23.252472 504.557800
v 42.494808 -27.108295 504.564178
v 40.618561 -23.772099 504.557800
v 45.738461 -29.030958 504.557434
v 38.752632 -27.114508 504.557800
v 39.257038 -29.041576 504.557800
v 39.251007 -25.185705 504.557800
v 40.628906 -30.450602 504.557434
v 42.500755 -30.964159 504.557434
v 44.371075 -30.444412 504.557434
v 46.236862 -27.102121 504.557434
v 45.738476 -29.030958 503.739136
v 44.371094 -30.444431 503.739136
v 42.500782 -30.964136 503.739136
v 40.628937 -30.450592 503.739136
v 39.257114 -29.041548 503.739136
v 38.752689 -27.114498 503.739136
v 39.251083 -25.185705 503.739136
v 40.618618 -23.772116 503.739136
v 42.488853 -23.252472 503.739136
v 53.264317 -25.321310 503.739136
v 51.983433 -24.005758 503.739136
v 51.983418 -24.005758 504.557434
v 53.735188 -27.120523 503.739136
v 53.264278 -25.321310 504.557800
v 50.241505 -27.126282 504.564178
v 53.735073 -27.120523 504.557800
v 53.269871 -28.921284 503.739136
v 53.269852 -28.921293 504.557800
v 51.993153 -30.240932 503.739136
v 51.993107 -30.240932 504.557434
v 50.247074 -30.726212 503.739136
v 50.247074 -30.726212 504.557434
v 48.499462 -30.246687 503.739136
v 48.499462 -30.246677 504.557434
v 47.218578 -28.931255 503.739136
v 47.218578 -28.931255 504.557434
v 46.747738 -27.132008 503.739136
v 46.747738 -27.131979 504.557434
v 47.213047 -25.331202 503.738739
v 47.213047 -25.331192 504.557434
v 48.489792 -24.011478 503.738739
v 48.489792 -24.011459 504.557434
v 50.235954 -23.526262 504.557434
v 50.235954 -23.526253 503.739136
v 37.701332 -25.308474 503.739136
v 38.172199 -27.107599 503.739136
v 36.420460 -23.992912 503.739136
v 36.420441 -23.992912 504.557434
v 37.701305 -25.308474 504.557434
v 34.678436 -27.113371 504.564178
v 38.172146 -27.107609 504.557434
v 37.706913 -28.908447 503.739136
v 37.706882 -28.908447 504.557434
v 36.430233 -30.228111 503.739136
v 36.430176 -30.228092 504.557434
v 34.683960 -30.713352 504.557434
v 34.684017 -30.713327 503.739136
v 32.936394 -30.233860 503.739136
v 32.936348 -30.233873 504.557434
v 31.655577 -28.918325 503.739136
v 31.184631 -27.119158 503.739136
v 31.655519 -28.918354 504.557800
v 31.184547 -27.119165 504.557800
v 31.649977 -25.318371 503.739136
v 31.649921 -25.318371 504.557800
v 32.926750 -23.998587 503.739136
v 32.926666 -23.998571 504.557800
v 34.672894 -23.513426 503.739136
v 34.672836 -23.513426 504.557800
v 30.031054 -25.941578 503.739136
v 29.185135 -25.072735 504.557434
v 30.342028 -27.129826 503.739136
v 29.185154 -25.072735 503.739136
v 30.031054 -25.941578 504.557800
v 28.034683 -27.133646 504.564178
v 30.341970 -27.129826 504.557800
v 30.034742 -28.319141 503.739136
v 30.034725 -28.319141 504.557800
v 29.191538 -29.190687 503.739136
v 29.191521 -29.190687 504.557434
v 28.038336 -29.511162 503.739136
v 28.038336 -29.511162 504.557343
v 26.884148 -29.194479 503.739136
v 26.884148 -29.194469 504.557343
v 26.038219 -28.325718 504.557343
v 26.038219 -28.325718 503.739136
v 25.727257 -27.137424 503.739136
v 26.034586 -25.948122 503.738678
v 25.727257 -27.137405 504.557343
v 26.034586 -25.948109 504.557343
v 26.877800 -25.076500 504.557343
v 26.877800 -25.076509 503.738678
v 28.031004 -24.756052 503.739136
v 28.031004 -24.756052 504.557343
v 54.837597 -24.500853 499.831665
v 55.631702 -23.806299 500.494843
v 55.631702 -24.500853 499.831726
v 54.837513 -25.450693 499.588165
v 54.837513 -23.806299 500.494843
v 54.837513 -23.553156 501.399567
v 55.632088 -23.553156 501.399567
v 55.632088 -23.809282 502.303650
v 55.638294 -25.453751 501.396667
v 55.632088 -25.456812 503.205078
v 55.631702 -27.098185 500.489807
v 55.631702 -25.450693 499.588165
v 55.632088 -26.406673 502.961639
v 55.632088 -24.506083 502.964203
v 55.631714 -27.101217 502.298462
v 55.631714 -27.354353 501.393799
v 55.631817 -26.401459 499.828888
v 54.837597 -26.401459 499.828888
v 54.837513 -27.098185 500.489807
v 54.837513 -27.354353 501.393799
v 54.837513 -27.101217 502.298462
v 54.837597 -26.406673 502.961365
v 54.837597 -25.456812 503.205078
v 54.837597 -24.506083 502.964203
v 54.837513 -23.809282 502.303253
v -45.995632 -23.766041 504.557434
v -47.367466 -25.175108 503.739136
v -45.995644 -23.766041 503.739136
v -47.367466 -25.175108 504.557434
v -44.123806 -23.252472 504.557800
v -44.129787 -27.108295 504.564178
v -40.892056 -29.041576 504.557800
v -47.871815 -27.102121 504.557434
v -40.387650 -27.114508 504.557800
v -40.886024 -25.185705 504.557800
v -42.263905 -30.450602 504.557434
v -42.253559 -23.772099 504.557800
v -44.135742 -30.964159 504.557434
v -46.006035 -30.444412 504.557434
v -47.373421 -29.030958 504.557434
v -47.373440 -29.030958 503.739136
v -46.006054 -30.444431 503.739136
v -44.135761 -30.964136 503.739136
v -42.263935 -30.450592 503.739136
v -40.892113 -29.041548 503.739136
v -40.387707 -27.114498 503.739136
v -40.886089 -25.185705 503.739136
v -42.253616 -23.772116 503.739136
v -44.123833 -23.252472 503.739136
v -47.871872 -27.102112 503.739136
v -54.899212 -25.321310 503.739136
v -54.899174 -25.321310 504.557800
v -55.370083 -27.120523 503.739136
v -53.618340 -24.005758 503.739136
v -53.618320 -24.005758 504.557434
v -51.870865 -23.526262 504.557434
v -51.876427 -27.126282 504.564178
v -48.382683 -27.131979 504.557434
v -48.853531 -28.931255 504.557434
v -48.847988 -25.331192 504.557434
v -50.134403 -30.246677 504.557434
v -51.881989 -30.726212 504.557434
v -53.628021 -30.240932 504.557434
v -55.369968 -27.120523 504.557800
v -50.124725 -24.011459 504.557434
v -54.904755 -28.921293 504.557800
v -54.904774 -28.921284 503.739136
v -53.628059 -30.240932 503.739136
v -51.881989 -30.726212 503.739136
v -50.134403 -30.246687 503.739136
v -48.853531 -28.931255 503.739136
v -48.382683 -27.132008 503.739136
v -48.847988 -25.331202 503.738739
v -50.124725 -24.011478 503.738739
v -51.870865 -23.526253 503.739136
v -39.336349 -25.308474 503.739136
v -38.055496 -23.992912 503.739136
v -39.336323 -25.308474 504.557434
v -39.807217 -27.107599 503.739136
v -38.055477 -23.992912 504.557434
v -36.307880 -23.513426 504.557800
v -36.313480 -27.113371 504.564178
v -32.819611 -27.119165 504.557800
v -33.290592 -28.918354 504.557800
v -33.284996 -25.318371 504.557800
v -34.571400 -30.233873 504.557434
v -36.319004 -30.713352 504.557434
v -39.341900 -28.908447 504.557434
v -34.561718 -23.998571 504.557800
v -38.065212 -30.228092 504.557434
v -39.807163 -27.107609 504.557434
v -39.341930 -28.908447 503.739136
v -38.065262 -30.228111 503.739136
v -36.319050 -30.713327 503.739136
v -34.571449 -30.233860 503.739136
v -33.290642 -28.918325 503.739136
v -32.819706 -27.119158 503.739136
v -33.285049 -25.318371 503.739136
v -34.561806 -23.998587 503.739136
v -36.307930 -23.513426 503.739136
v -31.666138 -25.941578 503.739136
v -30.820236 -25.072735 503.739136
v -31.666138 -25.941578 504.557800
v -31.977100 -27.129826 503.739136
v -30.820217 -25.072735 504.557434
v -29.666096 -24.756052 504.557343
v -29.669775 -27.133646 504.564178
v -27.362368 -27.137405 504.557343
v -27.673330 -28.325718 504.557343
v -27.669697 -25.948109 504.557343
v -28.512901 -25.076500 504.557343
v -30.826603 -29.190687 504.557434
v -31.669807 -28.319141 504.557800
v -31.977053 -27.129826 504.557800
v -28.519251 -29.194469 504.557343
v -29.673428 -29.511162 504.557343
v -29.673428 -29.511162 503.739136
v -28.519251 -29.194479 503.739136
v -27.673330 -28.325718 503.739136
v -27.362368 -27.137424 503.739136
v -27.669697 -25.948122 503.738678
v -28.512901 -25.076509 503.738678
v -29.666096 -24.756052 503.739136
v -30.826622 -29.190687 503.739136
v -31.669817 -28.319141 503.739136
v -56.472485 -24.500853 499.831665
v -57.266590 -24.500853 499.831726
v -56.472397 -25.450693 499.588165
v -56.472397 -23.806299 500.494843
v -57.266590 -23.806299 500.494843
v -57.266964 -23.553156 501.399567
v -57.273182 -25.453751 501.396667
v -57.266964 -25.456812 503.205078
v -57.266964 -26.406673 502.961639
v -57.266590 -27.101217 502.298462
v -57.266964 -23.809282 502.303650
v -57.266590 -27.098185 500.489807
v -57.266701 -26.401459 499.828888
v -57.266964 -24.506083 502.964203
v -57.266590 -27.354353 501.393799
v -57.266590 -25.450693 499.588165
v -56.472485 -26.401459 499.828888
v -56.472397 -27.098185 500.489807
v -56.472397 -27.354353 501.393799
v -56.472397 -27.101217 502.298462
v -56.472485 -26.406673 502.961365
v -56.472485 -25.456812 503.205078
v -56.472485 -24.506083 502.964203
v -56.472397 -23.809282 502.303253
v -56.472397 -23.553156 501.399567
v 55.701260 -18.712818 502.670593
v 55.701260 -18.959703 503.098206
v 55.730984 -18.712818 502.633575
v 55.701260 -18.627075 502.184326
v 55.756180 -18.712818 502.528198
v 55.773014 -18.712818 502.370453
v 55.778923 -18.712818 502.184326
v 55.773014 -18.712818 501.998260
v 55.756180 -18.712818 501.840454
v 55.730984 -18.712818 501.735046
v 55.701260 -18.712818 501.698059
v 55.757126 -18.959703 501.340027
v 55.701260 -18.959703 501.270447
v 55.776524 -19.337957 501.046783
v 55.701260 -19.337957 500.953003
v 55.786842 -19.801958 500.890778
v 55.701260 -19.801958 500.784180
v 55.786842 -20.295732 500.890778
v 55.701260 -20.295732 500.784180
v 55.776524 -20.759729 501.046783
v 55.701260 -20.759729 500.953003
v 55.757126 -21.137983 501.340027
v 55.701260 -21.137983 501.270447
v 55.730984 -21.384872 501.735046
v 55.701260 -21.384872 501.698059
v 55.701260 -21.470615 502.184326
v 55.701260 -21.384872 502.670593
v 55.730984 -21.384872 502.633575
v 55.756180 -21.384872 502.528198
v 55.773014 -21.384872 502.370453
v 55.778923 -21.384872 502.184326
v 55.773014 -21.384872 501.998260
v 55.756180 -21.384872 501.840454
v 55.804482 -21.137983 501.538147
v 55.840324 -20.759729 501.313660
v 55.836121 -21.137983 501.834595
v 55.882961 -20.759729 501.713104
v 55.847233 -21.137983 502.184326
v 55.836121 -21.137983 502.534027
v 55.897923 -20.759729 502.184326
v 55.882961 -20.759729 502.655518
v 55.924904 -20.295732 502.184326
v 55.907875 -20.295732 501.648468
v 55.907875 -19.801958 501.648468
v 55.859394 -19.801958 501.194275
v 55.859394 -20.295732 501.194275
v 55.840324 -19.337957 501.313660
v 55.882961 -19.337957 501.713104
v 55.804482 -18.959703 501.538147
v 55.836121 -18.959703 501.834595
v 55.897923 -19.337957 502.184326
v 55.847233 -18.959703 502.184326
v 55.882961 -19.337957 502.655518
v 55.836121 -18.959703 502.534027
v 55.804482 -18.959703 502.830566
v 55.840324 -19.337957 503.054962
v 55.776524 -19.337957 503.321930
v 55.786842 -19.801958 503.477936
v 55.859394 -19.801958 503.174377
v 55.786842 -20.295732 503.477936
v 55.859394 -20.295732 503.174377
v 55.907875 -19.801958 502.720154
v 55.907875 -20.295732 502.720154
v 55.924904 -19.801958 502.184326
v 55.840324 -20.759729 503.054962
v 55.776524 -20.759729 503.321930
v 55.757126 -21.137983 503.028687
v 55.804482 -21.137983 502.830566
v 55.701260 -21.137983 503.098206
v 55.701260 -20.759729 503.415619
v 55.701260 -20.295732 503.584534
v 55.701260 -19.801958 503.584534
v 55.701260 -19.337957 503.415619
v 55.757126 -18.959703 503.028687
v -57.320431 -18.712818 502.633575
v -57.290707 -18.959703 503.098267
v -57.290707 -18.712818 502.670593
v -57.290707 -18.627075 502.184326
v -57.346569 -18.959703 503.028687
v -57.345631 -18.712818 502.528198
v -57.393929 -18.959703 502.830566
v -57.362465 -18.712818 502.370453
v -57.425568 -18.959703 502.534027
v -57.368378 -18.712818 502.184326
v -57.436676 -18.959703 502.184326
v -57.362465 -18.712818 501.998260
v -57.425568 -18.959703 501.834595
v -57.345631 -18.712818 501.840515
v -57.393929 -18.959703 501.538147
v -57.320431 -18.712818 501.735046
v -57.290707 -18.712818 501.698059
v -57.346569 -18.959703 501.340027
v -57.429771 -19.337957 501.313660
v -57.290707 -18.959703 501.270447
v -57.365971 -19.337957 501.046783
v -57.448845 -19.801958 501.194275
v -57.290707 -19.337957 500.953003
v -57.376293 -19.801958 500.890778
v -57.448845 -20.295732 501.194275
v -57.290707 -19.801958 500.784180
v -57.376293 -20.295732 500.890778
v -57.290707 -20.295732 500.784180
v -57.429771 -20.759729 501.313660
v -57.365971 -20.759729 501.046783
v -57.290707 -20.759729 500.953003
v -57.393929 -21.137983 501.538147
v -57.346569 -21.137983 501.340027
v -57.290707 -21.137983 501.270447
v -57.345631 -21.384872 501.840515
v -57.320431 -21.384872 501.735046
v -57.290707 -21.470615 502.184326
v -57.290707 -21.384872 501.698059
v -57.320431 -21.384872 502.633575
v -57.290707 -21.384872 502.670593
v -57.345631 -21.384872 502.528198
v -57.362465 -21.384872 502.370453
v -57.368378 -21.384872 502.184326
v -57.362465 -21.384872 501.998260
v -57.425568 -21.137983 501.834595
v -57.472404 -20.759729 501.713104
v -57.436676 -21.137983 502.184326
v -57.425568 -21.137983 502.534027
v -57.487370 -20.759729 502.184326
v -57.472404 -20.759729 502.655518
v -57.514351 -20.295732 502.184326
v -57.497322 -20.295732 501.648560
v -57.497322 -19.801958 501.648560
v -57.514351 -19.801958 502.184326
v -57.472404 -19.337957 501.713104
v -57.487370 -19.337957 502.184326
v -57.497322 -19.801958 502.720154
v -57.472404 -19.337957 502.655518
v -57.429771 -19.337957 503.054962
v -57.448845 -19.801958 503.174438
v -57.376293 -19.801958 503.477936
v -57.376293 -20.295732 503.477936
v -57.448845 -20.295732 503.174438
v -57.365971 -20.759729 503.321930
v -57.429771 -20.759729 503.054962
v -57.497322 -20.295732 502.720154
v -57.346569 -21.137983 503.028687
v -57.393929 -21.137983 502.830566
v -57.290707 -21.137983 503.098267
v -57.290707 -20.759729 503.415619
v -57.290707 -20.295732 503.584534
v -57.290707 -19.801958 503.584534
v -57.365971 -19.337957 503.321930
v -57.290707 -19.337957 503.415619
v 31.801517 -38.966228 496.981445
v 31.801517 -27.836237 496.981445
v 31.908836 -39.626484 496.981445
v 55.570328 -38.966228 496.981445
v 55.570328 -27.836237 496.981506
v 55.570328 -25.688507 496.981506
v 55.570328 -20.475004 496.981506
v 31.801517 -25.688507 496.981445
v 31.801517 -20.475004 496.981445
v 55.409336 -39.626484 496.981445
v 32.552925 -40.320274 496.981445
v 54.872562 -40.320274 496.981445
v 33.894783 -40.879383 496.981445
v 53.423386 -40.828812 496.981445
v -33.597466 -39.626484 496.981445
v -56.357864 -40.320255 496.981201
v -57.001961 -39.626484 496.981201
v -33.436455 -38.966228 496.981293
v -34.134224 -40.320255 496.981445
v -55.016041 -40.879372 496.981201
v -35.583393 -40.828812 496.981445
v -57.109306 -38.966228 496.981201
v -33.436455 -27.836237 496.981293
v -57.109306 -27.836237 496.981201
v -33.436455 -25.688507 496.981445
v -57.109306 -25.688507 496.981201
v -33.436455 -20.475004 496.981293
v -57.109306 -20.475004 496.981201
v 54.624802 -22.627026 499.043488
v 40.293228 -22.627026 499.043488
v 25.326674 -22.627026 499.043396
v 54.866283 -27.246368 499.042725
v 54.671558 -28.548176 499.043488
v 54.130825 -29.981291 503.848846
v 53.443733 -30.830530 503.848846
v 52.803337 -31.295740 503.848846
v 54.866276 -27.246368 503.849609
v 54.624790 -22.627026 503.848846
v 40.293228 -22.627026 503.848846
v 54.839367 -22.627026 503.774017
v 25.112089 -22.627026 499.118073
v 25.112089 -22.627026 503.774017
v 25.326674 -22.627026 503.848846
v 25.177544 -22.310375 501.333801
v 40.293228 -31.485729 503.848846
v 51.744331 -31.485729 503.848846
v 25.326674 -31.485729 503.848846
v 25.112089 -31.485729 503.774017
v 25.175877 -31.802399 501.333801
v 54.130836 -29.981291 499.043488
v 53.443745 -30.830530 499.043488
v 52.803352 -31.295740 499.043488
v 25.112089 -31.485729 499.118073
v 25.326674 -31.485729 499.043396
v 40.293228 -31.485729 499.043488
v 51.744339 -31.485729 499.043488
v 54.773922 -22.310375 501.333801
v 54.671551 -28.548176 503.848846
v 54.839375 -22.627026 499.118073
v -56.474262 -22.627026 499.118073
v -56.259689 -22.627026 499.043488
v -56.501171 -27.246368 499.042725
v -55.078629 -30.830530 503.848846
v -55.765713 -29.981291 503.848846
v -54.438240 -31.295740 503.848846
v -53.379253 -31.485729 499.043488
v -54.438248 -31.295740 499.043488
v -41.928226 -31.485729 499.043488
v -26.961794 -31.485729 499.043396
v -26.747210 -31.485729 499.118073
v -26.747210 -31.485729 503.774017
v -26.961794 -31.485729 503.848846
v -41.928226 -31.485729 503.848846
v -55.078640 -30.830530 499.043488
v -55.765732 -29.981291 499.043488
v -56.306446 -28.548176 499.043488
v -26.747210 -22.627026 503.774017
v -26.961794 -22.627026 503.848846
v -56.410503 -22.310375 501.333801
v -26.747210 -22.627026 499.118073
v -26.961794 -22.627026 499.043396
v -41.928226 -22.627026 499.043488
v -26.812664 -22.310375 501.333801
v -56.259678 -22.627026 503.848846
v -56.474251 -22.627026 503.774017
v -41.928226 -22.627026 503.848846
v -56.306435 -28.548176 503.848846
v -56.501160 -27.246368 503.849609
v -26.812664 -31.802399 501.333801
v -53.379246 -31.485729 503.848846
v 44.360664 -23.766041 504.557434
v 44.360664 -23.766041 504.557434
v 44.360672 -23.766041 503.739136
v 45.732506 -25.175108 504.557434
v 42.488815 -23.252472 504.557800
v 42.488815 -23.252472 504.557800
v 46.236862 -27.102121 504.557434
v 45.738461 -29.030958 504.557434
v 44.371075 -30.444412 504.557434
v 44.371075 -30.444412 504.557434
v 44.371094 -30.444431 503.739136
v 42.500755 -30.964159 504.557434
v 42.500755 -30.964159 504.557434
v 42.500782 -30.964136 503.739136
v 40.628906 -30.450602 504.557434
v 40.628906 -30.450602 504.557434
v 40.628937 -30.450592 503.739136
v 40.618561 -23.772099 504.557800
v 40.618561 -23.772099 504.557800
v 40.618618 -23.772116 503.739136
v 42.488853 -23.252472 503.739136
v 39.257038 -29.041576 504.557800
v 38.752632 -27.114508 504.557800
v 39.251007 -25.185705 504.557800
v 53.735073 -27.120523 504.557800
v 53.264278 -25.321310 504.557800
v 51.983418 -24.005758 504.557434
v 51.983418 -24.005758 504.557434
v 53.269852 -28.921293 504.557800
v 51.993107 -30.240932 504.557434
v 51.993107 -30.240932 504.557434
v 51.993153 -30.240932 503.739136
v 50.247074 -30.726212 504.557434
v 50.247074 -30.726212 504.557434
v 50.247074 -30.726212 503.739136
v 48.499462 -30.246677 504.557434
v 48.499462 -30.246677 504.557434
v 48.499462 -30.246687 503.739136
v 47.218578 -28.931255 504.557434
v 46.747738 -27.131979 504.557434
v 47.213047 -25.331192 504.557434
v 48.489792 -24.011459 504.557434
v 48.489792 -24.011459 504.557434
v 50.235954 -23.526262 504.557434
v 50.235954 -23.526262 504.557434
v 48.489792 -24.011478 503.738739
v 50.235954 -23.526253 503.739136
v 51.983433 -24.005758 503.739136
v 38.172146 -27.107609 504.557434
v 37.701305 -25.308474 504.557434
v 36.420441 -23.992912 504.557434
v 36.420441 -23.992912 504.557434
v 37.706882 -28.908447 504.557434
v 36.430176 -30.228092 504.557434
v 36.430176 -30.228092 504.557434
v 34.683960 -30.713352 504.557434
v 34.683960 -30.713352 504.557434
v 36.430233 -30.228111 503.739136
v 34.684017 -30.713327 503.739136
v 32.936348 -30.233873 504.557434
v 32.936348 -30.233873 504.557434
v 32.936394 -30.233860 503.739136
v 31.655519 -28.918354 504.557800
v 31.184547 -27.119165 504.557800
v 31.649921 -25.318371 504.557800
v 32.926666 -23.998571 504.557800
v 32.926666 -23.998571 504.557800
v 32.926750 -23.998587 503.739136
v 34.672836 -23.513426 504.557800
v 34.672836 -23.513426 504.557800
v 34.672894 -23.513426 503.739136
v 36.420460 -23.992912 503.739136
v 30.341970 -27.129826 504.557800
v 30.031054 -25.941578 504.557800
v 29.185135 -25.072735 504.557434
v 29.185135 -25.072735 504.557434
v 30.034725 -28.319141 504.557800
v 29.191521 -29.190687 504.557434
v 29.191521 -29.190687 504.557434
v 29.191538 -29.190687 503.739136
v 28.038336 -29.511162 504.557343
v 28.038336 -29.511162 504.557343
v 28.038336 -29.511162 503.739136
v 26.884148 -29.194469 504.557343
v 26.884148 -29.194469 504.557343
v 26.038219 -28.325718 504.557343
v 26.884148 -29.194479 503.739136
v 25.727257 -27.137405 504.557343
v 26.034586 -25.948109 504.557343
v 26.877800 -25.076500 504.557343
v 26.877800 -25.076500 504.557343
v 26.877800 -25.076509 503.738678
v 28.031004 -24.756052 504.557343
v 28.031004 -24.756052 504.557343
v 28.031004 -24.756052 503.739136
v 29.185154 -25.072735 503.739136
v 54.837513 -23.806299 500.494843
v 55.631702 -23.806299 500.494843
v 55.631702 -23.806299 500.494843
v 55.632088 -23.809282 502.303650
v 55.632088 -23.809282 502.303650
v 55.632088 -23.553156 501.399567
v 55.632088 -23.553156 501.399567
v 54.837513 -23.553156 501.399567
v 55.631702 -25.450693 499.588165
v 55.631817 -26.401459 499.828888
v 55.631702 -27.098185 500.489807
v 55.631702 -27.098185 500.489807
v 54.837513 -27.098185 500.489807
v 55.631714 -27.354353 501.393799
v 55.631714 -27.354353 501.393799
v 54.837513 -27.354353 501.393799
v 55.631714 -27.101217 502.298462
v 55.631714 -27.101217 502.298462
v 54.837513 -27.101217 502.298462
v 54.837513 -23.809282 502.303253
v 55.632088 -26.406673 502.961639
v 55.632088 -24.506083 502.964203
v 55.632088 -25.456812 503.205078
v 55.631702 -24.500853 499.831726
v -45.995632 -23.766041 504.557434
v -45.995632 -23.766041 504.557434
v -45.995644 -23.766041 503.739136
v -47.367466 -25.175108 504.557434
v -44.123806 -23.252472 504.557800
v -44.123806 -23.252472 504.557800
v -46.006035 -30.444412 504.557434
v -46.006035 -30.444412 504.557434
v -47.373421 -29.030958 504.557434
v -47.871815 -27.102121 504.557434
v -46.006054 -30.444431 503.739136
v -44.135761 -30.964136 503.739136
v -44.135742 -30.964159 504.557434
v -44.135742 -30.964159 504.557434
v -42.263935 -30.450592 503.739136
v -42.263905 -30.450602 504.557434
v -42.263905 -30.450602 504.557434
v -42.253616 -23.772116 503.739136
v -42.253559 -23.772099 504.557800
v -42.253559 -23.772099 504.557800
v -44.123833 -23.252472 503.739136
v -40.886024 -25.185705 504.557800
v -40.892056 -29.041576 504.557800
v -40.387650 -27.114508 504.557800
v -51.870865 -23.526262 504.557434
v -51.870865 -23.526262 504.557434
v -53.618320 -24.005758 504.557434
v -53.618320 -24.005758 504.557434
v -53.618340 -24.005758 503.739136
v -54.899174 -25.321310 504.557800
v -54.904755 -28.921293 504.557800
v -55.369968 -27.120523 504.557800
v -53.628021 -30.240932 504.557434
v -53.628021 -30.240932 504.557434
v -53.628059 -30.240932 503.739136
v -51.881989 -30.726212 503.739136
v -51.881989 -30.726212 504.557434
v -51.881989 -30.726212 504.557434
v -50.134403 -30.246687 503.739136
v -50.134403 -30.246677 504.557434
v -50.134403 -30.246677 504.557434
v -50.124725 -24.011478 503.738739
v -50.124725 -24.011459 504.557434
v -50.124725 -24.011459 504.557434
v -51.870865 -23.526253 503.739136
v -48.847988 -25.331192 504.557434
v -48.853531 -28.931255 504.557434
v -48.382683 -27.131979 504.557434
v -38.055477 -23.992912 504.557434
v -38.055477 -23.992912 504.557434
v -38.055496 -23.992912 503.739136
v -39.336323 -25.308474 504.557434
v -36.307880 -23.513426 504.557800
v -36.307880 -23.513426 504.557800
v -39.807163 -27.107609 504.557434
v -39.341900 -28.908447 504.557434
v -38.065262 -30.228111 503.739136
v -38.065212 -30.228092 504.557434
v -38.065212 -30.228092 504.557434
v -36.319050 -30.713327 503.739136
v -36.319004 -30.713352 504.557434
v -36.319004 -30.713352 504.557434
v -34.571449 -30.233860 503.739136
v -34.571400 -30.233873 504.557434
v -34.571400 -30.233873 504.557434
v -34.561806 -23.998587 503.739136
v -34.561718 -23.998571 504.557800
v -34.561718 -23.998571 504.557800
v -36.307930 -23.513426 503.739136
v -33.284996 -25.318371 504.557800
v -33.290592 -28.918354 504.557800
v -32.819611 -27.119165 504.557800
v -30.820217 -25.072735 504.557434
v -30.820217 -25.072735 504.557434
v -29.666096 -24.756052 504.557343
v -29.666096 -24.756052 504.557343
v -30.820236 -25.072735 503.739136
v -31.666138 -25.941578 504.557800
v -29.673428 -29.511162 503.739136
v -29.673428 -29.511162 504.557343
v -29.673428 -29.511162 504.557343
v -28.519251 -29.194469 504.557343
v -28.519251 -29.194469 504.557343
v -30.826603 -29.190687 504.557434
v -30.826603 -29.190687 504.557434
v -28.519251 -29.194479 503.739136
v -28.512901 -25.076509 503.738678
v -28.512901 -25.076500 504.557343
v -28.512901 -25.076500 504.557343
v -29.666096 -24.756052 503.739136
v -30.826622 -29.190687 503.739136
v -27.673330 -28.325718 504.557343
v -31.977053 -27.129826 504.557800
v -31.669807 -28.319141 504.557800
v -27.669697 -25.948109 504.557343
v -27.362368 -27.137405 504.557343
v -56.472397 -23.806299 500.494843
v -57.266590 -23.806299 500.494843
v -57.266590 -23.806299 500.494843
v -57.266590 -24.500853 499.831726
v -57.266964 -23.553156 501.399567
v -57.266964 -23.553156 501.399567
v -57.266590 -25.450693 499.588165
v -57.266701 -26.401459 499.828888
v -56.472397 -27.098185 500.489807
v -57.266590 -27.098185 500.489807
v -57.266590 -27.098185 500.489807
v -56.472397 -27.354353 501.393799
v -57.266590 -27.354353 501.393799
v -57.266590 -27.354353 501.393799
v -56.472397 -27.101217 502.298462
v -57.266590 -27.101217 502.298462
v -57.266590 -27.101217 502.298462
v -56.472397 -23.809282 502.303253
v -57.266964 -23.809282 502.303650
v -57.266964 -23.809282 502.303650
v -56.472397 -23.553156 501.399567
v -57.266964 -24.506083 502.964203
v -57.266964 -25.456812 503.205078
v -57.266964 -26.406673 502.961639
v 55.570328 -25.688507 496.981506
v 31.801517 -25.688507 496.981445
v 54.872562 -40.320274 496.981445
v 54.872562 -40.320274 496.981445
v 32.552925 -40.320274 496.981445
v 33.894783 -40.879383 496.981445
v -33.436455 -38.966228 496.981293
v -33.436455 -38.966228 496.981293
v -57.001961 -39.626484 496.981201
v -57.109306 -38.966228 496.981201
v -33.436455 -25.688507 496.981445
v -33.436455 -25.688507 496.981445
v -57.109306 -25.688507 496.981201
v -57.109306 -27.836237 496.981201
vt 0.959223 0.984175
vt 0.031384 0.864580
vt 0.959223 0.864580
vt 0.031384 0.984175
vt 0.280709 0.987484
vt 0.146350 0.848318
vt 0.280709 0.848318
vt 0.146350 0.987484
vt 0.280709 0.987484
vt 0.146350 0.848318
vt 0.280709 0.848318
vt 0.146350 0.987484
vt 0.280709 0.987484
vt 0.146350 0.848318
vt 0.280709 0.848318
vt 0.146350 0.987484
vt 0.959223 0.984175
vt 0.031384 0.864580
vt 0.959223 0.864580
vt 0.031384 0.984175
vt 0.959223 0.984175
vt 0.031384 0.864580
vt 0.959223 0.864580
vt 0.031384 0.984175
vt 0.187645 0.016880
vt 0.379000 0.016880
vt 0.187645 0.069675
vt 0.379000 0.069675
vt 0.012632 0.172004
vt 0.724279 0.200217
vt 0.012632 0.200217
vt 0.724279 0.172004
vt 0.529126 0.059957
vt 0.529006 0.059995
vt 0.529126 0.059995
vt 0.529006 0.059957
vt 0.528986 0.059995
vt 0.529011 0.060006
vt 0.528991 0.060006
vt 0.528980 0.060006
vt 0.528975 0.059995
vt 0.528986 0.059957
vt 0.528975 0.059957
vt 0.529006 0.059934
vt 0.528986 0.059934
vt 0.528970 0.059995
vt 0.528975 0.059934
vt 0.528970 0.059957
vt 0.528970 0.059995
vt 0.528975 0.060006
vt 0.528975 0.060006
vt 0.528975 0.060006
vt 0.528995 0.060018
vt 0.528975 0.060006
vt 0.528975 0.060006
vt 0.528970 0.059995
vt 0.528975 0.060006
vt 0.528970 0.059957
vt 0.528975 0.059957
vt 0.528975 0.059995
vt 0.528986 0.059957
vt 0.528986 0.059934
vt 0.528975 0.059934
vt 0.528970 0.059934
vt 0.528986 0.059712
vt 0.528975 0.059712
vt 0.528975 0.059508
vt 0.528970 0.059508
vt 0.528970 0.059712
vt 0.528970 0.059712
vt 0.528970 0.059934
vt 0.528970 0.059510
vt 0.528970 0.059957
vt 0.528970 0.059934
vt 0.528970 0.059600
vt 0.528975 0.059574
vt 0.528975 0.059436
vt 0.528970 0.059447
vt 0.528975 0.059436
vt 0.528975 0.059574
vt 0.528990 0.059568
vt 0.528995 0.059425
vt 0.529049 0.059564
vt 0.529126 0.059934
vt 0.529101 0.059638
vt 0.529126 0.059416
vt 0.529014 0.059416
vt 0.529126 0.059416
vt 0.529014 0.059416
vt 0.529014 0.059416
vt 0.529049 0.059564
vt 0.529014 0.059416
vt 0.528995 0.059425
vt 0.528995 0.059425
vt 0.528975 0.059436
vt 0.528995 0.059425
vt 0.528975 0.059436
vt 0.528975 0.059436
vt 0.528975 0.059436
vt 0.528975 0.059436
vt 0.528970 0.059447
vt 0.528975 0.059436
vt 0.528970 0.059447
vt 0.528970 0.059447
vt 0.528970 0.059486
vt 0.528970 0.059486
vt 0.528975 0.059436
vt 0.528970 0.059447
vt 0.528970 0.059486
vt 0.528970 0.059486
vt 0.528970 0.059510
vt 0.528970 0.059600
vt 0.528970 0.059712
vt 0.528970 0.059712
vt 0.528970 0.059486
vt 0.528970 0.059508
vt 0.528970 0.059486
vt 0.528975 0.059508
vt 0.528975 0.059712
vt 0.528986 0.059712
vt 0.528975 0.059934
vt 0.528970 0.059934
vt 0.528970 0.059957
vt 0.528970 0.059957
vt 0.528970 0.059934
vt 0.528970 0.059934
vt 0.528970 0.059957
vt 0.528975 0.059934
vt 0.528975 0.059574
vt 0.528975 0.059574
vt 0.528990 0.059568
vt 0.528986 0.059934
vt 0.528975 0.059957
vt 0.528986 0.059957
vt 0.528975 0.059995
vt 0.528970 0.059995
vt 0.528970 0.059995
vt 0.528975 0.060006
vt 0.528975 0.060006
vt 0.528975 0.060006
vt 0.528975 0.060006
vt 0.528995 0.060018
vt 0.528980 0.060006
vt 0.528995 0.060018
vt 0.528980 0.060006
vt 0.529014 0.060027
vt 0.529000 0.060018
vt 0.529014 0.060027
vt 0.529126 0.060027
vt 0.529126 0.060027
vt 0.529019 0.060027
vt 0.529014 0.060027
vt 0.529014 0.060027
vt 0.529126 0.060027
vt 0.529014 0.060027
vt 0.529014 0.060027
vt 0.528995 0.060018
vt 0.529000 0.060018
vt 0.529019 0.060027
vt 0.528980 0.060006
vt 0.528991 0.060006
vt 0.528986 0.059995
vt 0.528980 0.060006
vt 0.529006 0.059995
vt 0.529006 0.059957
vt 0.529126 0.059934
vt 0.529126 0.059957
vt 0.529006 0.059934
vt 0.529006 0.059712
vt 0.529126 0.059712
vt 0.529126 0.059508
vt 0.529006 0.059508
vt 0.529006 0.059508
vt 0.529006 0.059934
vt 0.529006 0.059712
vt 0.529006 0.059957
vt 0.528986 0.059957
vt 0.528986 0.059934
vt 0.528975 0.059957
vt 0.528970 0.059995
vt 0.528975 0.059995
vt 0.528975 0.060006
vt 0.528975 0.060006
vt 0.528995 0.060018
vt 0.528980 0.060006
vt 0.528980 0.060006
vt 0.528986 0.059995
vt 0.528991 0.060006
vt 0.529000 0.060018
vt 0.529006 0.059995
vt 0.529011 0.060006
vt 0.529126 0.059995
vt 0.529126 0.060006
vt 0.529011 0.060006
vt 0.529126 0.060018
vt 0.529030 0.060018
vt 0.529030 0.060018
vt 0.529010 0.060018
vt 0.529030 0.060027
vt 0.529050 0.060027
vt 0.529126 0.060027
vt 0.529126 0.060027
vt 0.529030 0.060027
vt 0.529126 0.060027
vt 0.529050 0.060027
vt 0.529126 0.060027
vt 0.529019 0.060027
vt 0.529010 0.060018
vt 0.528986 0.059508
vt 0.528975 0.059486
vt 0.528986 0.059486
vt 0.528986 0.059447
vt 0.528975 0.059447
vt 0.529006 0.059486
vt 0.528980 0.059436
vt 0.528975 0.059436
vt 0.528970 0.059447
vt 0.528970 0.059447
vt 0.528975 0.059436
vt 0.528975 0.059436
vt 0.528975 0.059436
vt 0.528995 0.059425
vt 0.528975 0.059436
vt 0.528995 0.059425
vt 0.528975 0.059436
vt 0.528995 0.059425
vt 0.529014 0.059416
vt 0.529014 0.059416
vt 0.529126 0.059416
vt 0.529126 0.059416
vt 0.529014 0.059416
vt 0.528995 0.059425
vt 0.529014 0.059416
vt 0.529126 0.059416
vt 0.529014 0.059416
vt 0.529014 0.059416
vt 0.528995 0.059425
vt 0.528995 0.059425
vt 0.528975 0.059436
vt 0.528975 0.059436
vt 0.528995 0.059425
vt 0.528975 0.059436
vt 0.529014 0.059416
vt 0.528995 0.059425
vt 0.529014 0.059416
vt 0.528975 0.059436
vt 0.528995 0.059425
vt 0.529014 0.059416
vt 0.528980 0.059436
vt 0.529000 0.059425
vt 0.529126 0.059416
vt 0.529126 0.059416
vt 0.529019 0.059416
vt 0.529126 0.059416
vt 0.529030 0.059416
vt 0.529010 0.059425
vt 0.528991 0.059436
vt 0.529030 0.059425
vt 0.529011 0.059436
vt 0.529126 0.059436
vt 0.529006 0.059447
vt 0.529126 0.059447
vt 0.529006 0.059447
vt 0.529011 0.059436
vt 0.529126 0.059486
vt 0.529030 0.059425
vt 0.529010 0.059425
vt 0.528991 0.059436
vt 0.529000 0.059425
vt 0.528980 0.059436
vt 0.529019 0.059416
vt 0.529014 0.059416
vt 0.529030 0.059416
vt 0.529050 0.059416
vt 0.529126 0.059416
vt 0.529126 0.059425
vt 0.529126 0.059416
vt 0.529126 0.059416
vt 0.529050 0.059416
vt 0.529006 0.059486
vt 0.528986 0.059486
vt 0.528986 0.059447
vt 0.528975 0.059447
vt 0.528975 0.059486
vt 0.528986 0.059508
vt 0.528970 0.059447
vt 0.528970 0.059486
vt 0.528970 0.059447
vt 0.528975 0.059436
vt 0.528975 0.059436
vt 0.528970 0.059447
vt 0.528975 0.059436
vt 0.528970 0.059486
vt 0.528970 0.059486
vt 0.528970 0.059447
vt 0.528975 0.059436
vt 0.528970 0.059447
vt 0.528975 0.059436
vt 0.528970 0.059486
vt 0.528970 0.059486
vt 0.528970 0.059486
vt 0.528970 0.059447
vt 0.528975 0.059436
vt 0.528975 0.059436
vt 0.528995 0.059425
vt 0.528975 0.059436
vt 0.528970 0.059486
vt 0.528980 0.059436
vt 0.528970 0.059447
vt 0.528970 0.059486
vt 0.528995 0.060018
vt 0.529000 0.060018
vt 0.529019 0.060027
vt 0.528980 0.060006
vt 0.529010 0.060018
vt 0.529030 0.060027
vt 0.529126 0.060027
vt 0.529126 0.060027
vt 0.529050 0.060027
vt 0.529030 0.060018
vt 0.529126 0.060018
vt 0.529126 0.060006
vt 0.529011 0.060006
vt 0.529030 0.060018
vt 0.529010 0.060018
vt 0.529030 0.060027
vt 0.529050 0.060027
vt 0.529126 0.060027
vt 0.529126 0.060027
vt 0.528991 0.060006
vt 0.528986 0.059995
vt 0.529006 0.059995
vt 0.529006 0.059957
vt 0.529006 0.059934
vt 0.528975 0.059436
vt 0.529006 0.059957
vt 0.529126 0.059957
vt 0.529006 0.059995
vt 0.529126 0.059934
vt 0.529006 0.059957
vt 0.529126 0.059995
vt 0.529006 0.059995
vt 0.528986 0.059995
vt 0.528991 0.060006
vt 0.529011 0.060006
vt 0.529010 0.060018
vt 0.529030 0.060018
vt 0.529126 0.060006
vt 0.529011 0.060006
vt 0.529030 0.060018
vt 0.529126 0.060018
vt 0.529010 0.060018
vt 0.528991 0.060006
vt 0.529000 0.060018
vt 0.528986 0.059995
vt 0.528980 0.060006
vt 0.528980 0.060006
vt 0.528995 0.060018
vt 0.528975 0.059995
vt 0.528975 0.060006
vt 0.528975 0.060006
vt 0.528986 0.059957
vt 0.528970 0.059995
vt 0.528975 0.059957
vt 0.528970 0.059957
vt 0.528986 0.059934
vt 0.528975 0.059934
vt 0.528975 0.059574
vt 0.528990 0.059568
vt 0.528975 0.059574
vt 0.528970 0.059934
vt 0.528995 0.059425
vt 0.528975 0.059436
vt 0.529049 0.059564
vt 0.529006 0.059934
vt 0.529101 0.059638
vt 0.529126 0.059416
vt 0.529014 0.059416
vt 0.529126 0.059416
vt 0.529014 0.059416
vt 0.529014 0.059416
vt 0.529049 0.059564
vt 0.529014 0.059416
vt 0.528995 0.059425
vt 0.528995 0.059425
vt 0.528975 0.059436
vt 0.528995 0.059425
vt 0.528975 0.059436
vt 0.528975 0.059436
vt 0.528975 0.059436
vt 0.528970 0.059447
vt 0.528975 0.059436
vt 0.528975 0.059436
vt 0.528970 0.059447
vt 0.528970 0.059447
vt 0.528970 0.059486
vt 0.528970 0.059486
vt 0.528970 0.059486
vt 0.528970 0.059486
vt 0.528970 0.059447
vt 0.528975 0.059436
vt 0.528970 0.059447
vt 0.528975 0.059436
vt 0.528970 0.059447
vt 0.528970 0.059486
vt 0.528975 0.059486
vt 0.528975 0.059508
vt 0.528970 0.059508
vt 0.528970 0.059712
vt 0.528970 0.059510
vt 0.528975 0.059712
vt 0.528986 0.059712
vt 0.528975 0.059934
vt 0.528970 0.059934
vt 0.528970 0.059957
vt 0.528970 0.059957
vt 0.528970 0.059934
vt 0.528970 0.059934
vt 0.528970 0.059600
vt 0.528970 0.059712
vt 0.528975 0.059574
vt 0.528975 0.059934
vt 0.528970 0.059957
vt 0.528970 0.059995
vt 0.528970 0.059995
vt 0.528975 0.059957
vt 0.528970 0.059995
vt 0.528975 0.060006
vt 0.528975 0.059957
vt 0.528975 0.060006
vt 0.528975 0.059995
vt 0.528986 0.059957
vt 0.528986 0.059934
vt 0.529006 0.059934
vt 0.529006 0.059712
vt 0.528986 0.059508
vt 0.529006 0.059508
vt 0.529126 0.059712
vt 0.528986 0.059486
vt 0.528986 0.059447
vt 0.529006 0.059486
vt 0.528975 0.059447
vt 0.529006 0.059447
vt 0.529126 0.059486
vt 0.529126 0.059508
vt 0.529006 0.059508
vt 0.529006 0.059486
vt 0.528986 0.059486
vt 0.529006 0.059712
vt 0.528986 0.059508
vt 0.528975 0.059486
vt 0.528975 0.059508
vt 0.528986 0.059712
vt 0.528970 0.059486
vt 0.528975 0.059712
vt 0.528970 0.059508
vt 0.528970 0.059712
vt 0.528970 0.059510
vt 0.528970 0.059486
vt 0.528970 0.059486
vt 0.528970 0.059486
vt 0.528970 0.059447
vt 0.528970 0.059486
vt 0.528970 0.059447
vt 0.528970 0.059447
vt 0.528975 0.059436
vt 0.528975 0.059436
vt 0.528975 0.059436
vt 0.528995 0.059425
vt 0.528975 0.059436
vt 0.528995 0.059425
vt 0.528975 0.059436
vt 0.528975 0.059436
vt 0.528970 0.059447
vt 0.528995 0.059425
vt 0.528975 0.059436
vt 0.528975 0.059436
vt 0.528995 0.059425
vt 0.528975 0.059447
vt 0.528980 0.059436
vt 0.528980 0.059436
vt 0.529000 0.059425
vt 0.528991 0.059436
vt 0.528986 0.059447
vt 0.529006 0.059447
vt 0.529126 0.059447
vt 0.529011 0.059436
vt 0.529011 0.059436
vt 0.529126 0.059436
vt 0.529030 0.059425
vt 0.529010 0.059425
vt 0.528991 0.059436
vt 0.529000 0.059425
vt 0.528980 0.059436
vt 0.528980 0.059436
vt 0.528995 0.059425
vt 0.528975 0.059436
vt 0.528975 0.059436
vt 0.528995 0.059425
vt 0.528975 0.059436
vt 0.529014 0.059416
vt 0.528995 0.059425
vt 0.529014 0.059416
vt 0.529126 0.059416
vt 0.529126 0.059416
vt 0.529014 0.059416
vt 0.528995 0.059425
vt 0.529014 0.059416
vt 0.529126 0.059416
vt 0.529014 0.059416
vt 0.529014 0.059416
vt 0.528995 0.059425
vt 0.528995 0.059425
vt 0.528975 0.059436
vt 0.528975 0.059436
vt 0.528970 0.059447
vt 0.528975 0.059436
vt 0.528975 0.059436
vt 0.528970 0.059447
vt 0.528975 0.059436
vt 0.528970 0.059447
vt 0.528970 0.059486
vt 0.528970 0.059486
vt 0.528970 0.059600
vt 0.528970 0.059934
vt 0.528970 0.059712
vt 0.528970 0.059957
vt 0.528970 0.059934
vt 0.528970 0.059957
vt 0.528975 0.059934
vt 0.528970 0.059995
vt 0.528975 0.059957
vt 0.528970 0.059995
vt 0.528975 0.059995
vt 0.528986 0.059957
vt 0.528986 0.059934
vt 0.529006 0.059934
vt 0.529126 0.059934
vt 0.529006 0.059957
vt 0.529006 0.059995
vt 0.529126 0.059957
vt 0.528986 0.059995
vt 0.529126 0.059995
vt 0.529006 0.059995
vt 0.529006 0.059957
vt 0.528986 0.059995
vt 0.528991 0.060006
vt 0.528980 0.060006
vt 0.528980 0.060006
vt 0.529000 0.060018
vt 0.528995 0.060018
vt 0.528975 0.060006
vt 0.529014 0.060027
vt 0.528995 0.060018
vt 0.529014 0.060027
vt 0.529126 0.060027
vt 0.529014 0.060027
vt 0.528995 0.060018
vt 0.529000 0.060018
vt 0.529019 0.060027
vt 0.529126 0.060027
vt 0.529014 0.060027
vt 0.529019 0.060027
vt 0.529126 0.060027
vt 0.529030 0.060027
vt 0.529126 0.060027
vt 0.529030 0.060027
vt 0.529050 0.060027
vt 0.529126 0.060027
vt 0.529126 0.060027
vt 0.529050 0.060027
vt 0.529014 0.060027
vt 0.528995 0.060018
vt 0.528995 0.060018
vt 0.529014 0.060027
vt 0.529126 0.060027
vt 0.529019 0.060027
vt 0.529000 0.060018
vt 0.529010 0.060018
vt 0.528991 0.060006
vt 0.528980 0.060006
vt 0.528980 0.060006
vt 0.528975 0.060006
vt 0.528975 0.060006
vt 0.528975 0.060006
vt 0.528975 0.060006
vt 0.529011 0.060006
vt 0.529030 0.060018
vt 0.529126 0.060006
vt 0.529011 0.060006
vt 0.529030 0.060018
vt 0.529126 0.060018
vt 0.529010 0.060018
vt 0.529030 0.060027
vt 0.529019 0.060027
vt 0.529126 0.060027
vt 0.529030 0.060027
vt 0.529126 0.060027
vt 0.529050 0.060027
vt 0.529050 0.060027
vt 0.529126 0.060027
vt 0.529126 0.060027
vt 0.528980 0.060006
vt 0.528975 0.059995
vt 0.528975 0.060006
vt 0.528980 0.060006
vt 0.528975 0.060006
vt 0.528975 0.060006
vt 0.528986 0.059957
vt 0.528986 0.059934
vt 0.529006 0.059934
vt 0.528990 0.059568
vt 0.528975 0.059436
vt 0.528975 0.059574
vt 0.528975 0.059436
vt 0.528970 0.059447
vt 0.528970 0.059486
vt 0.528970 0.059486
vt 0.529014 0.059416
vt 0.529014 0.059416
vt 0.529126 0.059416
vt 0.529014 0.059416
vt 0.529019 0.059416
vt 0.529126 0.059416
vt 0.529014 0.059416
vt 0.529126 0.059416
vt 0.529019 0.059416
vt 0.529030 0.059416
vt 0.529050 0.059416
vt 0.529126 0.059416
vt 0.529030 0.059416
vt 0.529050 0.059416
vt 0.529126 0.059416
vt 0.529126 0.059425
vt 0.529126 0.059416
vt 0.529030 0.059425
vt 0.529010 0.059425
vt 0.528975 0.059436
vt 0.321483 0.106008
vt 0.321483 0.106008
vt 0.327788 0.112293
vt 0.319165 0.097414
vt 0.327787 0.112293
vt 0.327788 0.112293
vt 0.327787 0.112293
vt 0.336390 0.114584
vt 0.321483 0.106008
vt 0.327788 0.112293
vt 0.336362 0.097387
vt 0.336390 0.114584
vt 0.344985 0.112266
vt 0.351270 0.105962
vt 0.321455 0.088812
vt 0.319165 0.097414
vt 0.327739 0.082508
vt 0.353560 0.097359
vt 0.351242 0.088765
vt 0.344937 0.082481
vt 0.336335 0.080190
vt 0.319165 0.097414
vt 0.321455 0.088812
vt 0.321455 0.088812
vt 0.327739 0.082508
vt 0.327739 0.082508
vt 0.327739 0.082508
vt 0.327739 0.082508
vt 0.336335 0.080190
vt 0.336335 0.080190
vt 0.336335 0.080190
vt 0.336335 0.080190
vt 0.344937 0.082481
vt 0.344937 0.082481
vt 0.344937 0.082481
vt 0.344937 0.082481
vt 0.351242 0.088765
vt 0.351242 0.088765
vt 0.353560 0.097359
vt 0.353560 0.097359
vt 0.351269 0.105962
vt 0.351270 0.105962
vt 0.344985 0.112266
vt 0.344985 0.112266
vt 0.344985 0.112266
vt 0.344985 0.112266
vt 0.336389 0.114584
vt 0.336389 0.114584
vt 0.336390 0.114584
vt 0.285567 0.112232
vt 0.285567 0.112232
vt 0.279262 0.105947
vt 0.279262 0.105947
vt 0.276944 0.097353
vt 0.279262 0.105947
vt 0.285567 0.112232
vt 0.294141 0.097325
vt 0.276944 0.097353
vt 0.276944 0.097353
vt 0.279234 0.088751
vt 0.279234 0.088751
vt 0.279234 0.088751
vt 0.285519 0.082447
vt 0.285519 0.082447
vt 0.285519 0.082447
vt 0.294114 0.080129
vt 0.285519 0.082447
vt 0.285519 0.082447
vt 0.294114 0.080129
vt 0.294114 0.080129
vt 0.294114 0.080129
vt 0.294114 0.080129
vt 0.302716 0.082419
vt 0.302716 0.082419
vt 0.302716 0.082419
vt 0.302716 0.082419
vt 0.302716 0.082419
vt 0.309021 0.088703
vt 0.309021 0.088703
vt 0.309021 0.088703
vt 0.311339 0.097298
vt 0.311339 0.097298
vt 0.311339 0.097298
vt 0.309048 0.105900
vt 0.309048 0.105900
vt 0.309048 0.105900
vt 0.302764 0.112204
vt 0.302764 0.112204
vt 0.302764 0.112204
vt 0.294168 0.114522
vt 0.294168 0.114522
vt 0.294168 0.114522
vt 0.302764 0.112204
vt 0.302764 0.112204
vt 0.294168 0.114522
vt 0.294168 0.114522
vt 0.285567 0.112232
vt 0.285567 0.112232
vt 0.279318 0.106008
vt 0.279318 0.106008
vt 0.277000 0.097414
vt 0.285623 0.112293
vt 0.285623 0.112293
vt 0.279318 0.106008
vt 0.285623 0.112293
vt 0.294198 0.097387
vt 0.277001 0.097414
vt 0.277001 0.097414
vt 0.279291 0.088812
vt 0.279291 0.088812
vt 0.279291 0.088812
vt 0.285575 0.082508
vt 0.285575 0.082508
vt 0.285575 0.082508
vt 0.294171 0.080190
vt 0.294170 0.080190
vt 0.285575 0.082508
vt 0.294171 0.080190
vt 0.285575 0.082508
vt 0.294170 0.080190
vt 0.294171 0.080190
vt 0.302773 0.082481
vt 0.302773 0.082481
vt 0.302773 0.082481
vt 0.302773 0.082481
vt 0.309078 0.088765
vt 0.309078 0.088765
vt 0.311396 0.097359
vt 0.309078 0.088765
vt 0.302773 0.082481
vt 0.311396 0.097359
vt 0.311396 0.097359
vt 0.309105 0.105962
vt 0.309105 0.105962
vt 0.309105 0.105962
vt 0.302820 0.112266
vt 0.302821 0.112266
vt 0.302821 0.112266
vt 0.302820 0.112266
vt 0.302821 0.112266
vt 0.294225 0.114584
vt 0.294225 0.114584
vt 0.294225 0.114584
vt 0.294225 0.114584
vt 0.294225 0.114584
vt 0.285623 0.112293
vt 0.285623 0.112293
vt 0.320373 0.150865
vt 0.320373 0.150865
vt 0.326678 0.157149
vt 0.326678 0.157149
vt 0.318055 0.142270
vt 0.320373 0.150865
vt 0.326678 0.157149
vt 0.335252 0.142243
vt 0.318056 0.142270
vt 0.318056 0.142270
vt 0.320346 0.133668
vt 0.320346 0.133668
vt 0.320346 0.133668
vt 0.326630 0.127364
vt 0.326630 0.127364
vt 0.326630 0.127364
vt 0.335225 0.125046
vt 0.326630 0.127364
vt 0.326630 0.127364
vt 0.335225 0.125046
vt 0.335225 0.125046
vt 0.335225 0.125046
vt 0.335225 0.125046
vt 0.343827 0.127337
vt 0.343827 0.127337
vt 0.343827 0.127337
vt 0.350132 0.133621
vt 0.350132 0.133621
vt 0.343827 0.127337
vt 0.350132 0.133621
vt 0.343827 0.127337
vt 0.352450 0.142215
vt 0.352450 0.142215
vt 0.350159 0.150818
vt 0.350159 0.150818
vt 0.352450 0.142215
vt 0.350159 0.150818
vt 0.343875 0.157122
vt 0.343875 0.157122
vt 0.343875 0.157122
vt 0.343875 0.157122
vt 0.343875 0.157122
vt 0.335280 0.159440
vt 0.335280 0.159440
vt 0.335280 0.159440
vt 0.326678 0.157149
vt 0.335280 0.159440
vt 0.335280 0.159440
vt 0.326678 0.157149
vt 0.327787 0.112293
vt 0.327788 0.112293
vt 0.321483 0.106008
vt 0.321483 0.106008
vt 0.319165 0.097414
vt 0.336389 0.114584
vt 0.336390 0.114584
vt 0.327787 0.112293
vt 0.327788 0.112293
vt 0.336390 0.114584
vt 0.344985 0.112266
vt 0.336362 0.097387
vt 0.336390 0.114584
vt 0.336389 0.114584
vt 0.344985 0.112266
vt 0.327788 0.112293
vt 0.351270 0.105962
vt 0.353560 0.097359
vt 0.351242 0.088765
vt 0.327739 0.082508
vt 0.321455 0.088812
vt 0.336335 0.080190
vt 0.319165 0.097414
vt 0.321483 0.106008
vt 0.344937 0.082481
vt 0.321455 0.088812
vt 0.321455 0.088812
vt 0.319165 0.097414
vt 0.327739 0.082508
vt 0.327739 0.082508
vt 0.327739 0.082508
vt 0.327739 0.082508
vt 0.336335 0.080190
vt 0.336335 0.080190
vt 0.336335 0.080190
vt 0.336335 0.080190
vt 0.344937 0.082481
vt 0.344937 0.082481
vt 0.344937 0.082481
vt 0.344937 0.082481
vt 0.351242 0.088765
vt 0.351242 0.088765
vt 0.353560 0.097359
vt 0.353560 0.097359
vt 0.351269 0.105962
vt 0.351270 0.105962
vt 0.344985 0.112266
vt 0.344985 0.112266
vt 0.344985 0.112266
vt 0.321483 0.106008
vt 0.327788 0.112293
vt 0.321483 0.106008
vt 0.327787 0.112293
vt 0.327788 0.112293
vt 0.336390 0.114584
vt 0.327787 0.112293
vt 0.321483 0.106008
vt 0.336362 0.097387
vt 0.327788 0.112293
vt 0.336390 0.114584
vt 0.351242 0.088765
vt 0.344937 0.082481
vt 0.353560 0.097359
vt 0.319165 0.097414
vt 0.321455 0.088812
vt 0.351270 0.105962
vt 0.344985 0.112266
vt 0.336335 0.080190
vt 0.327739 0.082508
vt 0.321455 0.088812
vt 0.319165 0.097414
vt 0.321455 0.088812
vt 0.327739 0.082508
vt 0.327739 0.082508
vt 0.327739 0.082508
vt 0.336335 0.080190
vt 0.327739 0.082508
vt 0.336335 0.080190
vt 0.336335 0.080190
vt 0.344937 0.082481
vt 0.336335 0.080190
vt 0.344937 0.082481
vt 0.344937 0.082481
vt 0.351242 0.088765
vt 0.344937 0.082481
vt 0.351242 0.088765
vt 0.353560 0.097359
vt 0.353560 0.097359
vt 0.351269 0.105962
vt 0.351270 0.105962
vt 0.344985 0.112266
vt 0.344985 0.112266
vt 0.344985 0.112266
vt 0.336389 0.114584
vt 0.344985 0.112266
vt 0.336390 0.114584
vt 0.336389 0.114584
vt 0.319165 0.097414
vt 0.279262 0.105947
vt 0.285567 0.112232
vt 0.279262 0.105947
vt 0.276944 0.097353
vt 0.285567 0.112232
vt 0.285567 0.112232
vt 0.294168 0.114522
vt 0.285567 0.112232
vt 0.285567 0.112232
vt 0.294141 0.097325
vt 0.294168 0.114522
vt 0.279262 0.105947
vt 0.309048 0.105900
vt 0.311339 0.097298
vt 0.309021 0.088703
vt 0.302716 0.082419
vt 0.302764 0.112204
vt 0.294114 0.080129
vt 0.285519 0.082447
vt 0.279234 0.088751
vt 0.276944 0.097353
vt 0.279234 0.088751
vt 0.276944 0.097353
vt 0.279234 0.088751
vt 0.285519 0.082447
vt 0.285519 0.082447
vt 0.285519 0.082447
vt 0.294114 0.080129
vt 0.285519 0.082447
vt 0.294114 0.080129
vt 0.302716 0.082419
vt 0.294114 0.080129
vt 0.294114 0.080129
vt 0.302716 0.082419
vt 0.309021 0.088703
vt 0.302716 0.082419
vt 0.302716 0.082419
vt 0.311339 0.097298
vt 0.309021 0.088703
vt 0.309048 0.105900
vt 0.311339 0.097298
vt 0.302764 0.112204
vt 0.309048 0.105900
vt 0.302764 0.112204
vt 0.302764 0.112204
vt 0.294168 0.114522
vt 0.302764 0.112204
vt 0.294168 0.114522
vt 0.294168 0.114522
vt 0.285623 0.112293
vt 0.279318 0.106008
vt 0.285623 0.112293
vt 0.279318 0.106008
vt 0.277000 0.097414
vt 0.285623 0.112293
vt 0.294225 0.114584
vt 0.285623 0.112293
vt 0.279318 0.106008
vt 0.294198 0.097387
vt 0.285623 0.112293
vt 0.294225 0.114584
vt 0.309105 0.105962
vt 0.311396 0.097359
vt 0.309078 0.088765
vt 0.302773 0.082481
vt 0.302821 0.112266
vt 0.294171 0.080190
vt 0.285575 0.082508
vt 0.279291 0.088812
vt 0.277001 0.097414
vt 0.279291 0.088812
vt 0.277001 0.097414
vt 0.279291 0.088812
vt 0.285575 0.082508
vt 0.285575 0.082508
vt 0.285575 0.082508
vt 0.294170 0.080190
vt 0.285575 0.082508
vt 0.294171 0.080190
vt 0.294170 0.080190
vt 0.302773 0.082481
vt 0.294171 0.080190
vt 0.302773 0.082481
vt 0.309078 0.088765
vt 0.302773 0.082481
vt 0.302773 0.082481
vt 0.311396 0.097359
vt 0.309078 0.088765
vt 0.309105 0.105962
vt 0.311396 0.097359
vt 0.302820 0.112266
vt 0.309105 0.105962
vt 0.302821 0.112266
vt 0.302820 0.112266
vt 0.294225 0.114584
vt 0.302821 0.112266
vt 0.294225 0.114584
vt 0.294225 0.114584
vt 0.326678 0.157149
vt 0.320373 0.150865
vt 0.326678 0.157149
vt 0.320373 0.150865
vt 0.318055 0.142270
vt 0.326678 0.157149
vt 0.335252 0.142243
vt 0.335280 0.159440
vt 0.326678 0.157149
vt 0.335280 0.159440
vt 0.326678 0.157149
vt 0.320373 0.150865
vt 0.350159 0.150818
vt 0.352450 0.142215
vt 0.350132 0.133621
vt 0.343827 0.127337
vt 0.343875 0.157122
vt 0.335225 0.125046
vt 0.326630 0.127364
vt 0.320346 0.133668
vt 0.318056 0.142270
vt 0.335225 0.125046
vt 0.326630 0.127364
vt 0.335225 0.125046
vt 0.335225 0.125046
vt 0.343827 0.127337
vt 0.335225 0.125046
vt 0.343827 0.127337
vt 0.343827 0.127337
vt 0.350132 0.133621
vt 0.343827 0.127337
vt 0.350132 0.133621
vt 0.352450 0.142215
vt 0.350159 0.150818
vt 0.352450 0.142215
vt 0.343875 0.157122
vt 0.350159 0.150818
vt 0.343875 0.157122
vt 0.335280 0.159440
vt 0.343875 0.157122
vt 0.343875 0.157122
vt 0.335280 0.159440
vt 0.335280 0.159440
vt 0.326630 0.127364
vt 0.320346 0.133668
vt 0.326630 0.127364
vt 0.320346 0.133668
vt 0.326630 0.127364
vt 0.318056 0.142270
vt 0.321483 0.106008
vt 0.327788 0.112293
vt 0.321483 0.106008
vt 0.319165 0.097414
vt 0.327787 0.112293
vt 0.327788 0.112293
vt 0.336390 0.114584
vt 0.327787 0.112293
vt 0.321483 0.106008
vt 0.336362 0.097387
vt 0.327788 0.112293
vt 0.336390 0.114584
vt 0.351270 0.105962
vt 0.353560 0.097359
vt 0.351242 0.088765
vt 0.344937 0.082481
vt 0.336335 0.080190
vt 0.344985 0.112266
vt 0.327739 0.082508
vt 0.321455 0.088812
vt 0.319165 0.097414
vt 0.321455 0.088812
vt 0.319165 0.097414
vt 0.321455 0.088812
vt 0.327739 0.082508
vt 0.327739 0.082508
vt 0.336335 0.080190
vt 0.327739 0.082508
vt 0.327739 0.082508
vt 0.336335 0.080190
vt 0.336335 0.080190
vt 0.344937 0.082481
vt 0.336335 0.080190
vt 0.344937 0.082481
vt 0.344937 0.082481
vt 0.351242 0.088765
vt 0.344937 0.082481
vt 0.353560 0.097359
vt 0.351242 0.088765
vt 0.351269 0.105962
vt 0.353560 0.097359
vt 0.351270 0.105962
vt 0.344985 0.112266
vt 0.344985 0.112266
vt 0.344985 0.112266
vt 0.336389 0.114584
vt 0.344985 0.112266
vt 0.336389 0.114584
vt 0.336390 0.114584
vt 0.517623 0.092202
vt 0.510540 0.095966
vt 0.511104 0.095966
vt 0.503691 0.097273
vt 0.508933 0.095966
vt 0.506528 0.095966
vt 0.503691 0.095966
vt 0.500854 0.095966
vt 0.498449 0.095966
vt 0.496842 0.095966
vt 0.496278 0.095966
vt 0.490820 0.092202
vt 0.489760 0.092202
vt 0.486350 0.086436
vt 0.484921 0.086436
vt 0.483971 0.079363
vt 0.482346 0.079363
vt 0.483971 0.071836
vt 0.482346 0.071836
vt 0.486350 0.064762
vt 0.484921 0.064762
vt 0.490820 0.058996
vt 0.489760 0.058996
vt 0.496842 0.055233
vt 0.496278 0.055233
vt 0.503691 0.053926
vt 0.510540 0.055233
vt 0.511104 0.055233
vt 0.508933 0.055233
vt 0.506528 0.055233
vt 0.503691 0.055233
vt 0.500854 0.055233
vt 0.498449 0.055233
vt 0.493840 0.058996
vt 0.498360 0.058996
vt 0.490419 0.064762
vt 0.503691 0.058996
vt 0.496508 0.064762
vt 0.509022 0.058996
vt 0.503691 0.064762
vt 0.510874 0.064762
vt 0.503691 0.071836
vt 0.495523 0.071836
vt 0.495523 0.079363
vt 0.488598 0.071836
vt 0.488598 0.079363
vt 0.490419 0.086436
vt 0.496508 0.086436
vt 0.493840 0.092202
vt 0.498360 0.092202
vt 0.503691 0.086436
vt 0.503691 0.092202
vt 0.510874 0.086436
vt 0.509022 0.092202
vt 0.516964 0.086436
vt 0.513542 0.092202
vt 0.523411 0.079363
vt 0.521033 0.086436
vt 0.518784 0.079363
vt 0.523411 0.071836
vt 0.518784 0.071836
vt 0.511860 0.079363
vt 0.511860 0.071836
vt 0.503691 0.079363
vt 0.516964 0.064762
vt 0.516562 0.058996
vt 0.521033 0.064762
vt 0.513542 0.058996
vt 0.517623 0.058996
vt 0.522461 0.064762
vt 0.525036 0.071836
vt 0.525036 0.079363
vt 0.522461 0.086436
vt 0.516562 0.092202
vt 0.517623 0.092202
vt 0.510540 0.095966
vt 0.516562 0.092202
vt 0.511104 0.095966
vt 0.503691 0.097273
vt 0.508933 0.095966
vt 0.513542 0.092202
vt 0.506528 0.095966
vt 0.509022 0.092202
vt 0.503691 0.095966
vt 0.500854 0.095966
vt 0.503691 0.092202
vt 0.498360 0.092202
vt 0.498449 0.095966
vt 0.493840 0.092202
vt 0.496842 0.095966
vt 0.496278 0.095966
vt 0.490820 0.092202
vt 0.490419 0.086436
vt 0.489760 0.092202
vt 0.486350 0.086436
vt 0.488598 0.079363
vt 0.484921 0.086436
vt 0.483971 0.079363
vt 0.482346 0.079363
vt 0.488598 0.071836
vt 0.483971 0.071836
vt 0.482346 0.071836
vt 0.490419 0.064762
vt 0.486350 0.064762
vt 0.484921 0.064762
vt 0.493840 0.058996
vt 0.490820 0.058996
vt 0.498449 0.055233
vt 0.489760 0.058996
vt 0.496842 0.055233
vt 0.496278 0.055233
vt 0.503691 0.053926
vt 0.510540 0.055233
vt 0.508933 0.055233
vt 0.511104 0.055233
vt 0.506528 0.055233
vt 0.503691 0.055233
vt 0.500854 0.055233
vt 0.498360 0.058996
vt 0.496508 0.064762
vt 0.503691 0.058996
vt 0.509022 0.058996
vt 0.503691 0.064762
vt 0.510874 0.064762
vt 0.503691 0.071836
vt 0.495523 0.071836
vt 0.495523 0.079363
vt 0.503691 0.079363
vt 0.496508 0.086436
vt 0.503691 0.086436
vt 0.511860 0.079363
vt 0.510874 0.086436
vt 0.518784 0.079363
vt 0.516964 0.086436
vt 0.523411 0.071836
vt 0.523411 0.079363
vt 0.518784 0.071836
vt 0.521033 0.064762
vt 0.516964 0.064762
vt 0.511860 0.071836
vt 0.516562 0.058996
vt 0.513542 0.058996
vt 0.517623 0.058996
vt 0.522461 0.064762
vt 0.525036 0.071836
vt 0.525036 0.079363
vt 0.521033 0.086436
vt 0.522461 0.086436
vt 0.013247 0.035487
vt 0.155741 0.112793
vt 0.013247 0.112793
vt 0.013890 0.031286
vt 0.155741 0.035487
vt 0.155741 0.126459
vt 0.155741 0.126459
vt 0.013247 0.126459
vt 0.155741 0.150234
vt 0.013247 0.126459
vt 0.013247 0.150234
vt 0.154776 0.031286
vt 0.017752 0.026871
vt 0.151558 0.026871
vt 0.025796 0.023313
vt 0.017752 0.026871
vt 0.151558 0.026871
vt 0.142870 0.023635
vt 0.151558 0.026871
vt 0.025796 0.023313
vt 0.151547 0.026871
vt 0.154765 0.031286
vt 0.018316 0.026871
vt 0.014455 0.031286
vt 0.155730 0.035487
vt 0.142859 0.023635
vt 0.026361 0.023313
vt 0.014455 0.031286
vt 0.013811 0.035487
vt 0.155730 0.035487
vt 0.155730 0.035487
vt 0.155730 0.112793
vt 0.013811 0.035487
vt 0.013811 0.112793
vt 0.155730 0.126459
vt 0.155730 0.126459
vt 0.155730 0.150234
vt 0.013811 0.126459
vt 0.013811 0.112793
vt 0.013811 0.126459
vt 0.155730 0.126459
vt 0.013811 0.150234
vn 0.0000 1.0000 0.0000
vn 0.0000 0.0000 1.0000
vn 1.0000 0.0000 0.0000
vn 0.9702 0.1939 -0.1449
vn 0.9857 0.1683 0.0000
vn 0.9909 0.0000 -0.1344
vn 0.8445 0.2322 -0.4825
vn 0.8227 0.5559 -0.1186
vn 0.6596 0.6544 -0.3696
vn 0.4723 0.4893 -0.7331
vn 0.5342 0.2441 -0.8093
vn 0.8739 0.0000 -0.4861
vn 0.5484 0.0000 -0.8361
vn 0.9908 -0.0031 -0.1355
vn 0.8731 -0.0076 -0.4874
vn 0.1730 0.2245 -0.9590
vn 0.5506 -0.0058 -0.8347
vn 0.1667 0.0000 -0.9860
vn 0.0000 0.2062 -0.9785
vn 0.0000 0.4037 -0.9149
vn 0.1255 0.4371 -0.8906
vn 0.0000 0.8624 -0.5061
vn 0.0000 0.8885 -0.4588
vn 0.0900 0.8757 -0.4744
vn -0.0901 0.8757 -0.4743
vn -0.1729 0.2245 -0.9590
vn -0.1256 0.4370 -0.8906
vn -0.1667 0.0000 -0.9860
vn -0.5484 0.0000 -0.8362
vn -0.5341 0.2441 -0.8094
vn -0.8739 0.0000 -0.4861
vn -0.8739 0.0000 -0.4860
vn -0.5486 0.0000 -0.8360
vn -0.1665 0.0000 -0.9860
vn -0.1668 0.0000 -0.9860
vn 0.0000 0.0000 -1.0000
vn 0.1672 -0.0008 -0.9859
vn 0.2005 -0.0134 -0.9796
vn 0.3801 -0.0243 -0.9246
vn 0.4186 -0.1104 -0.9014
vn 0.2286 -0.0579 -0.9718
vn 0.8468 -0.2278 -0.4807
vn 0.8282 -0.0678 -0.5563
vn 0.9001 -0.0760 -0.4291
vn 0.8755 -0.2320 -0.4237
vn 0.9870 -0.0726 -0.1432
vn 1.0000 -0.0039 0.0001
vn 0.9986 -0.0521 0.0020
vn 0.9725 -0.2326 0.0003
vn 0.9510 -0.2435 -0.1902
vn 0.8658 -0.5003 0.0000
vn 0.8483 -0.4928 0.1937
vn 0.8483 -0.4928 -0.1938
vn 0.9868 -0.0728 0.1449
vn 0.9510 -0.2435 0.1901
vn 0.7812 -0.4500 0.4326
vn 0.8756 -0.2320 0.4237
vn 0.7636 -0.4308 0.4810
vn 0.6159 -0.6522 0.4419
vn 0.6027 -0.6290 0.4910
vn 0.3429 -0.7938 0.5023
vn 0.2858 -0.3047 0.9085
vn 0.3672 -0.2164 0.9046
vn 0.1608 -0.1649 0.9731
vn 0.1559 -0.3764 0.9132
vn 0.0960 -0.2166 0.9715
vn 0.2102 -0.1158 0.9707
vn 0.4180 -0.1104 0.9017
vn 0.2283 -0.0579 0.9719
vn 0.2000 -0.0134 0.9797
vn -0.1669 0.0000 0.9860
vn -0.5486 0.0000 0.8361
vn -0.5485 0.0000 0.8361
vn -0.8738 0.0000 0.4863
vn -0.1670 0.0000 0.9859
vn 0.1673 -0.0008 0.9859
vn 0.1668 0.0000 0.9860
vn 0.5506 -0.0058 0.8347
vn 0.3793 -0.0243 0.9249
vn 0.8285 -0.0678 0.5559
vn 0.9001 -0.0760 0.4289
vn 0.8730 -0.0076 0.4877
vn 0.5483 0.0000 0.8362
vn 0.8738 0.0000 0.4863
vn 0.5341 0.2442 0.8094
vn 0.1731 0.2243 0.9590
vn 0.0000 0.2060 0.9785
vn 0.1257 0.4368 0.8907
vn 0.0000 0.4032 0.9151
vn 0.0000 0.8624 0.5062
vn 0.0902 0.8757 0.4743
vn 0.0000 0.8886 0.4587
vn 0.4724 0.4896 0.7328
vn 0.0713 0.8980 0.4342
vn 0.2542 0.8787 0.4041
vn 0.0000 0.9778 0.2095
vn 0.2423 0.9018 0.3578
vn 0.0280 0.9758 0.2170
vn 0.1201 0.9767 0.1778
vn 0.0280 0.9757 -0.2171
vn -0.0280 0.9757 -0.2170
vn -0.0280 0.9758 0.2170
vn 0.0000 0.9778 -0.2097
vn -0.0712 0.8980 -0.4342
vn -0.2422 0.9018 -0.3579
vn -0.1201 0.9767 -0.1778
vn -0.2541 0.8787 -0.4040
vn -0.6596 0.6544 -0.3697
vn -0.8444 0.2322 -0.4826
vn -0.4724 0.4895 -0.7329
vn -0.9702 0.1939 -0.1449
vn -0.9909 0.0000 -0.1344
vn -1.0000 0.0000 0.0000
vn -0.9909 0.0000 0.1344
vn -0.9909 0.0000 0.1345
vn -0.8738 0.0000 0.4862
vn -0.1733 0.2246 0.9589
vn -0.5342 0.2442 0.8093
vn -0.1258 0.4372 0.8905
vn -0.0902 0.8757 0.4743
vn -0.0713 0.8980 0.4342
vn -0.2542 0.8787 0.4041
vn -0.4724 0.4896 0.7328
vn -0.8444 0.2322 0.4827
vn -0.6596 0.6544 0.3697
vn -0.2423 0.9018 0.3578
vn -0.9702 0.1939 0.1449
vn -0.8227 0.5559 0.1186
vn -0.9857 0.1683 0.0000
vn -0.8821 0.4711 0.0000
vn -0.8227 0.5559 -0.1185
vn -0.7204 0.6935 0.0001
vn -0.6530 0.7539 -0.0718
vn -0.6530 0.7539 0.0719
vn -0.4590 0.8582 -0.2296
vn -0.2378 0.9657 -0.1040
vn -0.3363 0.9416 -0.0183
vn -0.2377 0.9657 0.1041
vn -0.3362 0.9416 0.0184
vn -0.6294 0.7771 0.0001
vn -0.1200 0.9767 0.1778
vn -0.4591 0.8582 0.2296
vn -0.8444 -0.2322 0.4827
vn -0.5342 -0.2442 0.8093
vn -0.4725 -0.4896 0.7328
vn -0.1258 -0.4372 0.8905
vn -0.1732 -0.2246 0.9589
vn 0.0000 -0.2061 0.9785
vn 0.0000 -0.4033 0.9151
vn 0.0341 -0.4030 0.9145
vn 0.0000 -0.8624 0.5063
vn 0.0791 -0.8864 0.4560
vn 0.0790 -0.8597 0.5046
vn 0.0000 -0.8886 0.4587
vn -0.0902 -0.8756 0.4744
vn -0.0713 -0.8980 0.4342
vn 0.0000 -0.9778 0.2095
vn 0.0861 -0.9746 0.2065
vn 0.0890 -0.9960 0.0000
vn 0.3883 -0.9215 0.0000
vn 0.3783 -0.9034 0.2017
vn 0.3474 -0.8218 0.4516
vn 0.6699 -0.7154 0.1985
vn 0.6843 -0.7291 0.0000
vn 0.6699 -0.7154 -0.1986
vn 0.3784 -0.9034 -0.2018
vn 0.6158 -0.6522 -0.4420
vn 0.3474 -0.8218 -0.4516
vn 0.3429 -0.7938 -0.5022
vn 0.0790 -0.8598 -0.5045
vn 0.0791 -0.8864 -0.4561
vn 0.0000 -0.8624 -0.5062
vn 0.0861 -0.9746 -0.2066
vn 0.0000 -0.8885 -0.4588
vn 0.0000 -0.9778 -0.2097
vn -0.0901 -0.8757 -0.4743
vn -0.0713 -0.8980 -0.4342
vn -0.0280 -0.9757 -0.2170
vn -0.2541 -0.8787 -0.4041
vn -0.2423 -0.9018 -0.3579
vn 0.0000 -1.0000 0.0000
vn -0.1200 -0.9767 -0.1778
vn -0.2378 -0.9657 -0.1040
vn -0.4590 -0.8582 -0.2296
vn -0.6596 -0.6544 -0.3697
vn -0.6530 -0.7539 -0.0718
vn -0.8227 -0.5559 -0.1185
vn -0.8821 -0.4711 0.0000
vn -0.9702 -0.1939 -0.1449
vn -0.9857 -0.1683 0.0000
vn -0.9702 -0.1939 0.1449
vn -0.8227 -0.5559 0.1186
vn -0.6530 -0.7539 0.0719
vn -0.4591 -0.8582 0.2296
vn -0.6596 -0.6544 0.3698
vn -0.2423 -0.9018 0.3579
vn -0.2542 -0.8786 0.4042
vn -0.1201 -0.9767 0.1778
vn -0.0280 -0.9758 0.2170
vn -0.2378 -0.9657 0.1041
vn -0.3361 -0.9416 0.0184
vn -0.7219 -0.6920 0.0000
vn -0.6331 -0.7740 0.0000
vn -0.3362 -0.9416 -0.0184
vn -0.8444 -0.2322 -0.4826
vn -0.5340 -0.2442 -0.8094
vn -0.5484 0.0000 -0.8361
vn -0.1728 -0.2245 -0.9590
vn -0.1666 0.0000 -0.9860
vn 0.0000 -0.2063 -0.9785
vn 0.0000 -0.4037 -0.9149
vn -0.1256 -0.4370 -0.8906
vn 0.0204 -0.2173 -0.9759
vn 0.0342 -0.4034 -0.9143
vn 0.0962 -0.2168 -0.9714
vn 0.1562 -0.3768 -0.9130
vn 0.1610 -0.1651 -0.9730
vn 0.2860 -0.3050 -0.9084
vn 0.2104 -0.1159 -0.9707
vn 0.3676 -0.2166 -0.9044
vn 0.7636 -0.4308 -0.4809
vn 0.7812 -0.4499 -0.4326
vn 0.6027 -0.6290 -0.4909
vn -0.4725 -0.4895 -0.7329
vn 0.0204 -0.2170 0.9760
vn 0.0713 0.8979 -0.4342
vn 0.2423 0.9018 -0.3578
vn 0.1201 0.9767 -0.1778
vn 0.2542 0.8787 -0.4040
vn 0.4590 0.8582 -0.2296
vn 0.2378 0.9657 -0.1041
vn 0.3363 0.9416 -0.0183
vn 0.6530 0.7539 -0.0718
vn 0.7204 0.6935 0.0001
vn 0.8820 0.4711 0.0000
vn 0.8227 0.5559 0.1186
vn 0.6530 0.7539 0.0719
vn 0.4591 0.8582 0.2296
vn 0.2377 0.9657 0.1041
vn 0.3362 0.9416 0.0184
vn 0.6294 0.7771 0.0001
vn 0.6595 0.6544 0.3697
vn 0.8444 0.2323 0.4827
vn 0.9702 0.1939 0.1450
vn 0.9909 0.0000 0.1345
vn 0.9908 -0.0031 0.1356
vn 0.8468 -0.2278 0.4807
vn -1.0000 -0.0039 0.0001
vn -0.8444 0.2323 0.4827
vn -0.6595 0.6544 0.3697
vn -0.8820 0.4711 0.0000
vn -0.8227 0.5559 -0.1186
vn -0.7219 0.6920 0.0000
vn -0.6596 0.6544 -0.3696
vn -0.2423 0.9018 -0.3578
vn -0.8445 0.2322 -0.4825
vn -0.2542 0.8787 -0.4040
vn -0.4723 0.4893 -0.7331
vn -0.0713 0.8979 -0.4342
vn -0.5342 0.2441 -0.8093
vn -0.0900 0.8757 -0.4744
vn -0.1255 0.4370 -0.8906
vn -0.1730 0.2245 -0.9590
vn -0.8731 -0.0076 -0.4874
vn -0.5506 -0.0058 -0.8347
vn -0.8282 -0.0678 -0.5562
vn -0.9001 -0.0760 -0.4291
vn -0.3801 -0.0243 -0.9246
vn -0.1672 -0.0008 -0.9859
vn -0.8755 -0.2320 -0.4237
vn -0.8468 -0.2278 -0.4807
vn -0.9870 -0.0725 -0.1432
vn -0.9908 -0.0031 -0.1355
vn -0.9986 -0.0521 0.0020
vn -0.9725 -0.2326 0.0003
vn -0.9510 -0.2435 -0.1902
vn -0.8658 -0.5003 0.0000
vn -0.8483 -0.4928 0.1937
vn -0.8483 -0.4928 -0.1938
vn -0.9868 -0.0728 0.1449
vn -0.9510 -0.2435 0.1901
vn -0.8756 -0.2320 0.4237
vn -0.7812 -0.4500 0.4326
vn -0.7636 -0.4308 0.4810
vn -0.6159 -0.6522 0.4419
vn -0.6027 -0.6290 0.4910
vn -0.3429 -0.7938 0.5023
vn -0.2858 -0.3047 0.9085
vn -0.1608 -0.1649 0.9731
vn -0.3673 -0.2164 0.9046
vn -0.1559 -0.3764 0.9132
vn -0.0960 -0.2166 0.9715
vn -0.2102 -0.1158 0.9707
vn -0.0204 -0.2170 0.9760
vn -0.0341 -0.4030 0.9145
vn 0.0000 -0.2060 0.9785
vn 0.1732 -0.2246 0.9589
vn 0.1669 0.0000 0.9860
vn 0.5485 0.0000 0.8361
vn 0.1670 0.0000 0.9860
vn 0.5486 0.0000 0.8361
vn 0.1671 0.0000 0.9859
vn -0.1673 -0.0008 0.9859
vn -0.2000 -0.0134 0.9797
vn -0.3793 -0.0243 0.9249
vn -0.5506 -0.0058 0.8347
vn -0.1668 0.0000 0.9860
vn -0.1731 0.2243 0.9590
vn -0.5483 0.0000 0.8362
vn 0.1733 0.2246 0.9589
vn 0.1258 0.4372 0.8905
vn 0.5342 0.2442 0.8093
vn 0.8738 0.0000 0.4862
vn 0.9909 0.0000 0.1344
vn 0.8444 -0.2323 0.4827
vn 0.5342 -0.2442 0.8093
vn 0.9702 -0.1939 0.1449
vn 0.5485 0.0000 -0.8361
vn 0.5484 0.0000 -0.8362
vn 0.8739 0.0000 -0.4860
vn 0.1666 0.0000 -0.9860
vn 0.5486 0.0000 -0.8360
vn 0.1665 0.0000 -0.9860
vn 0.1668 0.0000 -0.9860
vn -0.0204 -0.2172 -0.9759
vn -0.0963 -0.2168 -0.9714
vn -0.1562 -0.3768 -0.9130
vn -0.0342 -0.4034 -0.9144
vn -0.0790 -0.8598 -0.5045
vn -0.3474 -0.8218 -0.4516
vn -0.3429 -0.7938 -0.5022
vn -0.0791 -0.8864 -0.4561
vn 0.1728 -0.2245 -0.9590
vn 0.1256 -0.4370 -0.8906
vn 0.0901 -0.8757 -0.4743
vn 0.0713 -0.8980 -0.4342
vn 0.5340 -0.2442 -0.8094
vn 0.2541 -0.8787 -0.4041
vn 0.4725 -0.4895 -0.7329
vn 0.2423 -0.9018 -0.3579
vn 0.6596 -0.6544 -0.3697
vn 0.8444 -0.2322 -0.4826
vn 0.9702 -0.1939 -0.1449
vn 0.9857 -0.1684 0.0000
vn 0.8227 -0.5559 -0.1185
vn 0.8227 -0.5559 0.1186
vn 0.8821 -0.4710 0.0000
vn 0.6530 -0.7539 0.0719
vn 0.4591 -0.8582 0.2296
vn 0.6596 -0.6544 0.3698
vn 0.2423 -0.9018 0.3579
vn 0.2542 -0.8786 0.4042
vn 0.4725 -0.4896 0.7328
vn 0.0713 -0.8980 0.4342
vn 0.0902 -0.8756 0.4744
vn 0.1258 -0.4372 0.8905
vn -0.0791 -0.8864 0.4560
vn -0.0861 -0.9746 0.2065
vn -0.0890 -0.9960 0.0000
vn -0.3883 -0.9215 0.0000
vn -0.3783 -0.9034 0.2017
vn -0.3474 -0.8218 0.4516
vn -0.6699 -0.7154 0.1985
vn -0.6843 -0.7291 0.0000
vn -0.6699 -0.7154 -0.1986
vn -0.3784 -0.9034 -0.2018
vn -0.6158 -0.6522 -0.4420
vn -0.7812 -0.4499 -0.4326
vn -0.6027 -0.6290 -0.4909
vn -0.2861 -0.3050 -0.9084
vn -0.1610 -0.1651 -0.9730
vn -0.3676 -0.2166 -0.9044
vn -0.7636 -0.4308 -0.4809
vn -0.2104 -0.1159 -0.9707
vn -0.4186 -0.1104 -0.9014
vn -0.2286 -0.0579 -0.9718
vn -0.2005 -0.0134 -0.9796
vn 0.1729 0.2245 -0.9590
vn 0.5341 0.2441 -0.8094
vn 0.8444 0.2322 -0.4826
vn 0.9857 0.1684 0.0000
vn 0.9702 0.1939 0.1449
vn 0.6596 0.6544 0.3697
vn -0.2423 0.9018 0.3579
vn -0.1201 0.9767 0.1778
vn -0.0280 0.9757 -0.2171
vn -0.2378 0.9657 -0.1041
vn -0.6332 0.7740 0.0000
vn -0.3363 0.9416 -0.0184
vn 0.0712 0.8980 -0.4342
vn 0.0280 0.9757 -0.2170
vn 0.2422 0.9018 -0.3579
vn 0.6596 0.6544 -0.3697
vn 0.2541 0.8787 -0.4040
vn 0.4724 0.4895 -0.7329
vn 0.0901 0.8757 -0.4743
vn 0.1256 0.4370 -0.8906
vn 0.8227 0.5559 -0.1185
vn 0.8821 0.4711 0.0000
vn 0.2378 0.9657 -0.1040
vn -0.5341 0.2442 0.8094
vn -0.1257 0.4368 0.8907
vn -0.8730 -0.0076 0.4877
vn -0.9908 -0.0031 0.1355
vn -0.9001 -0.0760 0.4289
vn -0.8468 -0.2278 0.4807
vn -0.8284 -0.0678 0.5559
vn -0.4181 -0.1104 0.9017
vn -0.2283 -0.0579 0.9719
vn -0.0861 -0.9746 -0.2066
vn 0.0280 -0.9757 -0.2170
vn 0.1200 -0.9767 -0.1778
vn 0.0280 -0.9758 0.2170
vn 0.1201 -0.9767 0.1778
vn 0.2378 -0.9657 0.1041
vn 0.3362 -0.9416 0.0184
vn 0.2378 -0.9657 -0.1040
vn 0.3362 -0.9416 -0.0183
vn 0.7204 -0.6935 0.0001
vn 0.6294 -0.7771 0.0001
vn 0.6530 -0.7539 -0.0718
vn 0.4591 -0.8582 -0.2296
vn -0.0790 -0.8597 0.5046
vn 0.8708 0.4917 0.0000
vn 0.7165 0.6976 0.0000
vn 1.0000 0.0016 0.0000
vn 0.2646 0.9644 0.0000
vn 0.0015 0.0009 1.0000
vn 0.0009 0.0015 1.0000
vn 0.0001 0.0016 1.0000
vn -0.0008 0.0014 1.0000
vn -0.0014 0.0008 1.0000
vn 0.0015 -0.0009 1.0000
vn 0.0018 0.0000 1.0000
vn 0.0009 -0.0015 1.0000
vn -0.0017 0.0000 1.0000
vn -0.0014 -0.0009 1.0000
vn -0.0008 -0.0016 1.0000
vn 0.0000 -0.0017 1.0000
vn 0.8723 -0.4889 0.0000
vn 0.7187 -0.6952 0.0000
vn 0.2677 -0.9635 0.0000
vn -0.2646 -0.9644 -0.0000
vn -0.7165 -0.6975 -0.0000
vn -0.7165 -0.6976 -0.0000
vn -0.8708 -0.4917 -0.0001
vn -1.0000 -0.0016 -0.0001
vn -0.8723 0.4889 -0.0001
vn -0.7187 0.6953 -0.0001
vn -0.2677 0.9635 -0.0000
vn 0.8708 0.4916 0.0000
vn 1.0000 0.0015 0.0001
vn 0.0015 0.0010 1.0000
vn 0.0009 0.0016 1.0000
vn 0.0015 -0.0010 1.0000
vn 0.7187 -0.6953 0.0000
vn 0.0009 -0.0016 1.0000
vn 0.0000 -0.0019 1.0000
vn 0.2678 -0.9635 0.0000
vn -0.0009 -0.0016 1.0000
vn -0.7164 -0.6976 0.0000
vn -0.8708 -0.4917 0.0000
vn -0.0016 -0.0009 1.0000
vn -1.0000 -0.0015 0.0000
vn -0.0019 0.0000 1.0000
vn -0.0016 0.0009 1.0000
vn -0.8723 0.4889 0.0000
vn -0.7187 0.6953 0.0000
vn -0.0009 0.0016 1.0000
vn 0.0000 0.0019 1.0000
vn 0.2646 0.9643 0.0000
vn 0.0016 0.0009 1.0000
vn 0.0010 0.0016 1.0000
vn 0.0019 0.0000 1.0000
vn 1.0000 0.0016 0.0001
vn 0.0016 -0.0009 1.0000
vn 0.7187 -0.6953 0.0001
vn -0.7165 -0.6976 -0.0001
vn -0.0015 -0.0010 1.0000
vn -0.0018 0.0000 1.0000
vn -0.0009 0.0015 1.0000
vn 0.0001 0.0018 1.0000
vn 1.0000 0.0015 0.0000
vn 0.0023 0.0015 1.0000
vn 0.0012 0.0025 1.0000
vn -0.0001 0.0000 1.0000
vn 0.0028 0.0000 1.0000
vn 0.0023 -0.0015 1.0000
vn 0.7186 -0.6953 0.0000
vn 0.0013 -0.0025 1.0000
vn -0.0000 -0.0029 1.0000
vn -0.0015 -0.0025 1.0000
vn -0.0026 -0.0014 1.0000
vn -0.0025 0.0014 1.0000
vn -0.0029 0.0000 1.0000
vn -0.0015 0.0025 1.0000
vn -0.0000 0.0029 1.0000
vn 0.0000 0.6906 -0.7232
vn 0.0000 0.6905 -0.7233
vn 0.0001 0.4852 -0.8744
vn 0.0000 0.4852 -0.8744
vn 0.0000 0.0015 -1.0000
vn 0.0000 0.9630 -0.2694
vn 1.0000 0.0032 -0.0002
vn 1.0000 0.0028 0.0017
vn 1.0000 -0.0000 -0.0001
vn 0.0000 0.9621 0.2726
vn -0.0001 0.9621 0.2726
vn 1.0000 0.0029 -0.0020
vn 1.0000 0.0016 0.0030
vn 1.0000 0.0000 0.0034
vn 1.0000 -0.0018 0.0028
vn 1.0000 -0.0030 -0.0017
vn 1.0000 -0.0017 -0.0031
vn 1.0000 -0.0034 0.0000
vn 1.0000 0.0001 -0.0036
vn 1.0000 0.0017 -0.0031
vn 1.0000 -0.0031 0.0016
vn 0.0000 -0.4825 -0.8759
vn 0.0000 -0.6882 -0.7255
vn 0.0000 -0.9621 -0.2726
vn 0.0000 -0.9630 0.2694
vn 0.0000 -0.6904 0.7234
vn -0.0001 -0.6905 0.7233
vn -0.0002 -0.4853 0.8743
vn -0.0002 -0.4852 0.8744
vn -0.0001 -0.0014 1.0000
vn 0.0000 -0.0014 1.0000
vn 0.0000 0.4826 0.8759
vn -0.0001 0.4825 0.8759
vn -0.0002 0.6881 0.7256
vn -0.0003 0.6879 0.7257
vn -0.0001 0.9621 0.2727
vn -0.8708 0.4917 0.0000
vn -0.7165 0.6976 0.0000
vn -0.7165 0.6975 0.0000
vn -0.2646 0.9644 0.0000
vn -0.0015 0.0009 1.0000
vn -0.0001 0.0016 1.0000
vn 0.0014 -0.0009 1.0000
vn 0.0008 -0.0016 1.0000
vn 0.0017 0.0000 1.0000
vn -0.0015 -0.0009 1.0000
vn 0.0014 0.0008 1.0000
vn 0.0008 0.0014 1.0000
vn -0.0009 -0.0015 1.0000
vn -0.8723 -0.4889 0.0000
vn -1.0000 0.0016 0.0001
vn -0.7187 -0.6953 0.0000
vn -0.7187 -0.6952 0.0000
vn -0.2677 -0.9635 0.0000
vn 0.2646 -0.9644 -0.0000
vn 0.7165 -0.6975 -0.0000
vn 0.8708 -0.4917 -0.0001
vn 0.7165 -0.6976 -0.0000
vn 1.0000 -0.0016 -0.0001
vn 0.8723 0.4889 -0.0001
vn 0.7187 0.6953 -0.0000
vn 0.7187 0.6953 -0.0001
vn 0.2677 0.9635 -0.0000
vn -0.8708 0.4916 0.0000
vn -1.0000 0.0015 0.0001
vn -0.2646 0.9643 0.0000
vn -0.0015 0.0010 1.0000
vn -0.2678 -0.9635 0.0000
vn 0.8708 -0.4917 0.0000
vn 1.0000 -0.0015 0.0000
vn 0.8723 0.4889 0.0000
vn -1.0000 0.0016 0.0000
vn -0.0010 0.0016 1.0000
vn -0.0001 0.0018 1.0000
vn -1.0000 0.0015 0.0000
vn -0.0012 0.0025 1.0000
vn 0.0001 0.0000 1.0000
vn -0.0023 0.0015 1.0000
vn 0.0025 0.0014 1.0000
vn 0.0029 0.0000 1.0000
vn 0.0026 -0.0014 1.0000
vn 0.0015 -0.0025 1.0000
vn 0.0015 0.0025 1.0000
vn -0.0013 -0.0025 1.0000
vn -0.0023 -0.0015 1.0000
vn -0.0028 0.0000 1.0000
vn -0.7186 -0.6953 0.0000
vn -0.0001 0.4852 -0.8744
vn -1.0000 0.0017 -0.0031
vn -1.0000 -0.0000 -0.0001
vn -1.0000 0.0029 -0.0020
vn -1.0000 0.0033 -0.0002
vn -1.0000 0.0016 0.0030
vn -1.0000 0.0000 0.0034
vn -1.0000 -0.0018 0.0028
vn -1.0000 -0.0031 0.0016
vn -1.0000 -0.0034 0.0000
vn -1.0000 0.0028 0.0017
vn -1.0000 -0.0030 -0.0017
vn -1.0000 -0.0017 -0.0031
vn -1.0000 0.0001 -0.0036
vn 0.0002 -0.4853 0.8743
vn 0.0001 -0.6905 0.7233
vn 0.0001 -0.0014 1.0000
vn 0.0002 -0.4852 0.8744
vn 0.0001 0.4825 0.8759
vn 0.0002 0.6881 0.7256
vn 0.0003 0.6879 0.7257
vn 0.0001 0.9621 0.2727
vn 0.0001 0.9621 0.2726
vn 0.6517 0.5484 0.5239
vn 0.5967 0.7657 0.2402
vn 0.4639 0.8036 0.3730
vn 0.6991 0.7150 0.0000
vn 0.7824 0.6090 0.1303
vn 0.8557 0.5139 0.0606
vn 0.8772 0.4801 0.0000
vn 0.8557 0.5138 -0.0606
vn 0.7825 0.6089 -0.1303
vn 0.5968 0.7656 -0.2402
vn 0.4639 0.8036 -0.3730
vn 0.7815 0.4991 -0.3742
vn 0.6521 0.5481 -0.5237
vn 0.8585 0.2745 -0.4332
vn 0.7409 0.3125 -0.5945
vn 0.8863 0.0873 -0.4547
vn 0.7758 0.1013 -0.6228
vn 0.8863 -0.0873 -0.4548
vn 0.7757 -0.1012 -0.6229
vn 0.8584 -0.2745 -0.4332
vn 0.7407 -0.3125 -0.5947
vn 0.7815 -0.4991 -0.3742
vn 0.6520 -0.5482 -0.5237
vn 0.5968 -0.7656 -0.2402
vn 0.4638 -0.8036 -0.3729
vn 0.6991 -0.7150 0.0000
vn 0.5968 -0.7656 0.2401
vn 0.4642 -0.8034 0.3728
vn 0.7824 -0.6089 0.1303
vn 0.8557 -0.5139 0.0606
vn 0.8772 -0.4801 0.0000
vn 0.8557 -0.5138 -0.0606
vn 0.7825 -0.6089 -0.1303
vn 0.9419 -0.2914 -0.1668
vn 0.9732 -0.2189 -0.0699
vn 0.9747 -0.1414 -0.1729
vn 0.9798 -0.1999 0.0000
vn 0.9920 -0.1044 -0.0705
vn 0.9732 -0.2189 0.0699
vn 0.9954 -0.0954 0.0000
vn 0.9920 -0.1044 0.0705
vn 0.9996 -0.0290 0.0000
vn 0.9970 -0.0317 -0.0705
vn 0.9970 0.0317 -0.0705
vn 0.9837 -0.0431 -0.1743
vn 0.9837 0.0431 -0.1743
vn 0.9747 0.1414 -0.1729
vn 0.9920 0.1044 -0.0705
vn 0.9420 0.2913 -0.1668
vn 0.9732 0.2189 -0.0699
vn 0.9954 0.0954 0.0000
vn 0.9798 0.1999 0.0000
vn 0.9920 0.1044 0.0705
vn 0.9732 0.2189 0.0699
vn 0.9747 0.1414 0.1729
vn 0.9420 0.2914 0.1667
vn 0.8863 0.0873 0.4547
vn 0.8583 0.2746 0.4334
vn 0.9837 0.0431 0.1743
vn 0.8863 -0.0873 0.4548
vn 0.9837 -0.0431 0.1743
vn 0.9970 0.0317 0.0705
vn 0.9970 -0.0317 0.0705
vn 0.9996 0.0290 0.0000
vn 0.9747 -0.1414 0.1729
vn 0.7815 -0.4991 0.3742
vn 0.8582 -0.2747 0.4335
vn 0.9420 -0.2914 0.1668
vn 0.6522 -0.5481 0.5236
vn 0.7403 -0.3128 0.5950
vn 0.7758 -0.1013 0.6228
vn 0.7757 0.1013 0.6228
vn 0.7403 0.3128 0.5950
vn 0.7815 0.4992 0.3743
vn -0.6524 0.5480 0.5235
vn -0.5967 0.7657 0.2402
vn -0.7815 0.4991 0.3742
vn -0.4643 0.8034 0.3728
vn -0.6991 0.7150 0.0000
vn -0.7824 0.6089 0.1303
vn -0.9420 0.2914 0.1668
vn -0.8556 0.5139 0.0606
vn -0.9732 0.2189 0.0699
vn -0.8772 0.4801 0.0000
vn -0.8557 0.5139 -0.0606
vn -0.9798 0.1999 0.0000
vn -0.9732 0.2189 -0.0699
vn -0.7826 0.6088 -0.1303
vn -0.9420 0.2913 -0.1668
vn -0.5968 0.7656 -0.2402
vn -0.4639 0.8036 -0.3729
vn -0.7815 0.4991 -0.3742
vn -0.9747 0.1414 -0.1729
vn -0.6521 0.5481 -0.5237
vn -0.8585 0.2745 -0.4332
vn -0.9837 0.0431 -0.1743
vn -0.7409 0.3125 -0.5945
vn -0.8863 0.0873 -0.4548
vn -0.7758 0.1013 -0.6228
vn -0.9837 -0.0431 -0.1743
vn -0.8863 -0.0873 -0.4548
vn -0.7757 -0.1012 -0.6229
vn -0.9747 -0.1414 -0.1729
vn -0.8584 -0.2745 -0.4332
vn -0.7407 -0.3125 -0.5947
vn -0.9419 -0.2914 -0.1668
vn -0.7815 -0.4991 -0.3742
vn -0.7825 -0.6088 -0.1303
vn -0.6521 -0.5482 -0.5237
vn -0.5969 -0.7656 -0.2401
vn -0.4638 -0.8036 -0.3729
vn -0.6991 -0.7150 0.0000
vn -0.5968 -0.7656 0.2401
vn -0.7825 -0.6089 0.1303
vn -0.4642 -0.8034 0.3728
vn -0.8557 -0.5139 0.0606
vn -0.8772 -0.4801 0.0000
vn -0.8556 -0.5139 -0.0606
vn -0.9732 -0.2189 -0.0699
vn -0.9920 -0.1044 -0.0705
vn -0.9798 -0.1999 0.0000
vn -0.9732 -0.2189 0.0699
vn -0.9954 -0.0954 0.0000
vn -0.9920 -0.1044 0.0705
vn -0.9996 -0.0290 0.0000
vn -0.9970 -0.0317 -0.0705
vn -0.9970 0.0317 -0.0705
vn -0.9996 0.0290 0.0000
vn -0.9920 0.1044 -0.0705
vn -0.9954 0.0954 0.0000
vn -0.9970 0.0317 0.0705
vn -0.9920 0.1044 0.0705
vn -0.9837 0.0431 0.1743
vn -0.9747 0.1414 0.1729
vn -0.8863 -0.0873 0.4548
vn -0.8863 0.0873 0.4548
vn -0.9837 -0.0431 0.1743
vn -0.8583 -0.2746 0.4334
vn -0.9747 -0.1414 0.1729
vn -0.9970 -0.0317 0.0705
vn -0.7816 -0.4991 0.3742
vn -0.9419 -0.2914 0.1668
vn -0.6524 -0.5480 0.5235
vn -0.7405 -0.3126 0.5948
vn -0.7758 -0.1013 0.6228
vn -0.7757 0.1013 0.6228
vn -0.8583 0.2746 0.4334
vn -0.7403 0.3127 0.5950
vn 0.0000 0.0002 1.0000
vn 0.0000 -0.0001 1.0000
s 1
f 2/1/1 1/2/1 4/3/1
f 2/1/1 3/4/1 1/2/1
f 6/5/1 5/6/1 8/7/1
f 6/5/1 7/8/1 5/6/1
f 10/9/1 9/10/1 12/11/1
f 10/9/1 11/12/1 9/10/1
f 14/13/1 13/14/1 16/15/1
f 14/13/1 15/16/1 13/14/1
f 18/17/1 17/18/1 20/19/1
f 18/17/1 19/20/1 17/18/1
f 22/21/1 21/22/1 24/23/1
f 22/21/1 23/24/1 21/22/1
f 28/25/2 26/26/2 25/27/2
f 26/26/2 27/28/2 25/27/2
f 30/29/2 31/30/2 29/31/2
f 32/32/2 31/30/2 30/29/2
f 34/33/3 33/34/4 36/35/5
f 35/36/6 33/34/4 34/33/3
f 35/36/6 39/37/7 33/34/4
f 33/34/4 37/38/8 36/35/5
f 33/34/4 38/39/9 37/38/8
f 39/37/7 38/39/9 33/34/4
f 39/37/7 1033/40/10 38/39/9
f 41/41/11 1033/40/10 39/37/7
f 42/42/12 41/41/11 39/37/7
f 42/42/12 39/37/7 35/36/6
f 45/43/13 41/41/11 42/42/12
f 43/44/14 42/42/12 35/36/6
f 44/45/15 42/42/12 43/44/14
f 44/45/15 45/43/13 42/42/12
f 45/43/13 48/46/16 41/41/11
f 47/47/17 45/43/13 44/45/15
f 46/48/18 48/46/16 45/43/13
f 47/47/17 46/48/18 45/43/13
f 46/48/18 49/49/19 48/46/16
f 49/49/19 1004/50/20 48/46/16
f 48/46/16 1003/51/21 41/41/11
f 48/46/16 1004/50/20 1003/51/21
f 51/52/22 52/53/23 50/54/24
f 51/52/22 1005/55/25 52/53/23
f 49/49/19 54/56/26 1004/50/20
f 54/56/26 53/57/27 1004/50/20
f 55/58/28 57/59/29 54/56/26
f 55/58/28 54/56/26 49/49/19
f 54/56/26 56/60/30 53/57/27
f 57/59/29 56/60/30 54/56/26
f 57/59/29 58/61/31 56/60/30
f 59/62/31 58/61/31 57/59/29
f 60/63/29 57/59/29 55/58/28
f 60/63/29 59/62/31 57/59/29
f 62/64/28 60/63/29 55/58/28
f 61/65/32 59/62/31 60/63/29
f 63/66/33 61/65/32 60/63/29
f 63/66/33 60/63/29 62/64/28
f 63/66/33 64/67/29 61/65/32
f 63/66/33 65/68/34 64/67/29
f 66/69/35 63/66/33 62/64/28
f 66/69/35 65/68/34 63/66/33
f 67/70/36 66/69/35 69/71/36
f 67/70/36 68/72/36 66/69/35
f 66/69/35 68/72/36 65/68/34
f 66/69/35 62/64/28 69/71/36
f 69/71/36 62/64/28 70/73/36
f 69/71/36 70/73/36 72/74/37
f 71/75/38 69/71/36 72/74/37
f 67/70/36 69/71/36 71/75/38
f 71/75/38 72/74/37 1006/76/39
f 1006/76/39 72/74/37 47/47/17
f 72/74/37 46/48/18 47/47/17
f 72/74/37 70/73/36 46/48/18
f 1007/77/40 74/78/41 1006/76/39
f 74/78/41 71/75/38 1006/76/39
f 75/79/42 73/80/43 76/81/44
f 73/80/43 47/47/17 76/81/44
f 77/82/45 75/79/42 76/81/44
f 76/81/44 47/47/17 44/45/15
f 77/82/45 76/81/44 78/83/46
f 76/81/44 44/45/15 78/83/46
f 78/83/46 43/44/14 79/84/47
f 78/83/46 79/84/47 80/85/48
f 82/86/49 78/83/46 80/85/48
f 81/87/50 77/82/45 78/83/46
f 82/86/49 81/87/50 78/83/46
f 78/83/46 44/45/15 43/44/14
f 83/88/51 82/86/49 86/89/52
f 83/88/51 85/90/53 82/86/49
f 82/86/49 80/85/48 84/91/54
f 82/86/49 84/91/54 87/92/55
f 85/90/53 81/87/50 82/86/49
f 86/89/52 82/86/49 87/92/55
f 89/93/56 87/92/55 88/94/57
f 87/92/55 84/91/54 88/94/57
f 86/89/52 87/92/55 89/93/56
f 89/93/56 88/94/57 1008/95/58
f 90/96/59 86/89/52 89/93/56
f 90/96/59 89/93/56 1009/97/60
f 1009/97/60 89/93/56 1008/95/58
f 1010/98/61 90/96/59 1009/97/60
f 92/99/62 91/100/63 95/101/64
f 93/102/65 92/99/62 94/103/66
f 94/103/66 92/99/62 95/101/64
f 95/101/64 98/104/67 96/105/2
f 97/106/2 95/101/64 96/105/2
f 94/103/66 95/101/64 97/106/2
f 95/101/64 91/100/63 98/104/67
f 91/100/63 1032/107/68 98/104/67
f 98/104/67 1032/107/68 100/108/69
f 98/104/67 100/108/69 101/109/2
f 96/105/2 98/104/67 101/109/2
f 101/109/2 100/108/69 102/110/2
f 102/110/2 103/111/2 101/109/2
f 101/109/2 103/111/2 96/105/2
f 104/112/70 103/111/2 102/110/2
f 104/112/70 105/113/2 103/111/2
f 105/113/2 107/114/71 103/111/2
f 96/105/2 103/111/2 106/115/2
f 103/111/2 108/116/71 106/115/2
f 107/114/71 108/116/71 103/111/2
f 108/116/71 109/117/71 106/115/2
f 108/116/71 110/118/72 109/117/71
f 111/119/73 110/118/72 108/116/71
f 107/114/71 111/119/73 108/116/71
f 111/119/73 112/120/74 110/118/72
f 111/119/73 113/121/72 112/120/74
f 107/114/71 114/122/75 111/119/73
f 111/119/73 114/122/75 113/121/72
f 114/122/75 115/123/71 113/121/72
f 114/122/75 116/124/2 115/123/71
f 107/114/71 117/125/2 114/122/75
f 117/125/2 116/124/2 114/122/75
f 117/125/2 118/126/76 116/124/2
f 104/112/70 118/126/76 117/125/2
f 105/113/2 104/112/70 117/125/2
f 105/113/2 117/125/2 107/114/71
f 118/126/76 119/127/77 116/124/2
f 118/126/76 121/128/78 119/127/77
f 104/112/70 1011/129/79 118/126/76
f 1011/129/79 121/128/78 118/126/76
f 120/130/80 122/131/81 121/128/78
f 122/131/81 123/132/82 121/128/78
f 121/128/78 123/132/82 124/133/83
f 121/128/78 124/133/83 119/127/77
f 123/132/82 125/134/84 124/133/83
f 124/133/83 125/134/84 126/135/85
f 124/133/83 126/135/85 127/136/86
f 119/127/77 124/133/83 127/136/86
f 119/127/77 127/136/86 128/137/87
f 127/136/86 126/135/85 1012/138/88
f 128/137/87 127/136/86 1013/139/89
f 127/136/86 1012/138/88 1013/139/89
f 129/140/90 130/141/91 131/142/92
f 126/135/85 1014/143/93 1012/138/88
f 130/141/91 133/144/94 131/142/92
f 130/141/91 132/145/95 133/144/94
f 131/142/92 133/144/94 134/146/96
f 132/145/95 135/147/97 133/144/94
f 133/144/94 136/148/98 134/146/96
f 133/144/94 135/147/97 136/148/98
f 136/148/98 137/149/1 139/150/1
f 136/148/98 138/151/99 137/149/1
f 135/147/97 138/151/99 136/148/98
f 134/146/96 136/148/98 139/150/1
f 143/152/100 139/150/1 137/149/1
f 144/153/101 140/154/1 139/150/1
f 141/155/102 139/150/1 140/154/1
f 134/146/96 139/150/1 141/155/102
f 142/156/103 144/153/101 139/150/1
f 142/156/103 139/150/1 143/152/100
f 147/157/104 145/158/105 144/153/101
f 145/158/105 146/159/106 144/153/101
f 144/153/101 146/159/106 140/154/1
f 147/157/104 144/153/101 142/156/103
f 1015/160/107 145/158/105 147/157/104
f 1005/55/25 1015/160/107 147/157/104
f 52/53/23 147/157/104 142/156/103
f 1005/55/25 147/157/104 52/53/23
f 1015/160/107 149/161/108 145/158/105
f 150/162/109 149/161/108 148/163/110
f 56/60/30 150/162/109 148/163/110
f 56/60/30 148/163/110 53/57/27
f 150/162/109 151/164/111 149/161/108
f 152/165/112 151/164/111 150/162/109
f 58/61/31 150/162/109 56/60/30
f 58/61/31 152/165/112 150/162/109
f 154/166/113 153/167/113 152/165/112
f 152/165/112 153/167/113 151/164/111
f 155/168/112 154/166/113 152/165/112
f 155/168/112 152/165/112 58/61/31
f 59/62/31 155/168/112 58/61/31
f 156/169/112 155/168/112 59/62/31
f 156/169/112 157/170/113 155/168/112
f 157/170/113 154/166/113 155/168/112
f 157/170/113 158/171/113 160/172/114
f 157/170/113 159/173/112 158/171/113
f 156/169/112 159/173/112 157/170/113
f 157/170/113 162/174/114 154/166/113
f 161/175/115 157/170/113 160/172/114
f 161/175/115 162/174/114 157/170/113
f 162/174/114 163/176/114 154/166/113
f 162/174/114 164/177/74 163/176/114
f 161/175/115 165/178/116 162/174/114
f 165/178/116 164/177/74 162/174/114
f 165/178/116 166/179/73 164/177/74
f 113/121/72 166/179/73 165/178/116
f 112/120/74 165/178/116 161/175/115
f 112/120/74 113/121/72 165/178/116
f 166/179/73 168/180/117 167/181/118
f 166/179/73 167/181/118 164/177/74
f 115/123/71 168/180/117 166/179/73
f 113/121/72 115/123/71 166/179/73
f 115/123/71 128/137/87 168/180/117
f 128/137/87 1013/139/89 168/180/117
f 168/180/117 1017/182/119 167/181/118
f 168/180/117 1013/139/89 1017/182/119
f 169/183/120 170/184/121 1016/185/122
f 169/183/120 131/142/92 170/184/121
f 129/140/90 131/142/92 169/183/120
f 167/181/118 1017/182/119 171/186/123
f 174/187/124 171/186/123 172/188/125
f 1016/185/122 173/189/126 172/188/125
f 1016/185/122 170/184/121 173/189/126
f 167/181/118 171/186/123 174/187/124
f 163/176/114 174/187/124 175/190/127
f 174/187/124 172/188/125 175/190/127
f 164/177/74 167/181/118 174/187/124
f 164/177/74 174/187/124 163/176/114
f 175/190/127 176/191/128 177/192/129
f 175/190/127 172/188/125 176/191/128
f 163/176/114 175/190/127 153/167/113
f 153/167/113 175/190/127 177/192/129
f 177/192/129 179/193/130 178/194/131
f 151/164/111 177/192/129 178/194/131
f 153/167/113 177/192/129 151/164/111
f 177/192/129 176/191/128 179/193/130
f 179/193/130 180/195/132 182/196/133
f 179/193/130 181/197/134 180/195/132
f 176/191/128 181/197/134 179/193/130
f 178/194/131 179/193/130 182/196/133
f 183/198/135 182/196/133 185/199/136
f 178/194/131 182/196/133 183/198/135
f 182/196/133 184/200/137 185/199/136
f 182/196/133 180/195/132 184/200/137
f 146/159/106 185/199/136 186/201/1
f 185/199/136 187/202/1 186/201/1
f 185/199/136 184/200/137 187/202/1
f 183/198/135 185/199/136 146/159/106
f 189/203/138 186/201/1 187/202/1
f 184/200/137 1018/204/1 187/202/1
f 188/205/139 187/202/1 1018/204/1
f 189/203/138 187/202/1 188/205/139
f 180/195/132 190/206/140 184/200/137
f 180/195/132 188/205/139 190/206/140
f 181/197/134 189/203/138 188/205/139
f 191/207/141 186/201/1 189/203/138
f 192/208/142 191/207/141 189/203/138
f 192/208/142 189/203/138 181/197/134
f 176/191/128 192/208/142 181/197/134
f 173/189/126 191/207/141 192/208/142
f 172/188/125 192/208/142 176/191/128
f 172/188/125 173/189/126 192/208/142
f 173/189/126 141/155/102 191/207/141
f 191/207/141 140/154/1 186/201/1
f 141/155/102 140/154/1 191/207/141
f 181/197/134 188/205/139 180/195/132
f 146/159/106 186/201/1 140/154/1
f 145/158/105 183/198/135 146/159/106
f 149/161/108 178/194/131 183/198/135
f 149/161/108 183/198/135 145/158/105
f 151/164/111 178/194/131 149/161/108
f 170/184/121 141/155/102 173/189/126
f 170/184/121 134/146/96 141/155/102
f 131/142/92 134/146/96 170/184/121
f 154/166/113 163/176/114 153/167/113
f 112/120/74 161/175/115 193/209/116
f 161/175/115 160/172/114 193/209/116
f 110/118/72 193/209/116 194/210/73
f 193/209/116 195/211/116 194/210/73
f 193/209/116 160/172/114 195/211/116
f 112/120/74 193/209/116 110/118/72
f 195/211/116 196/212/143 198/213/144
f 195/211/116 197/214/114 196/212/143
f 160/172/114 197/214/114 195/211/116
f 194/210/73 195/211/116 198/213/144
f 198/213/144 1022/215/145 1021/216/146
f 198/213/144 196/212/143 1022/215/145
f 201/217/147 198/213/144 1021/216/146
f 194/210/73 198/213/144 201/217/147
f 109/117/71 201/217/147 202/218/148
f 202/218/148 201/217/147 1019/219/149
f 201/217/147 1021/216/146 1019/219/149
f 109/117/71 194/210/73 201/217/147
f 1019/219/149 1020/220/150 202/218/148
f 203/221/151 205/222/152 204/223/153
f 206/224/154 205/222/152 203/221/151
f 203/221/151 200/225/155 206/224/154
f 206/224/154 207/226/156 208/227/157
f 200/225/155 207/226/156 206/224/154
f 206/224/154 209/228/158 205/222/152
f 208/227/157 209/228/158 206/224/154
f 208/227/157 210/229/159 209/228/158
f 210/229/159 211/230/160 209/228/158
f 209/228/158 211/230/160 212/231/161
f 209/228/158 212/231/161 205/222/152
f 205/222/152 212/231/161 213/232/162
f 212/231/161 214/233/163 213/232/162
f 212/231/161 215/234/164 214/233/163
f 211/230/160 215/234/164 212/231/161
f 215/234/164 83/88/51 214/233/163
f 215/234/164 217/235/165 83/88/51
f 216/236/166 217/235/165 215/234/164
f 211/230/160 216/236/166 215/234/164
f 217/235/165 218/237/167 85/90/53
f 219/238/168 218/237/167 217/235/165
f 216/236/166 219/238/168 217/235/165
f 217/235/165 85/90/53 83/88/51
f 219/238/168 1026/239/169 218/237/167
f 1030/240/170 1026/239/169 219/238/168
f 222/241/171 1030/240/170 219/238/168
f 222/241/171 219/238/168 216/236/166
f 1029/242/172 1030/240/170 222/241/171
f 223/243/173 222/241/171 216/236/166
f 225/244/174 222/241/171 223/243/173
f 225/244/174 1029/242/172 222/241/171
f 226/245/175 225/244/174 223/243/173
f 1029/242/172 225/244/174 1028/246/176
f 225/244/174 226/245/175 228/247/177
f 1028/246/176 225/244/174 228/247/177
f 228/247/177 226/245/175 231/248/178
f 1028/246/176 228/247/177 1027/249/179
f 228/247/177 231/248/178 229/250/180
f 1027/249/179 228/247/177 229/250/180
f 226/245/175 232/251/181 231/248/178
f 231/248/178 232/251/181 233/252/181
f 231/248/178 233/252/181 234/253/182
f 229/250/180 231/248/178 234/253/182
f 234/253/182 233/252/181 235/254/181
f 234/253/182 235/254/181 236/255/183
f 237/256/184 234/253/182 236/255/183
f 229/250/180 234/253/182 237/256/184
f 238/257/185 229/250/180 237/256/184
f 237/256/184 236/255/183 239/258/186
f 238/257/185 237/256/184 240/259/187
f 240/259/187 237/256/184 239/258/186
f 240/259/187 239/258/186 242/260/188
f 241/261/189 238/257/185 240/259/187
f 241/261/189 240/259/187 243/262/190
f 243/262/190 240/259/187 242/260/188
f 244/263/191 243/262/190 246/264/192
f 245/265/113 243/262/190 244/263/191
f 243/262/190 242/260/188 246/264/192
f 245/265/113 241/261/189 243/262/190
f 246/264/192 247/266/193 248/267/194
f 246/264/192 242/260/188 247/266/193
f 249/268/195 246/264/192 248/267/194
f 244/263/191 246/264/192 249/268/195
f 249/268/195 248/267/194 250/269/196
f 199/270/197 249/268/195 250/269/196
f 196/212/143 244/263/191 249/268/195
f 196/212/143 249/268/195 1022/215/145
f 250/269/196 251/271/198 252/272/199
f 250/269/196 248/267/194 251/271/198
f 199/270/197 250/269/196 207/226/156
f 207/226/156 250/269/196 252/272/199
f 252/272/199 251/271/198 233/252/181
f 252/272/199 233/252/181 232/251/181
f 208/227/157 252/272/199 232/251/181
f 207/226/156 252/272/199 208/227/157
f 248/267/194 253/273/200 251/271/198
f 251/271/198 235/254/181 233/252/181
f 251/271/198 253/273/200 235/254/181
f 253/273/200 255/274/201 254/275/181
f 253/273/200 254/275/181 235/254/181
f 247/266/193 255/274/201 253/273/200
f 248/267/194 247/266/193 253/273/200
f 256/276/202 1023/277/203 255/274/201
f 247/266/193 256/276/202 255/274/201
f 255/274/201 257/278/181 254/275/181
f 258/279/204 254/275/181 257/278/181
f 256/276/202 258/279/204 1023/277/203
f 239/258/186 258/279/204 256/276/202
f 239/258/186 236/255/183 258/279/204
f 236/255/183 254/275/181 258/279/204
f 242/260/188 256/276/202 247/266/193
f 242/260/188 239/258/186 256/276/202
f 236/255/183 235/254/181 254/275/181
f 259/280/112 241/261/189 245/265/113
f 158/171/113 259/280/112 245/265/113
f 158/171/113 245/265/113 197/214/114
f 197/214/114 245/265/113 244/263/191
f 159/173/112 259/280/112 158/171/113
f 159/173/112 261/281/31 259/280/112
f 259/280/112 260/282/205 241/261/189
f 261/281/31 260/282/205 259/280/112
f 261/281/31 262/283/206 260/282/205
f 263/284/207 262/283/206 261/281/31
f 264/285/31 263/284/207 261/281/31
f 264/285/31 261/281/31 159/173/112
f 64/67/29 263/284/207 264/285/31
f 156/169/112 264/285/31 159/173/112
f 61/65/32 264/285/31 156/169/112
f 61/65/32 64/67/29 264/285/31
f 263/284/207 266/286/208 262/283/206
f 265/287/209 266/286/208 263/284/207
f 64/67/29 265/287/209 263/284/207
f 265/287/209 267/288/210 266/286/208
f 267/288/210 224/289/211 266/286/208
f 266/286/208 224/289/211 227/290/212
f 266/286/208 227/290/212 262/283/206
f 267/288/210 269/291/213 221/292/214
f 224/289/211 267/288/210 221/292/214
f 268/293/36 267/288/210 265/287/209
f 267/288/210 268/293/36 269/291/213
f 268/293/36 270/294/36 269/291/213
f 269/291/213 270/294/36 271/295/215
f 269/291/213 271/295/215 220/296/216
f 221/292/214 269/291/213 220/296/216
f 271/295/215 273/297/217 1025/298/218
f 220/296/216 271/295/215 1025/298/218
f 271/295/215 274/299/36 273/297/217
f 270/294/36 274/299/36 271/295/215
f 274/299/36 275/300/36 273/297/217
f 275/300/36 274/299/36 268/293/36
f 274/299/36 270/294/36 268/293/36
f 275/300/36 276/301/36 277/302/219
f 276/301/36 275/300/36 68/72/36
f 275/300/36 268/293/36 68/72/36
f 273/297/217 275/300/36 277/302/219
f 1024/303/220 277/302/219 1007/77/40
f 277/302/219 74/78/41 1007/77/40
f 277/302/219 276/301/36 74/78/41
f 273/297/217 277/302/219 1024/303/220
f 278/304/221 75/79/42 77/82/45
f 279/305/222 278/304/221 77/82/45
f 1025/298/218 273/297/217 1024/303/220
f 272/306/223 278/304/221 279/305/222
f 279/305/222 77/82/45 81/87/50
f 218/237/167 272/306/223 279/305/222
f 85/90/53 279/305/222 81/87/50
f 218/237/167 279/305/222 85/90/53
f 276/301/36 280/307/36 74/78/41
f 280/307/36 276/301/36 68/72/36
f 74/78/41 280/307/36 71/75/38
f 71/75/38 280/307/36 68/72/36
f 1026/239/169 272/306/223 218/237/167
f 68/72/36 268/293/36 65/68/34
f 65/68/34 268/293/36 265/287/209
f 65/68/34 265/287/209 64/67/29
f 262/283/206 227/290/212 230/308/224
f 262/283/206 230/308/224 260/282/205
f 260/282/205 230/308/224 238/257/185
f 260/282/205 238/257/185 241/261/189
f 197/214/114 244/263/191 196/212/143
f 1027/249/179 229/250/180 238/257/185
f 232/251/181 226/245/175 210/229/159
f 232/251/181 210/229/159 208/227/157
f 226/245/175 223/243/173 210/229/159
f 210/229/159 223/243/173 211/230/160
f 223/243/173 216/236/166 211/230/160
f 213/232/162 214/233/163 90/96/59
f 214/233/163 86/89/52 90/96/59
f 214/233/163 83/88/51 86/89/52
f 213/232/162 90/96/59 1010/98/61
f 204/223/153 213/232/162 1010/98/61
f 205/222/152 213/232/162 204/223/153
f 200/225/155 199/270/197 207/226/156
f 1020/220/150 93/102/65 281/309/225
f 202/218/148 1020/220/150 281/309/225
f 202/218/148 281/309/225 106/115/2
f 106/115/2 281/309/225 282/310/2
f 281/309/225 94/103/66 282/310/2
f 281/309/225 93/102/65 94/103/66
f 97/106/2 106/115/2 282/310/2
f 282/310/2 94/103/66 97/106/2
f 106/115/2 109/117/71 202/218/148
f 160/172/114 158/171/113 197/214/114
f 110/118/72 194/210/73 109/117/71
f 61/65/32 156/169/112 59/62/31
f 285/311/226 143/152/100 283/312/227
f 283/312/227 143/152/100 284/313/228
f 143/152/100 137/149/1 284/313/228
f 285/311/226 142/156/103 143/152/100
f 40/314/229 285/311/226 283/312/227
f 50/54/24 285/311/226 40/314/229
f 52/53/23 142/156/103 285/311/226
f 50/54/24 52/53/23 285/311/226
f 286/315/230 284/313/228 288/316/231
f 283/312/227 284/313/228 286/315/230
f 284/313/228 137/149/1 287/317/1
f 284/313/228 287/317/1 288/316/231
f 288/316/231 287/317/1 289/318/1
f 288/316/231 289/318/1 290/319/232
f 291/320/233 288/316/231 290/319/232
f 286/315/230 288/316/231 291/320/233
f 291/320/233 290/319/232 292/321/234
f 37/38/8 286/315/230 291/320/233
f 37/38/8 291/320/233 293/322/235
f 293/322/235 291/320/233 292/321/234
f 36/35/5 293/322/235 294/323/236
f 294/323/236 293/322/235 295/324/237
f 293/322/235 292/321/234 295/324/237
f 36/35/5 37/38/8 293/322/235
f 294/323/236 295/324/237 296/325/238
f 296/325/238 295/324/237 297/326/239
f 295/324/237 298/327/240 297/326/239
f 295/324/237 292/321/234 298/327/240
f 297/326/239 298/327/240 289/318/1
f 292/321/234 1031/328/241 298/327/240
f 298/327/240 299/329/1 289/318/1
f 292/321/234 290/319/232 1031/328/241
f 290/319/232 289/318/1 299/329/1
f 296/325/238 297/326/239 138/151/99
f 138/151/99 297/326/239 287/317/1
f 297/326/239 289/318/1 287/317/1
f 135/147/97 296/325/238 138/151/99
f 300/330/242 296/325/238 135/147/97
f 300/330/242 294/323/236 296/325/238
f 301/331/243 302/332/244 300/330/242
f 301/331/243 300/330/242 1014/143/93
f 132/145/95 300/330/242 135/147/97
f 302/332/244 294/323/236 300/330/242
f 303/333/245 34/33/3 302/332/244
f 303/333/245 302/332/244 301/331/243
f 302/332/244 36/35/5 294/323/236
f 34/33/3 36/35/5 302/332/244
f 304/334/246 79/84/47 303/333/245
f 304/334/246 303/333/245 125/134/84
f 125/134/84 303/333/245 301/331/243
f 79/84/47 34/33/3 303/333/245
f 84/91/54 79/84/47 304/334/246
f 84/91/54 304/334/246 123/132/82
f 123/132/82 304/334/246 125/134/84
f 125/134/84 301/331/243 126/135/85
f 126/135/85 301/331/243 1014/143/93
f 138/151/99 287/317/1 137/149/1
f 38/39/9 286/315/230 37/38/8
f 38/39/9 283/312/227 286/315/230
f 40/314/229 283/312/227 38/39/9
f 116/124/2 119/127/77 128/137/87
f 116/124/2 128/137/87 115/123/71
f 122/131/81 84/91/54 123/132/82
f 88/94/57 122/131/81 99/335/247
f 88/94/57 84/91/54 122/131/81
f 99/335/247 122/131/81 120/130/80
f 1032/107/68 1011/129/79 100/108/69
f 100/108/69 1011/129/79 104/112/70
f 96/105/2 106/115/2 97/106/2
f 100/108/69 104/112/70 102/110/2
f 1008/95/58 88/94/57 99/335/247
f 84/91/54 80/85/48 79/84/47
f 79/84/47 35/36/6 34/33/3
f 43/44/14 35/36/6 79/84/47
f 71/75/38 68/72/36 67/70/36
f 70/73/36 49/49/19 46/48/18
f 70/73/36 55/58/28 49/49/19
f 62/64/28 55/58/28 70/73/36
f 41/41/11 1003/51/21 1033/40/10
f 306/336/112 305/337/113 308/338/111
f 307/339/248 305/337/113 306/336/112
f 307/339/248 310/340/115 305/337/113
f 305/337/113 309/341/129 308/338/111
f 305/337/113 311/342/127 309/341/129
f 310/340/115 311/342/127 305/337/113
f 310/340/115 312/343/249 311/342/127
f 312/343/249 313/344/250 311/342/127
f 311/342/127 313/344/250 314/345/128
f 311/342/127 314/345/128 309/341/129
f 313/344/250 315/346/142 314/345/128
f 314/345/128 315/346/142 316/347/134
f 309/341/129 314/345/128 317/348/251
f 314/345/128 316/347/134 317/348/251
f 320/349/252 317/348/251 318/350/133
f 317/348/251 319/351/253 318/350/133
f 317/348/251 316/347/134 319/351/253
f 309/341/129 317/348/251 320/349/252
f 320/349/252 318/350/133 321/352/135
f 322/353/254 320/349/252 321/352/135
f 308/338/111 309/341/129 320/349/252
f 308/338/111 320/349/252 322/353/254
f 322/353/254 321/352/135 323/354/255
f 324/355/256 308/338/111 322/353/254
f 1034/356/257 322/353/254 323/354/255
f 324/355/256 322/353/254 325/357/258
f 1034/356/257 323/354/255 326/358/259
f 328/359/260 324/355/256 325/357/258
f 1035/360/261 1034/356/257 326/358/259
f 328/359/260 325/357/258 327/361/262
f 330/362/31 324/355/256 328/359/260
f 329/363/263 328/359/260 327/361/262
f 331/364/207 328/359/260 329/363/263
f 331/364/207 330/362/31 328/359/260
f 333/365/28 331/364/207 329/363/263
f 332/366/264 330/362/31 331/364/207
f 334/367/265 332/366/264 331/364/207
f 334/367/265 331/364/207 333/365/28
f 1036/368/266 337/369/267 334/367/265
f 335/370/268 334/367/265 336/371/269
f 336/371/269 334/367/265 333/365/28
f 337/369/267 332/366/264 334/367/265
f 339/372/270 337/369/267 1050/373/271
f 1050/373/271 337/369/267 1036/368/266
f 339/372/270 340/374/272 337/369/267
f 337/369/267 340/374/272 332/366/264
f 340/374/272 341/375/273 332/366/264
f 340/374/272 307/339/248 341/375/273
f 340/374/272 342/376/274 307/339/248
f 344/377/275 342/376/274 340/374/272
f 343/378/276 340/374/272 339/372/270
f 344/377/275 340/374/272 343/378/276
f 345/379/277 348/380/278 344/377/275
f 345/379/277 344/377/275 347/381/279
f 344/377/275 346/382/280 342/376/274
f 344/377/275 349/383/281 346/382/280
f 347/381/279 344/377/275 343/378/276
f 348/380/278 349/383/281 344/377/275
f 349/383/281 350/384/282 346/382/280
f 351/385/283 350/384/282 349/383/281
f 348/380/278 351/385/283 349/383/281
f 351/385/283 1038/386/284 350/384/282
f 352/387/285 351/385/283 348/380/278
f 352/387/285 1037/388/286 351/385/283
f 1037/388/286 1038/386/284 351/385/283
f 1039/389/287 1037/388/286 352/387/285
f 354/390/288 357/391/289 353/392/290
f 355/393/291 356/394/292 354/390/288
f 356/394/292 357/391/289 354/390/288
f 357/391/289 358/395/293 353/392/290
f 357/391/289 359/396/2 358/395/293
f 360/397/2 359/396/2 357/391/289
f 356/394/292 360/397/2 357/391/289
f 359/396/2 360/397/2 361/398/2
f 360/397/2 362/399/2 361/398/2
f 362/399/2 360/397/2 356/394/292
f 361/398/2 362/399/2 363/400/294
f 363/400/294 362/399/2 356/394/292
f 1064/401/295 363/400/294 355/393/291
f 363/400/294 356/394/292 355/393/291
f 365/402/296 363/400/294 1064/401/295
f 365/402/296 361/398/2 363/400/294
f 1047/403/149 365/402/296 1064/401/295
f 365/402/296 1047/403/149 367/404/297
f 368/405/298 365/402/296 367/404/297
f 361/398/2 365/402/296 368/405/298
f 368/405/298 367/404/297 369/406/299
f 370/407/299 368/405/298 369/406/299
f 371/408/298 368/405/298 370/407/299
f 371/408/298 361/398/2 368/405/298
f 373/409/300 372/410/2 371/408/298
f 372/410/2 361/398/2 371/408/298
f 373/409/300 371/408/298 374/411/299
f 374/411/299 371/408/298 370/407/299
f 374/411/299 375/412/84 376/413/301
f 374/411/299 370/407/299 375/412/84
f 373/409/300 374/411/299 377/414/302
f 374/411/299 376/413/301 377/414/302
f 377/414/302 378/415/300 379/416/2
f 377/414/302 376/413/301 378/415/300
f 373/409/300 377/414/302 380/417/2
f 380/417/2 377/414/302 379/416/2
f 380/417/2 379/416/2 383/418/303
f 381/419/304 380/417/2 383/418/303
f 382/420/2 380/417/2 381/419/304
f 382/420/2 373/409/300 380/417/2
f 381/419/304 383/418/303 1062/421/305
f 1062/421/305 383/418/303 385/422/306
f 383/418/303 386/423/307 385/422/306
f 383/418/303 379/416/2 386/423/307
f 386/423/307 389/424/87 387/425/308
f 386/423/307 387/425/308 388/426/309
f 379/416/2 389/424/87 386/423/307
f 385/422/306 386/423/307 388/426/309
f 389/424/87 391/427/310 1060/428/89
f 389/424/87 1060/428/89 387/425/308
f 379/416/2 378/415/300 389/424/87
f 378/415/300 391/427/310 389/424/87
f 378/415/300 394/429/299 391/427/310
f 391/427/310 1052/430/311 1060/428/89
f 391/427/310 393/431/312 1052/430/311
f 394/429/299 393/431/312 391/427/310
f 394/429/299 395/432/84 393/431/312
f 396/433/313 395/432/84 394/429/299
f 376/413/301 394/429/299 378/415/300
f 376/413/301 396/433/313 394/429/299
f 396/433/313 397/434/314 395/432/84
f 398/435/314 397/434/314 396/433/313
f 375/412/84 398/435/314 396/433/313
f 375/412/84 396/433/313 376/413/301
f 398/435/314 401/436/313 399/437/314
f 398/435/314 399/437/314 400/438/3
f 398/435/314 400/438/3 397/434/314
f 375/412/84 401/436/313 398/435/314
f 401/436/313 402/439/313 399/437/314
f 401/436/313 369/406/299 402/439/313
f 370/407/299 369/406/299 401/436/313
f 375/412/84 370/407/299 401/436/313
f 402/439/313 403/440/315 405/441/314
f 402/439/313 404/442/316 403/440/315
f 369/406/299 404/442/316 402/439/313
f 399/437/314 402/439/313 405/441/314
f 405/441/314 403/440/315 406/443/317
f 405/441/314 406/443/317 407/444/3
f 399/437/314 405/441/314 408/445/3
f 408/445/3 405/441/314 407/444/3
f 410/446/6 408/445/3 409/447/6
f 408/445/3 407/444/3 409/447/6
f 400/438/3 408/445/3 410/446/6
f 400/438/3 399/437/314 408/445/3
f 410/446/6 409/447/6 412/448/12
f 411/449/6 400/438/3 410/446/6
f 411/449/6 410/446/6 413/450/12
f 413/450/12 410/446/6 412/448/12
f 413/450/12 412/448/12 414/451/318
f 416/452/319 413/450/12 414/451/318
f 415/453/320 411/449/6 413/450/12
f 415/453/320 413/450/12 416/452/319
f 416/452/319 414/451/318 418/454/321
f 417/455/322 415/453/320 416/452/319
f 417/455/322 416/452/319 419/456/323
f 419/456/323 416/452/319 418/454/321
f 420/457/324 417/455/322 419/456/323
f 420/457/324 419/456/323 421/458/36
f 421/458/36 419/456/323 422/459/36
f 419/456/323 418/454/321 422/459/36
f 423/460/36 421/458/36 422/459/36
f 423/460/36 422/459/36 424/461/36
f 422/459/36 418/454/321 426/462/210
f 424/461/36 422/459/36 425/463/36
f 422/459/36 427/464/325 425/463/36
f 426/462/210 427/464/325 422/459/36
f 427/464/325 428/465/326 425/463/36
f 427/464/325 1041/466/327 428/465/326
f 1040/467/328 1041/466/327 427/464/325
f 426/462/210 1040/467/328 427/464/325
f 430/468/329 431/469/330 429/470/331
f 432/471/332 431/469/330 430/468/329
f 1042/472/211 1040/467/328 426/462/210
f 433/473/172 432/471/332 430/468/329
f 426/462/210 434/474/333 1042/472/211
f 435/475/174 432/471/332 433/473/172
f 434/474/333 1043/476/334 1042/472/211
f 433/473/172 436/477/335 435/475/174
f 436/477/335 437/478/336 435/475/174
f 434/474/333 438/479/337 1043/476/334
f 436/477/335 1044/480/338 437/478/336
f 438/479/337 439/481/339 1043/476/334
f 1044/480/338 440/482/340 437/478/336
f 1044/480/338 441/483/341 440/482/340
f 438/479/337 442/484/342 439/481/339
f 442/484/342 441/483/341 439/481/339
f 442/484/342 443/485/343 441/483/341
f 409/447/6 443/485/343 442/484/342
f 412/448/12 442/484/342 438/479/337
f 412/448/12 409/447/6 442/484/342
f 443/485/343 445/486/344 444/487/345
f 443/485/343 444/487/345 441/483/341
f 407/444/3 445/486/344 443/485/343
f 409/447/6 407/444/3 443/485/343
f 406/443/317 447/488/346 445/486/344
f 407/444/3 406/443/317 445/486/344
f 445/486/344 446/489/347 444/487/345
f 445/486/344 447/488/346 446/489/347
f 447/488/346 448/490/348 446/489/347
f 447/488/346 449/491/349 448/490/348
f 450/492/350 449/491/349 447/488/346
f 406/443/317 450/492/350 447/488/346
f 450/492/350 451/493/351 449/491/349
f 1045/494/352 451/493/351 450/492/350
f 403/440/315 450/492/350 406/443/317
f 403/440/315 452/495/353 450/492/350
f 1045/494/352 453/496/354 451/493/351
f 404/442/316 452/495/353 403/440/315
f 1046/497/355 453/496/354 1045/494/352
f 404/442/316 454/498/356 452/495/353
f 1046/497/355 455/499/154 453/496/354
f 366/500/151 455/499/154 1046/497/355
f 367/404/297 1047/403/149 454/498/356
f 367/404/297 454/498/356 404/442/316
f 455/499/154 457/501/157 453/496/354
f 455/499/154 456/502/357 458/503/358
f 455/499/154 366/500/151 456/502/357
f 457/501/157 455/499/154 458/503/358
f 457/501/157 458/503/358 459/504/359
f 459/504/359 458/503/358 460/505/360
f 458/503/358 461/506/361 460/505/360
f 458/503/358 456/502/357 461/506/361
f 461/506/361 462/507/362 464/508/363
f 456/502/357 462/507/362 461/506/361
f 460/505/360 461/506/361 463/509/364
f 461/506/361 464/508/363 463/509/364
f 463/509/364 464/508/363 345/379/277
f 464/508/363 348/380/278 345/379/277
f 464/508/363 352/387/285 348/380/278
f 462/507/362 352/387/285 464/508/363
f 463/509/364 345/379/277 466/510/365
f 465/511/366 463/509/364 466/510/365
f 460/505/360 463/509/364 465/511/366
f 466/510/365 347/381/279 467/512/367
f 431/469/330 466/510/365 467/512/367
f 465/511/366 466/510/365 431/469/330
f 466/510/365 345/379/277 347/381/279
f 467/512/367 347/381/279 468/513/368
f 467/512/367 468/513/368 1048/514/369
f 429/470/331 467/512/367 1048/514/369
f 431/469/330 467/512/367 429/470/331
f 428/465/326 469/515/370 470/516/371
f 469/515/370 1049/517/372 470/516/371
f 1048/514/369 468/513/368 471/518/373
f 1041/466/327 469/515/370 428/465/326
f 470/516/371 1049/517/372 472/519/374
f 1049/517/372 338/520/375 472/519/374
f 471/518/373 339/372/270 1050/373/271
f 468/513/368 339/372/270 471/518/373
f 472/519/374 473/521/376 474/522/36
f 472/519/374 338/520/375 473/521/376
f 470/516/371 472/519/374 423/460/36
f 423/460/36 472/519/374 474/522/36
f 474/522/36 473/521/376 475/523/36
f 475/523/36 421/458/36 474/522/36
f 474/522/36 421/458/36 423/460/36
f 473/521/376 476/524/377 475/523/36
f 476/524/377 421/458/36 475/523/36
f 476/524/377 336/371/269 477/525/36
f 478/526/36 476/524/377 477/525/36
f 476/524/377 478/526/36 421/458/36
f 473/521/376 335/370/268 476/524/377
f 476/524/377 335/370/268 336/371/269
f 478/526/36 477/525/36 420/457/324
f 478/526/36 420/457/324 421/458/36
f 477/525/36 479/527/36 480/528/18
f 477/525/36 336/371/269 479/527/36
f 420/457/324 477/525/36 480/528/18
f 480/528/18 482/529/18 481/530/319
f 417/455/322 480/528/18 481/530/319
f 420/457/324 480/528/18 417/455/322
f 480/528/18 479/527/36 482/529/18
f 482/529/18 483/531/378 485/532/13
f 482/529/18 484/533/19 483/531/378
f 479/527/36 484/533/19 482/529/18
f 481/530/319 482/529/18 485/532/13
f 485/532/13 483/531/378 486/534/379
f 485/532/13 486/534/379 487/535/12
f 488/536/12 485/532/13 487/535/12
f 481/530/319 485/532/13 488/536/12
f 488/536/12 487/535/12 489/537/6
f 415/453/320 488/536/12 411/449/6
f 415/453/320 481/530/319 488/536/12
f 411/449/6 488/536/12 489/537/6
f 400/438/3 489/537/6 490/538/3
f 411/449/6 489/537/6 400/438/3
f 489/537/6 491/539/6 490/538/3
f 489/537/6 487/535/12 491/539/6
f 491/539/6 492/540/4 494/541/3
f 491/539/6 493/542/380 492/540/4
f 487/535/12 493/542/380 491/539/6
f 490/538/3 491/539/6 494/541/3
f 494/541/3 495/543/381 496/544/382
f 494/541/3 492/540/4 495/543/381
f 490/538/3 494/541/3 497/545/314
f 497/545/314 494/541/3 496/544/382
f 397/434/314 490/538/3 497/545/314
f 497/545/314 496/544/382 498/546/243
f 397/434/314 497/545/314 395/432/84
f 395/432/84 497/545/314 498/546/243
f 498/546/243 499/547/383 1051/548/93
f 498/546/243 496/544/382 499/547/383
f 393/431/312 498/546/243 1051/548/93
f 395/432/84 498/546/243 393/431/312
f 500/549/95 501/550/97 502/551/94
f 500/549/95 499/547/383 501/550/97
f 392/552/91 500/549/95 502/551/94
f 393/431/312 1051/548/93 1052/430/311
f 502/551/94 501/550/97 504/553/98
f 503/554/92 502/551/94 505/555/96
f 392/552/91 502/551/94 503/554/92
f 502/551/94 504/553/98 505/555/96
f 505/555/96 506/556/1 508/557/102
f 505/555/96 504/553/98 506/556/1
f 503/554/92 505/555/96 507/558/121
f 507/558/121 505/555/96 508/557/102
f 507/558/121 508/557/102 509/559/384
f 509/559/384 508/557/102 510/560/385
f 508/557/102 511/561/1 510/560/385
f 508/557/102 506/556/1 511/561/1
f 512/562/386 513/563/106 511/561/1
f 512/562/386 511/561/1 506/556/1
f 513/563/106 514/564/1 511/561/1
f 510/560/385 511/561/1 514/564/1
f 513/563/106 515/565/387 514/564/1
f 515/565/387 516/566/1 514/564/1
f 517/567/138 514/564/1 516/566/1
f 510/560/385 514/564/1 517/567/138
f 517/567/138 516/566/1 518/568/139
f 315/346/142 517/567/138 316/347/134
f 315/346/142 510/560/385 517/567/138
f 316/347/134 517/567/138 518/568/139
f 316/347/134 518/568/139 319/351/253
f 319/351/253 518/568/139 1053/569/388
f 518/568/139 516/566/1 519/570/1
f 520/571/389 519/570/1 516/566/1
f 319/351/253 1053/569/388 520/571/389
f 318/350/133 319/351/253 520/571/389
f 318/350/133 520/571/389 515/565/387
f 515/565/387 520/571/389 516/566/1
f 321/352/135 515/565/387 513/563/106
f 321/352/135 318/350/133 515/565/387
f 323/354/255 513/563/106 512/562/386
f 323/354/255 321/352/135 513/563/106
f 521/572/103 512/562/386 506/556/1
f 326/358/259 512/562/386 521/572/103
f 326/358/259 323/354/255 512/562/386
f 522/573/23 326/358/259 521/572/103
f 522/573/23 521/572/103 523/574/390
f 523/574/390 521/572/103 524/575/391
f 521/572/103 506/556/1 524/575/391
f 524/575/391 506/556/1 525/576/1
f 524/575/391 525/576/1 526/577/228
f 527/578/392 524/575/391 526/577/228
f 523/574/390 524/575/391 527/578/392
f 527/578/392 526/577/228 528/579/230
f 529/580/393 527/578/392 528/579/230
f 1054/581/394 527/578/392 529/580/393
f 1054/581/394 523/574/390 527/578/392
f 493/542/380 530/582/395 529/580/393
f 486/534/379 530/582/395 493/542/380
f 1055/583/396 523/574/390 1054/581/394
f 486/534/379 531/584/397 530/582/395
f 1055/583/396 522/573/23 523/574/390
f 1056/585/22 522/573/23 1055/583/396
f 483/531/378 532/586/20 531/584/397
f 483/531/378 531/584/397 486/534/379
f 1056/585/22 1035/360/261 522/573/23
f 329/363/263 327/361/262 532/586/20
f 484/533/19 329/363/263 532/586/20
f 484/533/19 532/586/20 483/531/378
f 492/540/4 529/580/393 533/587/398
f 529/580/393 528/579/230 533/587/398
f 493/542/380 529/580/393 492/540/4
f 533/587/398 534/588/233 535/589/399
f 533/587/398 528/579/230 534/588/233
f 492/540/4 533/587/398 495/543/381
f 495/543/381 533/587/398 535/589/399
f 538/590/236 535/589/399 536/591/237
f 535/589/399 537/592/234 536/591/237
f 535/589/399 534/588/233 537/592/234
f 495/543/381 535/589/399 538/590/236
f 538/590/236 536/591/237 539/593/238
f 499/547/383 538/590/236 539/593/238
f 496/544/382 495/543/381 538/590/236
f 496/544/382 538/590/236 499/547/383
f 539/593/238 536/591/237 540/594/239
f 501/550/97 539/593/238 541/595/99
f 499/547/383 539/593/238 501/550/97
f 539/593/238 540/594/239 541/595/99
f 541/595/99 542/596/1 525/576/1
f 541/595/99 540/594/239 542/596/1
f 504/553/98 541/595/99 525/576/1
f 501/550/97 541/595/99 504/553/98
f 526/577/228 542/596/1 543/597/400
f 526/577/228 525/576/1 542/596/1
f 543/597/400 542/596/1 544/598/1
f 540/594/239 544/598/1 542/596/1
f 543/597/400 544/598/1 546/599/232
f 545/600/240 1057/601/1 544/598/1
f 540/594/239 545/600/240 544/598/1
f 546/599/232 544/598/1 1057/601/1
f 537/592/234 547/602/241 545/600/240
f 537/592/234 546/599/232 547/602/241
f 534/588/233 543/597/400 546/599/232
f 534/588/233 546/599/232 537/592/234
f 536/591/237 545/600/240 540/594/239
f 536/591/237 537/592/234 545/600/240
f 528/579/230 526/577/228 543/597/400
f 528/579/230 543/597/400 534/588/233
f 504/553/98 525/576/1 506/556/1
f 1035/360/261 326/358/259 522/573/23
f 509/559/384 510/560/385 315/346/142
f 1059/603/122 507/558/121 509/559/384
f 1059/603/122 509/559/384 313/344/250
f 313/344/250 509/559/384 315/346/142
f 549/604/401 1058/605/402 548/606/123
f 549/604/401 548/606/123 312/343/249
f 312/343/249 548/606/123 313/344/250
f 550/607/120 507/558/121 1059/603/122
f 387/425/308 1060/428/89 1058/605/402
f 390/608/90 503/554/92 550/607/120
f 387/425/308 1058/605/402 549/604/401
f 550/607/120 503/554/92 507/558/121
f 388/426/309 387/425/308 549/604/401
f 388/426/309 549/604/401 551/609/74
f 551/609/74 549/604/401 312/343/249
f 552/610/403 551/609/74 553/611/404
f 552/610/403 388/426/309 551/609/74
f 551/609/74 312/343/249 310/340/115
f 553/611/404 551/609/74 310/340/115
f 346/382/280 552/610/403 553/611/404
f 346/382/280 553/611/404 307/339/248
f 553/611/404 310/340/115 307/339/248
f 554/612/405 552/610/403 346/382/280
f 554/612/405 385/422/306 552/610/403
f 385/422/306 388/426/309 552/610/403
f 350/384/282 1061/613/406 554/612/405
f 350/384/282 554/612/405 346/382/280
f 1061/613/406 384/614/407 554/612/405
f 384/614/407 385/422/306 554/612/405
f 353/392/290 358/395/293 555/615/408
f 1038/386/284 1061/613/406 350/384/282
f 358/395/293 556/616/409 555/615/408
f 555/615/408 556/616/409 1062/421/305
f 556/616/409 381/419/304 1062/421/305
f 556/616/409 557/617/2 381/419/304
f 358/395/293 558/618/2 556/616/409
f 558/618/2 557/617/2 556/616/409
f 557/617/2 558/618/2 372/410/2
f 558/618/2 359/396/2 372/410/2
f 359/396/2 558/618/2 358/395/293
f 381/419/304 557/617/2 372/410/2
f 390/608/90 392/552/91 503/554/92
f 487/535/12 486/534/379 493/542/380
f 400/438/3 490/538/3 397/434/314
f 479/527/36 333/365/28 484/533/19
f 333/365/28 329/363/263 484/533/19
f 417/455/322 481/530/319 415/453/320
f 336/371/269 333/365/28 479/527/36
f 338/520/375 335/370/268 473/521/376
f 428/465/326 470/516/371 424/461/36
f 424/461/36 470/516/371 423/460/36
f 468/513/368 343/378/276 339/372/270
f 347/381/279 343/378/276 468/513/368
f 559/619/410 460/505/360 465/511/366
f 559/619/410 465/511/366 432/471/332
f 432/471/332 465/511/366 431/469/330
f 459/504/359 460/505/360 559/619/410
f 560/620/175 459/504/359 559/619/410
f 560/620/175 559/619/410 435/475/174
f 435/475/174 559/619/410 432/471/332
f 561/621/181 459/504/359 560/620/175
f 560/620/175 562/622/411 561/621/181
f 437/478/336 562/622/411 560/620/175
f 435/475/174 437/478/336 560/620/175
f 437/478/336 440/482/340 562/622/411
f 440/482/340 563/623/412 562/622/411
f 562/622/411 563/623/412 564/624/181
f 562/622/411 564/624/181 561/621/181
f 567/625/413 561/621/181 564/624/181
f 563/623/412 565/626/181 564/624/181
f 566/627/414 564/624/181 565/626/181
f 567/625/413 564/624/181 566/627/414
f 451/493/351 567/625/413 566/627/414
f 457/501/157 561/621/181 567/625/413
f 453/496/354 457/501/157 567/625/413
f 453/496/354 567/625/413 451/493/351
f 566/627/414 565/626/181 568/628/415
f 449/491/349 566/627/414 568/628/415
f 451/493/351 566/627/414 449/491/349
f 449/491/349 568/628/415 448/490/348
f 448/490/348 568/628/415 569/629/416
f 568/628/415 570/630/181 569/629/416
f 568/628/415 565/626/181 570/630/181
f 572/631/417 570/630/181 565/626/181
f 571/632/418 1063/633/181 570/630/181
f 572/631/417 571/632/418 570/630/181
f 569/629/416 570/630/181 1063/633/181
f 574/634/419 569/629/416 573/635/420
f 574/634/419 573/635/420 571/632/418
f 446/489/347 574/634/419 575/636/421
f 575/636/421 574/634/419 571/632/418
f 446/489/347 448/490/348 574/634/419
f 448/490/348 569/629/416 574/634/419
f 444/487/345 575/636/421 576/637/422
f 576/637/422 575/636/421 572/631/417
f 575/636/421 571/632/418 572/631/417
f 444/487/345 446/489/347 575/636/421
f 441/483/341 576/637/422 440/482/340
f 440/482/340 576/637/422 563/623/412
f 576/637/422 572/631/417 563/623/412
f 441/483/341 444/487/345 576/637/422
f 563/623/412 572/631/417 565/626/181
f 561/621/181 457/501/157 459/504/359
f 462/507/362 1039/389/287 352/387/285
f 364/638/423 1039/389/287 462/507/362
f 456/502/357 364/638/423 462/507/362
f 366/500/151 364/638/423 456/502/357
f 414/451/318 438/479/337 434/474/333
f 414/451/318 412/448/12 438/479/337
f 418/454/321 434/474/333 426/462/210
f 418/454/321 414/451/318 434/474/333
f 425/463/36 428/465/326 424/461/36
f 369/406/299 367/404/297 404/442/316
f 381/419/304 372/410/2 382/420/2
f 382/420/2 372/410/2 373/409/300
f 359/396/2 361/398/2 372/410/2
f 346/382/280 307/339/248 342/376/274
f 341/375/273 306/336/112 330/362/31
f 341/375/273 307/339/248 306/336/112
f 332/366/264 341/375/273 330/362/31
f 330/362/31 306/336/112 324/355/256
f 306/336/112 308/338/111 324/355/256
f 1068/639/424 577/640/424 1065/641/425
f 577/640/424 1068/639/424 579/642/426
f 1067/643/425 1065/641/425 577/640/424
f 1066/644/427 580/645/427 1069/646/427
f 578/647/428 581/648/429 583/649/2
f 581/648/429 1070/650/430 583/649/2
f 1082/651/431 1088/652/432 583/649/2
f 1070/650/430 1082/651/431 583/649/2
f 1072/653/433 1071/654/434 583/649/2
f 1073/655/435 1072/653/433 583/649/2
f 1088/652/432 1087/656/436 583/649/2
f 1087/656/436 1086/657/437 583/649/2
f 1086/657/437 1079/658/438 583/649/2
f 1079/658/438 1076/659/439 583/649/2
f 1076/659/439 1073/655/435 583/649/2
f 1071/654/434 578/647/428 583/649/2
f 592/660/426 579/642/426 1068/639/424
f 579/642/426 592/660/426 593/661/440
f 585/662/440 593/661/440 592/660/426
f 593/661/440 585/662/440 1075/663/441
f 1074/664/441 1075/663/441 585/662/440
f 594/665/442 591/666/442 1078/667/442
f 1077/668/442 1078/667/442 591/666/442
f 595/669/443 590/670/443 1081/671/443
f 1080/672/443 1081/671/443 590/670/443
f 596/673/444 589/674/445 597/675/446
f 587/676/446 597/675/446 589/674/445
f 597/675/446 587/676/446 598/677/447
f 586/678/447 598/677/447 587/676/446
f 598/677/447 586/678/447 599/679/448
f 588/680/448 599/679/448 586/678/447
f 599/679/448 588/680/448 1084/681/449
f 1083/682/449 1084/681/449 588/680/448
f 600/683/450 584/684/450 1085/685/450
f 601/686/427 1069/646/427 580/645/427
f 582/687/450 1085/685/450 584/684/450
f 1112/688/425 1091/689/425 602/690/424
f 1090/691/451 602/690/424 1091/689/425
f 602/690/424 1090/691/451 605/692/452
f 606/693/453 1092/694/454 607/695/2
f 1089/696/434 606/693/453 607/695/2
f 608/697/452 605/692/452 1090/691/451
f 1093/698/455 1089/696/434 607/695/2
f 605/692/452 608/697/452 609/699/440
f 610/700/440 609/699/440 608/697/452
f 609/699/440 610/700/440 1096/701/456
f 1094/702/456 1096/701/456 610/700/440
f 1095/703/457 1093/698/455 607/695/2
f 1097/704/458 1095/703/457 607/695/2
f 611/705/459 612/706/459 1099/707/459
f 1098/708/459 1099/707/459 612/706/459
f 613/709/443 614/710/443 1102/711/443
f 1100/712/443 1102/711/443 614/710/443
f 616/713/460 1097/704/458 607/695/2
f 615/714/461 1101/715/461 617/716/462
f 1103/717/462 617/716/462 1101/715/461
f 618/718/463 616/713/460 607/695/2
f 617/716/462 1103/717/462 619/719/464
f 1104/720/464 619/719/464 1103/717/462
f 620/721/465 618/718/463 607/695/2
f 1105/722/466 620/721/465 607/695/2
f 619/719/464 1104/720/464 621/723/467
f 622/724/467 621/723/467 1104/720/464
f 621/723/467 622/724/467 1110/725/468
f 1106/726/468 1110/725/468 622/724/467
f 1107/727/469 1105/722/466 607/695/2
f 1108/728/470 1107/727/469 607/695/2
f 1109/729/450 1111/730/450 624/731/450
f 623/732/450 624/731/450 1111/730/450
f 626/733/471 625/734/471 603/735/471
f 1092/694/454 1108/728/470 607/695/2
f 604/736/427 603/735/471 625/734/471
f 627/737/424 1114/738/424 628/739/426
f 1136/740/425 1115/741/425 627/737/424
f 1114/738/424 627/737/424 1115/741/425
f 631/742/472 630/743/473 632/744/2
f 1113/745/474 631/742/472 632/744/2
f 633/746/475 628/739/426 1114/738/424
f 1117/747/476 1113/745/474 632/744/2
f 628/739/426 633/746/475 634/748/440
f 635/749/440 634/748/440 633/746/475
f 634/748/440 635/749/440 1122/750/456
f 1118/751/477 1122/750/456 635/749/440
f 637/752/457 1117/747/476 632/744/2
f 1120/753/442 1123/754/442 1119/755/442
f 638/756/458 637/752/457 632/744/2
f 636/757/442 1119/755/442 1123/754/442
f 639/758/443 1121/759/443 1126/760/443
f 1124/761/443 1126/760/443 1121/759/443
f 640/762/445 1125/763/478 642/764/446
f 1127/765/446 642/764/446 1125/763/478
f 642/764/446 1127/765/446 643/766/447
f 644/767/479 641/768/460 632/744/2
f 1128/769/480 644/767/479 632/744/2
f 645/770/447 643/766/447 1127/765/446
f 643/766/447 645/770/447 646/771/448
f 1129/772/448 646/771/448 645/770/447
f 647/773/466 1128/769/480 632/744/2
f 646/771/448 1129/772/448 1132/774/449
f 1130/775/449 1132/774/449 1129/772/448
f 649/776/481 647/773/466 632/744/2
f 648/777/450 1131/778/450 1135/779/450
f 1133/780/450 1135/779/450 1131/778/450
f 651/781/482 649/776/481 632/744/2
f 650/782/427 1134/783/427 629/784/427
f 1116/785/427 629/784/427 1134/783/427
f 630/743/473 651/781/482 632/744/2
f 641/768/460 638/756/458 632/744/2
f 1138/786/451 652/787/424 1139/788/425
f 1160/789/425 1139/788/425 652/787/424
f 652/787/424 1138/786/451 654/790/483
f 656/791/484 1140/792/485 657/793/486
f 1137/794/487 656/791/484 657/793/486
f 658/795/483 654/790/483 1138/786/451
f 1141/796/488 1137/794/487 657/793/486
f 654/790/483 658/795/483 659/797/440
f 660/798/440 659/797/440 658/795/483
f 659/797/440 660/798/440 1144/799/489
f 1142/800/489 1144/799/489 660/798/440
f 1143/801/490 1141/796/488 657/793/486
f 1145/802/491 1143/801/490 657/793/486
f 661/803/442 662/804/442 1147/805/442
f 1146/806/442 1147/805/442 662/804/442
f 663/807/443 664/808/443 1151/809/443
f 1148/810/443 1151/809/443 664/808/443
f 666/811/492 1145/802/491 657/793/486
f 1150/812/462 668/813/462 1149/814/445
f 667/815/493 666/811/492 657/793/486
f 665/816/445 1149/814/445 668/813/462
f 668/813/462 1150/812/462 669/817/464
f 669/817/464 1152/818/464 670/819/467
f 1152/818/464 669/817/464 1150/812/462
f 1153/820/494 671/821/495 657/793/486
f 671/821/495 667/815/493 657/793/486
f 672/822/467 670/819/467 1152/818/464
f 1154/823/496 1153/820/494 657/793/486
f 1155/824/468 1156/825/468 672/822/467
f 670/819/467 672/822/467 1156/825/468
f 674/826/450 673/827/450 1159/828/450
f 675/829/471 1157/830/427 655/831/427
f 676/832/450 1159/828/450 673/827/450
f 1140/792/485 1158/833/497 657/793/486
f 1158/833/497 1154/823/496 657/793/486
f 653/834/427 655/831/427 1157/830/427
f 1161/835/498 1162/836/499 677/837/500
f 1184/838/501 677/837/500 1162/836/499
f 677/837/500 1184/838/501 680/839/502
f 1168/840/503 1166/841/503 681/842/503
f 1163/843/503 681/842/503 1166/841/503
f 1167/844/504 1164/845/505 685/846/506
f 683/847/507 682/848/507 684/849/508
f 678/850/509 1167/844/504 685/846/506
f 1182/851/510 1183/852/511 685/846/506
f 1183/852/511 1181/853/512 685/846/506
f 1171/854/513 1170/855/514 685/846/506
f 1174/856/515 1171/854/513 685/846/506
f 1169/857/516 679/858/517 685/846/506
f 1170/855/514 1169/857/516 685/846/506
f 1181/853/512 1177/859/518 685/846/506
f 1164/845/505 1182/851/510 685/846/506
f 1177/859/518 1174/856/515 685/846/506
f 679/858/517 678/850/509 685/846/506
f 693/860/519 694/861/519 688/862/502
f 694/861/519 693/860/519 1173/863/520
f 1172/864/520 1173/863/520 693/860/519
f 695/865/521 687/866/521 1176/867/521
f 1175/868/521 1176/867/521 687/866/521
f 696/869/522 692/870/522 1179/871/522
f 1178/872/522 1179/871/522 692/870/522
f 697/873/523 691/874/524 698/875/525
f 689/876/526 698/875/525 691/874/524
f 698/875/525 689/876/526 699/877/527
f 686/878/528 699/877/527 689/876/526
f 699/877/527 686/878/528 700/879/529
f 690/880/530 700/879/529 686/878/528
f 700/879/529 690/880/530 1180/881/531
f 1165/882/532 1180/881/531 690/880/530
f 701/883/533 684/849/508 682/848/507
f 680/839/502 688/862/502 694/861/519
f 688/862/502 680/839/502 1184/838/501
f 1188/884/534 1185/885/535 703/886/534
f 1187/887/536 703/886/534 1185/885/535
f 1186/888/537 1189/889/537 704/890/537
f 705/891/538 707/892/2 702/893/481
f 702/893/481 707/892/2 1190/894/539
f 1207/895/540 707/892/2 1200/896/541
f 1208/897/542 707/892/2 1207/895/540
f 1194/898/480 707/892/2 705/891/538
f 1193/899/543 707/892/2 1194/898/480
f 1206/900/544 707/892/2 1208/897/542
f 1203/901/545 707/892/2 1206/900/544
f 1200/896/541 707/892/2 1197/902/439
f 1190/894/539 707/892/2 1203/901/545
f 1197/902/439 707/892/2 1191/903/546
f 1191/903/546 707/892/2 1193/899/543
f 716/904/547 709/905/548 717/906/547
f 717/906/547 1195/907/549 716/904/547
f 1192/908/550 716/904/547 1195/907/549
f 718/909/551 1196/910/551 715/911/551
f 1198/912/551 715/911/551 1196/910/551
f 719/913/552 1199/914/552 714/915/552
f 1201/916/552 714/915/552 1199/914/552
f 720/917/553 721/918/554 712/919/555
f 708/920/554 712/919/555 721/918/554
f 721/918/554 722/921/556 708/920/554
f 710/922/556 708/920/554 722/921/556
f 722/921/556 723/923/557 710/922/556
f 711/924/557 710/922/556 723/923/557
f 723/923/557 1202/925/558 711/924/557
f 1204/926/559 711/924/557 1202/925/558
f 724/927/560 1205/928/560 713/929/560
f 706/930/560 713/929/560 1205/928/560
f 725/931/537 704/890/537 1189/889/537
f 726/932/548 717/906/547 709/905/548
f 703/886/534 726/932/548 1188/884/534
f 709/905/548 1188/884/534 726/932/548
f 1214/933/561 1211/934/535 727/935/534
f 727/935/534 729/936/562 1214/933/561
f 1213/937/535 727/935/534 1211/934/535
f 1212/938/537 1209/939/563 730/940/563
f 731/941/469 733/942/2 1210/943/470
f 728/944/564 733/942/2 731/941/469
f 1230/945/472 733/942/2 1232/946/474
f 1232/946/474 733/942/2 1231/947/476
f 1231/947/476 733/942/2 1224/948/457
f 1227/949/454 733/942/2 1230/945/472
f 1224/948/457 733/942/2 1221/950/458
f 1221/950/458 733/942/2 1217/951/460
f 1210/943/470 733/942/2 1227/949/454
f 1217/951/460 733/942/2 1215/952/479
f 1216/953/480 733/942/2 728/944/564
f 1215/952/479 733/942/2 1216/953/480
f 742/954/547 740/955/562 743/956/547
f 743/956/547 1219/957/549 742/954/547
f 1218/958/549 742/954/547 1219/957/549
f 744/959/565 1220/960/565 739/961/565
f 745/962/552 1223/963/552 1222/964/552
f 738/965/565 739/961/565 1220/960/565
f 746/966/555 747/967/566 1225/968/555
f 737/969/552 1222/964/552 1223/963/552
f 747/967/566 748/970/567 735/971/566
f 735/971/566 1225/968/555 747/967/566
f 748/970/567 749/972/568 734/973/567
f 734/973/567 735/971/566 748/970/567
f 749/972/568 1226/974/558 736/975/568
f 736/975/568 734/973/567 749/972/568
f 1228/976/558 736/975/568 1226/974/558
f 750/977/560 1229/978/560 741/979/560
f 732/980/560 741/979/560 1229/978/560
f 751/981/563 730/940/563 1209/939/563
f 729/936/562 743/956/547 740/955/562
f 740/955/562 1214/933/561 729/936/562
f 1235/982/535 752/983/534 1233/984/535
f 1236/985/534 1233/984/535 752/983/534
f 752/983/534 755/986/569 1236/985/534
f 1234/987/537 1237/988/537 753/989/537
f 754/990/466 758/991/2 756/992/570
f 756/992/570 758/991/2 1238/993/571
f 1254/994/472 758/991/2 1256/995/434
f 1256/995/434 758/991/2 1255/996/455
f 1255/996/455 758/991/2 1248/997/457
f 1251/998/429 758/991/2 1254/994/472
f 1248/997/457 758/991/2 1245/999/458
f 1245/999/458 758/991/2 1242/1000/460
f 1238/993/571 758/991/2 1251/998/429
f 1240/1001/463 758/991/2 1239/1002/465
f 1242/1000/460 758/991/2 1240/1001/463
f 1239/1002/465 758/991/2 754/990/466
f 755/986/569 768/1003/547 767/1004/548
f 767/1004/548 1236/985/534 755/986/569
f 764/1005/547 767/1004/548 768/1003/547
f 768/1003/547 1241/1006/549 764/1005/547
f 1243/1007/549 764/1005/547 1241/1006/549
f 769/1008/551 1244/1009/551 766/1010/551
f 1246/1011/551 766/1010/551 1244/1009/551
f 770/1012/552 1247/1013/552 763/1014/552
f 771/1015/555 772/1016/554 1249/1017/555
f 762/1018/552 763/1014/552 1247/1013/552
f 772/1016/554 773/1019/556 760/1020/554
f 760/1020/554 1249/1017/555 772/1016/554
f 773/1019/556 774/1021/557 759/1022/556
f 759/1022/556 760/1020/554 773/1019/556
f 774/1021/557 1250/1023/559 761/1024/557
f 761/1024/557 759/1022/556 774/1021/557
f 1252/1025/559 761/1024/557 1250/1023/559
f 775/1026/560 1253/1027/560 765/1028/560
f 757/1029/560 765/1028/560 1253/1027/560
f 776/1030/537 753/989/537 1237/988/537
f 1261/1031/535 777/1032/561 1257/1033/535
f 1262/1034/561 1257/1033/535 777/1032/561
f 777/1032/561 780/1035/572 1262/1034/561
f 1258/1036/573 783/1037/574 1259/1038/497
f 781/1039/537 1260/1040/537 778/1041/537
f 779/1042/575 783/1037/574 1258/1036/573
f 1279/1043/576 783/1037/574 1280/1044/577
f 1280/1044/577 783/1037/574 1276/1045/578
f 1276/1045/578 783/1037/574 1266/1046/579
f 1272/1047/580 783/1037/574 1279/1043/576
f 1259/1038/497 783/1037/574 1272/1047/580
f 1264/1048/491 783/1037/574 1268/1049/581
f 1268/1049/581 783/1037/574 1278/1050/582
f 1278/1050/582 783/1037/574 1277/1051/583
f 1277/1051/583 783/1037/574 779/1042/575
f 1266/1046/579 783/1037/574 1264/1048/491
f 1265/1052/551 1269/1053/551 1263/1054/551
f 793/1055/552 1270/1056/552 792/1057/552
f 1267/1058/552 792/1057/552 1270/1056/552
f 794/1059/555 795/1060/566 791/1061/555
f 785/1062/566 791/1061/555 795/1060/566
f 795/1060/566 796/1063/567 785/1062/566
f 796/1063/567 797/1064/568 784/1065/567
f 784/1065/567 785/1062/566 796/1063/567
f 797/1064/568 1271/1066/558 786/1067/568
f 786/1067/568 784/1065/567 797/1064/568
f 798/1068/560 1274/1069/560 1273/1070/560
f 787/1071/558 786/1067/568 1271/1066/558
f 799/1072/563 778/1041/537 1260/1040/537
f 782/1073/560 1273/1070/560 1274/1069/560
f 1275/1074/551 1263/1054/551 1269/1053/551
f 801/1075/547 800/1076/549 789/1077/547
f 788/1078/584 789/1077/547 800/1076/549
f 780/1035/572 801/1075/547 790/1079/572
f 789/1077/547 790/1079/572 801/1075/547
f 790/1079/572 1262/1034/561 780/1035/572
f 1284/1080/501 1282/1081/499 802/1082/585
f 802/1082/585 804/1083/502 1284/1080/501
f 1281/1084/498 802/1082/585 1282/1081/499
f 1283/1085/503 1285/1086/503 805/1087/503
f 803/1088/586 808/1089/587 806/1090/588
f 806/1090/588 808/1089/587 1286/1091/589
f 1302/1092/590 808/1089/587 1303/1093/591
f 1303/1093/591 808/1089/587 1304/1094/592
f 1304/1094/592 808/1089/587 1296/1095/593
f 1296/1095/593 808/1089/587 1293/1096/594
f 1299/1097/595 808/1089/587 1302/1092/590
f 1286/1091/589 808/1089/587 1299/1097/595
f 1293/1096/594 808/1089/587 1290/1098/596
f 1290/1098/596 808/1089/587 1288/1099/597
f 1288/1099/597 808/1089/587 1287/1100/598
f 1287/1100/598 808/1089/587 803/1088/586
f 804/1083/502 818/1101/519 817/1102/502
f 817/1102/502 1284/1080/501 804/1083/502
f 814/1103/519 817/1102/502 818/1101/519
f 818/1101/519 1289/1104/520 814/1103/519
f 819/1105/521 1292/1106/521 1291/1107/521
f 813/1108/520 814/1103/519 1289/1104/520
f 1294/1109/521 1291/1107/521 1292/1106/521
f 820/1110/522 1295/1111/522 816/1112/522
f 1297/1113/522 816/1112/522 1295/1111/522
f 821/1114/523 822/1115/599 811/1116/600
f 822/1115/599 823/1117/601 810/1118/602
f 810/1118/602 811/1116/600 822/1115/599
f 823/1117/601 824/1119/529 809/1120/528
f 809/1120/528 810/1118/602 823/1117/601
f 815/1121/603 809/1120/528 824/1119/529
f 824/1119/529 1298/1122/604 815/1121/603
f 1300/1123/605 815/1121/603 1298/1122/604
f 825/1124/606 1301/1125/507 812/1126/607
f 826/1127/503 805/1087/503 1285/1086/503
f 807/1128/507 812/1126/607 1301/1125/507
f 828/1129/608 829/1130/609 827/1131/610
f 827/1131/610 829/1130/609 830/1132/611
f 829/1130/609 831/1133/612 830/1132/611
f 831/1133/612 832/1134/613 830/1132/611
f 832/1134/613 833/1135/614 830/1132/611
f 833/1135/614 834/1136/615 830/1132/611
f 834/1136/615 835/1137/616 830/1132/611
f 835/1137/616 836/1138/617 830/1132/611
f 836/1138/617 837/1139/618 830/1132/611
f 838/1140/619 837/1139/618 836/1138/617
f 838/1140/619 839/1141/620 837/1139/618
f 840/1142/621 839/1141/620 838/1140/619
f 840/1142/621 841/1143/622 839/1141/620
f 842/1144/623 841/1143/622 840/1142/621
f 842/1144/623 843/1145/624 841/1143/622
f 844/1146/625 843/1145/624 842/1144/623
f 844/1146/625 845/1147/626 843/1145/624
f 846/1148/627 845/1147/626 844/1146/625
f 846/1148/627 847/1149/628 845/1147/626
f 848/1150/629 847/1149/628 846/1148/627
f 848/1150/629 849/1151/630 847/1149/628
f 850/1152/631 849/1151/630 848/1150/629
f 850/1152/631 851/1153/632 849/1151/630
f 852/1154/633 851/1153/632 850/1152/631
f 852/1154/633 854/1155/634 853/1156/635
f 852/1154/633 855/1157/636 854/1155/634
f 852/1154/633 856/1158/637 855/1157/636
f 852/1154/633 857/1159/638 856/1158/637
f 852/1154/633 858/1160/639 857/1159/638
f 852/1154/633 859/1161/640 858/1160/639
f 852/1154/633 850/1152/631 859/1161/640
f 858/1160/639 859/1161/640 860/1162/641
f 859/1161/640 848/1150/629 860/1162/641
f 859/1161/640 850/1152/631 848/1150/629
f 862/1163/642 860/1162/641 861/1164/643
f 860/1162/641 846/1148/627 861/1164/643
f 860/1162/641 848/1150/629 846/1148/627
f 858/1160/639 860/1162/641 862/1163/642
f 864/1165/644 862/1163/642 863/1166/645
f 862/1163/642 861/1164/643 863/1166/645
f 857/1159/638 862/1163/642 864/1165/644
f 857/1159/638 858/1160/639 862/1163/642
f 856/1158/637 857/1159/638 864/1165/644
f 856/1158/637 864/1165/644 865/1167/646
f 865/1167/646 864/1165/644 866/1168/647
f 864/1165/644 863/1166/645 866/1168/647
f 865/1167/646 866/1168/647 867/1169/648
f 867/1169/648 866/1168/647 868/1170/649
f 866/1168/647 869/1171/650 868/1170/649
f 866/1168/647 863/1166/645 869/1171/650
f 868/1170/649 869/1171/650 870/1172/651
f 863/1166/645 872/1173/652 869/1171/650
f 869/1171/650 871/1174/653 870/1172/651
f 869/1171/650 872/1173/652 871/1174/653
f 872/1173/652 842/1144/623 871/1174/653
f 872/1173/652 844/1146/625 842/1144/623
f 863/1166/645 861/1164/643 872/1173/652
f 861/1164/643 844/1146/625 872/1173/652
f 870/1172/651 871/1174/653 873/1175/654
f 871/1174/653 840/1142/621 873/1175/654
f 871/1174/653 842/1144/623 840/1142/621
f 870/1172/651 873/1175/654 874/1176/655
f 874/1176/655 873/1175/654 875/1177/656
f 873/1175/654 838/1140/619 875/1177/656
f 873/1175/654 840/1142/621 838/1140/619
f 874/1176/655 875/1177/656 876/1178/657
f 876/1178/657 875/1177/656 835/1137/616
f 875/1177/656 836/1138/617 835/1137/616
f 875/1177/656 838/1140/619 836/1138/617
f 877/1179/658 874/1176/655 876/1178/657
f 877/1179/658 876/1178/657 878/1180/659
f 878/1180/659 876/1178/657 834/1136/615
f 876/1178/657 835/1137/616 834/1136/615
f 879/1181/660 878/1180/659 880/1182/661
f 879/1181/660 877/1179/658 878/1180/659
f 880/1182/661 878/1180/659 833/1135/614
f 878/1180/659 834/1136/615 833/1135/614
f 882/1183/662 880/1182/661 881/1184/663
f 881/1184/663 880/1182/661 832/1134/613
f 880/1182/661 833/1135/614 832/1134/613
f 882/1183/662 879/1181/660 880/1182/661
f 884/1185/664 882/1183/662 883/1186/665
f 883/1186/665 882/1183/662 881/1184/663
f 884/1185/664 885/1187/666 882/1183/662
f 885/1187/666 879/1181/660 882/1183/662
f 886/1188/667 885/1187/666 884/1185/664
f 886/1188/667 887/1189/668 885/1187/666
f 885/1187/666 888/1190/669 879/1181/660
f 887/1189/668 888/1190/669 885/1187/666
f 887/1189/668 889/1191/670 888/1190/669
f 888/1190/669 877/1179/658 879/1181/660
f 889/1191/670 890/1192/671 888/1190/669
f 888/1190/669 890/1192/671 877/1179/658
f 889/1191/670 868/1170/649 890/1192/671
f 868/1170/649 870/1172/651 890/1192/671
f 890/1192/671 870/1172/651 874/1176/655
f 890/1192/671 874/1176/655 877/1179/658
f 891/1193/672 867/1169/648 889/1191/670
f 891/1193/672 889/1191/670 887/1189/668
f 867/1169/648 868/1170/649 889/1191/670
f 893/1194/673 891/1193/672 892/1195/674
f 892/1195/674 891/1193/672 887/1189/668
f 893/1194/673 894/1196/675 891/1193/672
f 894/1196/675 867/1169/648 891/1193/672
f 854/1155/634 855/1157/636 894/1196/675
f 854/1155/634 894/1196/675 893/1194/673
f 855/1157/636 865/1167/646 894/1196/675
f 894/1196/675 865/1167/646 867/1169/648
f 853/1156/635 893/1194/673 895/1197/676
f 895/1197/676 893/1194/673 892/1195/674
f 853/1156/635 854/1155/634 893/1194/673
f 895/1197/676 892/1195/674 896/1198/677
f 896/1198/677 886/1188/667 897/1199/678
f 896/1198/677 892/1195/674 886/1188/667
f 897/1199/678 884/1185/664 898/1200/679
f 897/1199/678 886/1188/667 884/1185/664
f 898/1200/679 883/1186/665 899/1201/680
f 898/1200/679 884/1185/664 883/1186/665
f 899/1201/680 900/1202/681 828/1129/608
f 899/1201/680 883/1186/665 900/1202/681
f 828/1129/608 900/1202/681 829/1130/609
f 900/1202/681 831/1133/612 829/1130/609
f 900/1202/681 881/1184/663 831/1133/612
f 883/1186/665 881/1184/663 900/1202/681
f 892/1195/674 887/1189/668 886/1188/667
f 881/1184/663 832/1134/613 831/1133/612
f 855/1157/636 856/1158/637 865/1167/646
f 861/1164/643 846/1148/627 844/1146/625
f 902/1203/682 901/1204/683 905/1205/684
f 902/1203/682 903/1206/685 901/1204/683
f 903/1206/685 904/1207/686 901/1204/683
f 901/1204/683 904/1207/686 906/1208/687
f 905/1205/684 901/1204/683 906/1208/687
f 905/1205/684 906/1208/687 907/1209/688
f 906/1208/687 904/1207/686 908/1210/689
f 907/1209/688 906/1208/687 908/1210/689
f 907/1209/688 908/1210/689 909/1211/690
f 908/1210/689 904/1207/686 910/1212/691
f 909/1211/690 908/1210/689 910/1212/691
f 910/1212/691 904/1207/686 912/1213/692
f 909/1211/690 910/1212/691 911/1214/693
f 911/1214/693 910/1212/691 912/1213/692
f 911/1214/693 912/1213/692 913/1215/694
f 913/1215/694 912/1213/692 914/1216/695
f 912/1213/692 904/1207/686 914/1216/695
f 913/1215/694 914/1216/695 915/1217/696
f 914/1216/695 904/1207/686 916/1218/697
f 915/1217/696 914/1216/695 916/1218/697
f 916/1218/697 904/1207/686 917/1219/698
f 915/1217/696 916/1218/697 918/1220/699
f 918/1220/699 916/1218/697 917/1219/698
f 919/1221/700 915/1217/696 918/1220/699
f 918/1220/699 917/1219/698 920/1222/701
f 919/1221/700 918/1220/699 921/1223/702
f 921/1223/702 918/1220/699 920/1222/701
f 922/1224/703 919/1221/700 921/1223/702
f 921/1223/702 920/1222/701 923/1225/704
f 922/1224/703 921/1223/702 924/1226/705
f 924/1226/705 921/1223/702 923/1225/704
f 924/1226/705 923/1225/704 926/1227/706
f 925/1228/707 922/1224/703 924/1226/705
f 925/1228/707 924/1226/705 927/1229/708
f 927/1229/708 924/1226/705 926/1227/706
f 927/1229/708 926/1227/706 928/1230/709
f 929/1231/710 925/1228/707 927/1229/708
f 930/1232/711 927/1229/708 928/1230/709
f 929/1231/710 927/1229/708 930/1232/711
f 930/1232/711 928/1230/709 931/1233/712
f 932/1234/713 929/1231/710 930/1232/711
f 933/1235/714 930/1232/711 931/1233/712
f 932/1234/713 930/1232/711 933/1235/714
f 935/1236/715 932/1234/713 933/1235/714
f 933/1235/714 931/1233/712 934/1237/716
f 936/1238/717 933/1235/714 934/1237/716
f 935/1236/715 933/1235/714 936/1238/717
f 936/1238/717 934/1237/716 938/1239/718
f 937/1240/719 935/1236/715 936/1238/717
f 937/1240/719 936/1238/717 938/1239/718
f 937/1240/719 939/1241/720 941/1242/721
f 937/1240/719 940/1243/722 939/1241/720
f 937/1240/719 941/1242/721 942/1244/723
f 937/1240/719 942/1244/723 943/1245/724
f 937/1240/719 943/1245/724 944/1246/725
f 937/1240/719 944/1246/725 935/1236/715
f 943/1245/724 945/1247/726 944/1246/725
f 944/1246/725 945/1247/726 932/1234/713
f 944/1246/725 932/1234/713 935/1236/715
f 945/1247/726 929/1231/710 932/1234/713
f 945/1247/726 946/1248/727 929/1231/710
f 947/1249/728 946/1248/727 945/1247/726
f 943/1245/724 947/1249/728 945/1247/726
f 942/1244/723 947/1249/728 943/1245/724
f 942/1244/723 948/1250/729 947/1249/728
f 948/1250/729 949/1251/730 947/1249/728
f 947/1249/728 949/1251/730 946/1248/727
f 948/1250/729 950/1252/731 949/1251/730
f 950/1252/731 951/1253/732 949/1251/730
f 949/1251/730 951/1253/732 952/1254/733
f 949/1251/730 952/1254/733 946/1248/727
f 951/1253/732 953/1255/734 952/1254/733
f 946/1248/727 952/1254/733 925/1228/707
f 952/1254/733 953/1255/734 922/1224/703
f 952/1254/733 922/1224/703 925/1228/707
f 951/1253/732 954/1256/735 953/1255/734
f 954/1256/735 955/1257/736 953/1255/734
f 953/1255/734 955/1257/736 919/1221/700
f 953/1255/734 919/1221/700 922/1224/703
f 954/1256/735 956/1258/737 955/1257/736
f 956/1258/737 913/1215/694 955/1257/736
f 955/1257/736 913/1215/694 915/1217/696
f 955/1257/736 915/1217/696 919/1221/700
f 957/1259/738 958/1260/739 956/1258/737
f 957/1259/738 956/1258/737 954/1256/735
f 958/1260/739 911/1214/693 956/1258/737
f 956/1258/737 911/1214/693 913/1215/694
f 960/1261/740 959/1262/741 958/1260/739
f 959/1262/741 909/1211/690 958/1260/739
f 958/1260/739 909/1211/690 911/1214/693
f 960/1261/740 958/1260/739 957/1259/738
f 962/1263/742 961/1264/743 960/1261/740
f 961/1264/743 959/1262/741 960/1261/740
f 962/1263/742 960/1261/740 963/1265/744
f 963/1265/744 960/1261/740 957/1259/738
f 964/1266/745 962/1263/742 963/1265/744
f 964/1266/745 963/1265/744 965/1267/746
f 965/1267/746 963/1265/744 966/1268/747
f 963/1265/744 957/1259/738 966/1268/747
f 965/1267/746 966/1268/747 950/1252/731
f 950/1252/731 966/1268/747 951/1253/732
f 966/1268/747 957/1259/738 954/1256/735
f 966/1268/747 954/1256/735 951/1253/732
f 967/1269/748 964/1266/745 965/1267/746
f 967/1269/748 965/1267/746 968/1270/749
f 968/1270/749 965/1267/746 950/1252/731
f 939/1241/720 968/1270/749 941/1242/721
f 939/1241/720 967/1269/748 968/1270/749
f 941/1242/721 968/1270/749 948/1250/729
f 968/1270/749 950/1252/731 948/1250/729
f 940/1243/722 969/1271/750 967/1269/748
f 969/1271/750 964/1266/745 967/1269/748
f 940/1243/722 967/1269/748 939/1241/720
f 969/1271/750 970/1272/751 964/1266/745
f 970/1272/751 962/1263/742 964/1266/745
f 970/1272/751 971/1273/752 962/1263/742
f 971/1273/752 961/1264/743 962/1263/742
f 971/1273/752 972/1274/753 961/1264/743
f 972/1274/753 973/1275/754 961/1264/743
f 972/1274/753 974/1276/755 973/1275/754
f 974/1276/755 905/1205/684 973/1275/754
f 974/1276/755 902/1203/682 905/1205/684
f 973/1275/754 905/1205/684 907/1209/688
f 973/1275/754 907/1209/688 959/1262/741
f 961/1264/743 973/1275/754 959/1262/741
f 959/1262/741 907/1209/688 909/1211/690
f 941/1242/721 948/1250/729 942/1244/723
f 946/1248/727 925/1228/707 929/1231/710
f 975/1277/2 979/1278/2 976/1279/2
f 977/1280/2 978/1281/2 975/1277/2
f 978/1281/2 979/1278/2 975/1277/2
f 979/1278/2 1305/1282/2 976/1279/2
f 980/1283/36 1306/1284/36 981/1285/36
f 976/1279/2 1305/1282/2 982/1286/2
f 1306/1284/36 983/1287/36 981/1285/36
f 984/1288/2 978/1281/2 977/1280/2
f 1309/1289/2 984/1288/2 977/1280/2
f 1307/1290/2 984/1288/2 1309/1289/2
f 1310/1291/36 985/1292/36 1308/1293/36
f 988/1294/2 986/1295/2 987/1296/2
f 993/1297/2 989/1298/756 990/1299/2
f 990/1299/2 989/1298/756 1313/1300/2
f 989/1298/756 1311/1301/756 1313/1300/2
f 995/1302/2 993/1297/2 994/1303/2
f 994/1303/2 993/1297/2 990/1299/2
f 991/1304/36 1314/1305/36 1312/1306/36
f 992/1307/2 997/1308/2 996/1309/2
f 996/1309/2 997/1308/2 1318/1310/2
f 997/1308/2 1315/1311/757 1318/1310/2
f 1316/1312/2 1001/1313/2 1317/1314/2
f 998/1315/36 1000/1316/36 999/1317/36
f 1317/1314/2 1001/1313/2 1002/1318/2
